frequency_hz,order,method,noise,trial,internal_error_power,external_power,internal_power,true_power,residual_power,ie_db,leakage_db,error_db
3000,5,balanced,40dB,3.5,2.6307465080886537e-06,3.2178865331926097e-06,0.0595974926652545,0.0596408615839275,9.467862605095854e-05,42.67657262606117,42.679731824796335,-43.554649061203534
3000,5,balanced,60dB,3.5,2.6307620025429968e-08,3.217914172943458e-08,0.0596362920876451,0.0596408615839275,9.467788581372848e-07,62.67936176602078,62.67969452161737,-63.554623482394696
3000,5,balanced,clean,0.0,2.7505052899322872e-14,1.2947012826714377e-15,0.0596408662090835,0.0596408615839275,7.799049150055261e-14,136.63374364150565,136.63374330470975,-123.3613142418496
3000,5,legacy,40dB,3.5,3.2825514613210595e-06,4.176778274549605e-06,0.0596716340936252,0.0596408615839275,9.466927741835204e-05,41.54926509826686,41.547024874998286,-42.59332365381772
3000,5,legacy,60dB,3.5,3.282501926572991e-08,4.176758950170221e-08,0.0596436385563666,0.0596408615839275,9.466931696259268e-07,61.547247177856725,61.54704496821415,-62.59338919073411
3000,5,legacy,clean,0.0,3.0470336956973795e-14,5.964585951970496e-15,0.0596408561968426,0.0596408615839275,6.626243173086185e-14,129.99963568189492,129.99963607417317,-122.9166665182656
3000,8,balanced,40dB,3.5,5.978280090298562e-06,6.599669429645739e-06,0.0595990971744575,0.0596408615839275,8.550854822600548e-05,39.55717498220592,39.560217259895936,-39.9896765028346
3000,8,balanced,60dB,3.5,5.978280067159486e-08,6.599669453123003e-08,0.0596361471004233,0.0596408615839275,8.5508548220208e-07,59.55987393030845,59.560217244446605,-59.98967651964407
3000,8,balanced,clean,0.0,3.035966770079742e-20,6.546888544411188e-21,0.0596408615868732,0.0596408615839275,7.723493779508228e-20,189.5950896128792,189.59508961266468,-182.93246895016495
3000,8,legacy,40dB,3.5,8.428431745739396e-06,9.659868093658176e-06,0.0596362879605422,0.0596408615839275,8.53479643305676e-05,37.90539406990293,37.90572712605109,-38.49797134526203
3000,8,legacy,60dB,3.5,8.428431124891963e-08,9.659867235200478e-08,0.0596396456669938,0.0596408615839275,8.534796486117246e-07,57.90563897012251,57.90572751200197,-58.49797166516808
3000,8,legacy,clean,0.0,4.78701515046136e-20,2.215429900323797e-20,0.0596408615886699,0.0596408615839275,5.932714891264654e-20,184.3008589594,184.3008589590546,-180.95479106745944
3000,12,balanced,40dB,3.5,1.656065063098049e-05,1.5879051814065833e-05,0.0596061339800061,0.0596408615839275,6.684680767081538e-05,35.744663888136806,35.747193428962184,-35.564665134876584
3000,12,balanced,60dB,3.5,1.656065063098048e-07,1.5879051814066013e-07,0.0596358983649785,0.0596408615839275,6.684680767081506e-07,55.746832000867656,55.74719342896213,-55.56466513487659
3000,12,balanced,clean,0.0,7.298479971643109e-31,2.9500180812507096e-31,0.0596408615839275,0.0596408615839275,1.7905334356754316e-30,293.05719230868,293.05719230868,-289.123114881548
3000,12,legacy,40dB,3.5,2.5336317639353757e-05,2.4434952693732663e-05,0.0596378960068565,0.0596408615839275,6.73201880349292e-05,33.87510810806322,33.875324061646886,-33.71800413619455
3000,12,legacy,60dB,3.5,2.533631763935041e-07,2.4434952693732345e-07,0.0596382847576329,0.0596408615839275,6.73201880349292e-07,53.87513641754065,53.87532406164695,-53.71800413619512
3000,12,legacy,clean,0.0,8.332028578884677e-31,5.572222404795457e-31,0.0596408615839275,0.0596408615839275,1.3721772469789385e-30,290.2951546658532,290.2951546658532,-288.54793157822314
3250,5,balanced,40dB,3.5,2.5369616678831157e-06,2.1655546844274937e-06,0.0586690057773624,0.0586175451001247,9.409593682702526e-05,44.32839573617011,44.324584712753314,-43.637137209350726
3250,5,balanced,60dB,3.5,2.537089230037745e-08,2.16561519822598e-08,0.0586224622816424,0.0586175451001247,9.409562918255892e-07,64.32482765238296,64.32446335612462,-63.636918845203496
3250,5,balanced,clean,0.0,7.088540874527344e-14,2.1674364311607984e-15,0.0586175444769382,0.0586175451001247,1.9845837982063962e-13,134.32081252741878,134.3208125735904,-119.17470778284256
3250,5,legacy,40dB,3.5,3.402495564061971e-06,3.1977675743904665e-06,0.0586262058471937,0.0586175451001247,9.297283176418313e-05,42.63244894133837,42.63180731828594,-42.36230058579273
3250,5,legacy,60dB,3.5,3.4025480883923736e-08,3.197835084224011e-08,0.0586181067746956,0.0586175451001247,9.297172707640378e-07,62.63175724694306,62.63171563295229,-62.36223354426287
3250,5,legacy,clean,0.0,7.590425355788245e-14,1.1409313863678961e-14,0.0586175471268,0.0586175451001247,1.6838591572482162e-13,127.10768113779864,127.10768098764328,-118.87761512478264
3250,8,balanced,40dB,3.5,6.13302323176817e-06,5.06120611825165e-06,0.058681075415493,0.0586175451001247,8.453002779146129e-05,40.642440399520616,40.63773601885959,-39.80353016462615
3250,8,balanced,60dB,3.5,6.133023530850467e-08,5.0612062797513313e-08,0.0586233461531147,0.0586175451001247,8.453002827841049e-07,60.63816565614965,60.63773588027915,-59.8035299528386
3250,8,balanced,clean,0.0,1.0579951169691312e-19,1.6202101753539364e-20,0.058617545092948,0.0586175451001247,2.622824411755436e-19,185.5845627086859,185.5845627092176,-177.43543962974576
3250,8,legacy,40dB,3.5,7.992698532782436e-06,6.792037373679204e-06,0.0586409215839043,0.0586175451001247,8.366149219976442e-05,39.36200719954802,39.36027559272535,-38.65334193617136
3250,8,legacy,60dB,3.5,7.992699024682086e-08,6.792038361222574e-08,0.0586191633790651,0.0586175451001247,8.366149235795443e-07,59.36039485710167,59.36027496127328,-58.65334166889079
3250,8,legacy,clean,0.0,1.5932897262732697e-19,8.335727006417158e-20,0.0586175450705974,0.0586175451001247,2.0438141993944976e-19,178.47084142912192,178.47084143130957,-175.6573287048798
3250,12,balanced,40dB,3.5,1.5302170734649238e-05,1.6679941807146442e-05,0.0587399676256413,0.0586175451001247,6.599605323230064e-05,35.46739171685642,35.45833095110859,-35.832745829370175
3250,12,balanced,60dB,3.5,1.5302170734646832e-07,1.6679941807144137e-07,0.0586284101573104,0.0586175451001247,6.59960532323022e-07,55.45913586320778,55.45833095110919,-55.83274582937086
3250,12,balanced,clean,0.0,1.5010544028427215e-30,7.889061695344823e-31,0.0586175451001248,0.0586175451001247,3.177303038820365e-30,288.71002273836785,288.71002273836785,-285.9163119355149
3250,12,legacy,40dB,3.5,2.407305431240567e-05,2.469387746849038e-05,0.0586870283234882,0.0586175451001247,6.573149721556944e-05,33.75952830297388,33.75438337415482,-33.86496430581366
3250,12,legacy,60dB,3.5,2.407305431240473e-07,2.469387746848372e-07,0.058622326847573,0.0586175451001247,6.573149721556779e-07,53.75473763700143,53.75438337415599,-53.86496430581383
3250,12,legacy,clean,0.0,2.4195663011836636e-30,1.7978296234065754e-30,0.0586175451001248,0.0586175451001247,2.161415260929051e-30,285.13279094094105,285.13279094094105,-283.8429009906596
3500,5,balanced,40dB,3.5,2.863006329412134e-06,2.664102120940466e-06,0.0575498702878642,0.0575296100224906,9.262775134341196e-05,43.344934808192974,43.34340561784195,-43.03069121929478
3500,5,balanced,60dB,3.5,2.863053760445458e-08,2.6640077848406048e-08,0.0575313801403032,0.0575296100224906,9.262690559430616e-07,63.34369302983945,63.343559404638185,-63.03061927091939
3500,5,balanced,clean,0.0,1.712346878530544e-13,7.344350231980905e-15,0.0575296119797402,0.0575296100224906,4.711215834924034e-13,128.9393806584387,128.9393805106847,-115.26299683648936
3500,5,legacy,40dB,3.5,3.257531337086193e-06,2.6577726699800904e-06,0.0575594667251612,0.0575296100224906,9.270804129164168e-05,43.35598930411619,43.35373598835852,-42.47002827802898
3500,5,legacy,60dB,3.5,3.2576558463688215e-08,2.6578964976367716e-08,0.0575323160646266,0.0575296100224906,9.270780557590872e-07,63.35373792790116,63.35353365195903,-62.469862285271205
3500,5,legacy,clean,0.0,1.916953517106401e-13,2.966276256366326e-14,0.0575296250765091,0.0575296100224906,3.977724081004919e-13,122.87679948261022,122.87679834617347,-114.77279847975691
3500,8,balanced,40dB,3.5,6.234652163685138e-06,6.527728371658279e-06,0.0575433273634231,0.0575296100224906,8.352330325790653e-05,39.45232896266845,39.45129355579749,-39.65079201223759
3500,8,balanced,60dB,3.5,6.234652319843802e-08,6.527728117254104e-08,0.0575304206387247,0.0575296100224906,8.352330242911389e-07,59.451354918529766,59.45129372505442,-59.65079190346032
3500,8,balanced,clean,0.0,3.288606798389725e-19,5.018249057780643e-20,0.0575296100234174,0.0575296100224906,8.18918526273626e-19,180.5933921835021,180.5933921834321,-172.42879479817506
3500,8,legacy,40dB,3.5,8.071921126221937e-06,8.43748959801575e-06,0.0575556494223858,0.0575296100224906,8.380294290393174e-05,38.338747081637806,38.33678179643377,-38.52914520477015
3500,8,legacy,60dB,3.5,8.071919809815804e-08,8.437487560165569e-08,0.0575314875063665,0.0575296100224906,8.380294354747886e-07,58.33692457542911,58.33678284535618,-58.52914591303768
3500,8,legacy,clean,0.0,4.526181123988205e-19,2.2615877085508056e-19,0.0575296100411582,0.0575296100224906,6.4489710012698e-19,174.0547799506162,174.05477994920693,-171.04159500962467
3500,12,balanced,40dB,3.5,1.5137487173101682e-05,1.410882375188866e-05,0.05757134657935,0.0575296100224906,6.522564757537792e-05,36.10715579341013,36.1040062179996,-35.7983764192426
3500,12,balanced,60dB,3.5,1.5137487173105346e-07,1.4108823751895468e-07,0.0575324213043309,0.0575296100224906,6.522564757537864e-07,56.10421843816717,56.10400621799749,-55.79837641924155
3500,12,balanced,clean,0.0,4.981307077858606e-30,2.8072988861851648e-30,0.0575296100224907,0.0575296100224906,7.794630926270689e-30,283.11602776713954,283.11602776713954,-280.6254811497892
3500,12,legacy,40dB,3.5,2.3054599569073097e-05,2.105478633107147e-05,0.0575544526627806,0.0575296100224906,6.581933311863611e-05,34.36728089719561,34.36540591615832,-33.97133846628625
3500,12,legacy,60dB,3.5,2.305459956906276e-07,2.105478633106724e-07,0.0575300193725584,0.0575296100224906,6.581933311863259e-07,54.365436818131776,54.3654059161592,-53.9713384662882
3500,12,legacy,clean,0.0,9.10568882416896e-30,8.092972183706105e-30,0.0575296100224907,0.0575296100224906,6.426156275162647e-30,278.5178338238702,278.5178338238701,-278.0057862533132
3750,5,balanced,40dB,3.5,2.902828558155445e-06,3.020894746165843e-06,0.0564336366771861,0.0563824811644714,9.116912535787255e-05,42.71402443954352,42.71008589621505,-42.88322796457212
3750,5,balanced,60dB,3.5,2.9026206039098496e-08,3.0205328617853675e-08,0.056387338335511,0.0563824811644714,9.116779957573448e-07,62.71098029986594,62.71060618512658,-62.88353909771227
3750,5,balanced,clean,0.0,3.894305964357907e-13,2.0852283652492802e-14,0.0563824843608807,0.0563824811644714,1.0538711723397778e-12,124.3199058413719,124.31990559516372,-111.60714113709987
3750,5,legacy,40dB,3.5,3.170133340768959e-06,3.407345708130412e-06,0.0563660379279258,0.0563824811644714,9.145560288080477e-05,42.18601309365262,42.18727984323027,-42.500666537885806
3750,5,legacy,60dB,3.5,3.17040926499429e-08,3.4065184831357365e-08,0.0563805419826782,0.0563824811644714,9.145736581797164e-07,62.18818496718865,62.188334338131135,-62.50028855014561
3750,5,legacy,clean,0.0,4.300922302382596e-13,9.526456670077768e-14,0.0563824705550157,0.0563824811644714,8.833279194429972e-13,117.72212705311136,117.7221278703206,-111.17582586547891
3750,8,balanced,40dB,3.5,6.423996606909264e-06,5.6722205707904575e-06,0.0564313293595424,0.0563824811644714,8.206593119009783e-05,39.97767170575865,39.97391072954528,-39.43338880615326
3750,8,balanced,60dB,3.5,6.423995820811318e-08,5.6722201273687255e-08,0.0563867878192516,0.0563824811644714,8.206592967325778e-07,59.97424278289982,59.97391106905184,-59.433389337595045
3750,8,balanced,clean,0.0,9.881683160711121e-19,1.2994260050470538e-19,0.0563824811588887,0.0563824811644714,2.37002284024612e-18,176.37392629523407,176.3739262956641,-167.5631325863
3750,8,legacy,40dB,3.5,7.313685798205512e-06,7.295820035261501e-06,0.0563728376365383,0.0563824811644714,8.26549883439668e-05,38.87995783643558,38.880700707108495,-38.87007884731699
3750,8,legacy,60dB,3.5,7.313685656304217e-08,7.29581885431505e-08,0.0563808586275277,0.0563824811644714,8.265498743116113e-07,58.88057642995474,58.880701410084406,-58.8700789315795
3750,8,legacy,clean,0.0,1.4222545653461509e-18,5.20208152881858e-19,0.0563824812173301,0.0563824811644714,1.885453042679261e-18,170.34967029576842,170.3496702916969,-165.98166846996466
3750,12,balanced,40dB,3.5,1.5188683030251788e-05,1.4946491704282776e-05,0.0564224089080732,0.0563824811644714,6.437744833384625e-05,35.76912358640725,35.76604918077925,-35.696240645041925
3750,12,balanced,60dB,3.5,1.5188683030245385e-07,1.49464917042757e-07,0.056385106957359,0.0563824811644714,6.43774483338512e-07,55.766251431690606,55.76604918078131,-55.69624064504375
3750,12,balanced,clean,0.0,2.200197975948575e-29,1.1735521240945269e-29,0.0563824811644715,0.0563824811644714,3.0706970592558925e-29,276.81641799656074,276.81641799656074,-274.086824226767
3750,12,legacy,40dB,3.5,2.0813021487235855e-05,2.2000057416277752e-05,0.0564020569072857,0.0563824811644714,6.476585194863721e-05,34.088711281529406,34.08720369240165,-34.328090509066804
3750,12,legacy,60dB,3.5,2.0813021487225077e-07,2.200005741626077e-07,0.056382565566819,0.0563824811644714,6.476585194863927e-07,54.08721019361701,54.087203692405,-54.32809050906905
3750,12,legacy,clean,0.0,4.057914329861204e-29,2.918862421825e-29,0.0563824811644715,0.0563824811644714,2.5177651721950387e-29,272.8593055813812,272.8593055813812,-271.4284130946829
4000,5,balanced,40dB,3.5,2.594191599726549e-06,2.6573298676974164e-06,0.0551952901431914,0.0551815005324882,9.278364206653396e-05,43.17456551715039,43.1734803702041,-43.2779145722465
4000,5,balanced,60dB,3.5,2.5940118685793625e-08,2.6571197407435523e-08,0.0551826520705507,0.0551815005324882,9.278224267254792e-07,63.17391442830116,63.17382379984719,-63.278215471183714
4000,5,balanced,clean,0.0,8.259928413350334e-13,4.4130767208305466e-14,0.0551815072622402,0.0551815005324882,2.24058236855352e-12,120.97052081224211,120.97052028259108,-108.24817222512024
4000,5,legacy,40dB,3.5,3.2461766759522354e-06,2.722006561030531e-06,0.0551519345876397,0.0551815005324882,9.268552341321382e-05,43.06671583296882,43.06904338254494,-42.30421352948022
4000,5,legacy,60dB,3.5,3.2469060789584616e-08,2.7203501758482577e-08,0.0551782601465101,0.0551815005324882,9.26858814002194e-07,63.07143190407429,63.07168693937725,-62.30323779664583
4000,5,legacy,clean,0.0,8.881991890118807e-13,1.687278976017042e-13,0.0551815098190581,0.0551815005324882,1.8663962683251837e-12,115.14606683906308,115.14606610818304,-107.93283133634944
4000,8,balanced,40dB,3.5,6.266686671822562e-06,5.959434549826752e-06,0.0552104130152,0.0551815005324882,8.372040071346448e-05,39.66815941551679,39.66588451483187,-39.44755524986141
4000,8,balanced,60dB,3.5,6.266687915958769e-08,5.959435240681104e-08,0.0551838277631861,0.0551815005324882,8.372039775664636e-07,59.66606716734326,59.66588401137099,-59.44755438764911
4000,8,balanced,clean,0.0,2.7505371358541516e-18,3.920198493740352e-19,0.0551815005149491,0.0551815005324882,6.41780417215266e-18,171.48485448325624,171.4848544846366,-163.02375993061742
4000,8,legacy,40dB,3.5,7.574541013719295e-06,6.881267263742831e-06,0.0551654278230978,0.0551815005324882,8.365803333762809e-05,39.03998564724711,39.041250800550586,-38.62437184433482
4000,8,legacy,60dB,3.5,7.574542436797746e-08,6.881273296676873e-08,0.0551792114661096,0.0551815005324882,8.365803839044156e-07,59.04106683308423,59.04124699301235,-58.62437102839751
4000,8,legacy,clean,0.0,3.7509599901292144e-18,1.75220752788721e-18,0.0551815004360852,0.0551815005324882,5.155771587945711e-18,164.98207963341414,164.98207964100135,-161.67651074187788
4000,12,balanced,40dB,3.5,1.5307850238358683e-05,1.616260393800118e-05,0.055224106993769,0.0551815005324882,6.529905836368101e-05,35.3361737105782,35.33282175185784,-35.568793012013714
4000,12,balanced,60dB,3.5,1.5307850238362454e-07,1.616260393801266e-07,0.0551843834720948,0.0551815005324882,6.52990583636927e-07,55.33304864167209,55.33282175185476,-55.56879301201264
4000,12,balanced,clean,0.0,9.450652725378095e-29,5.16960483004683e-29,0.0551815005324882,0.0551815005324882,1.2739298613765572e-28,270.2833615948924,270.2833615948924,-267.6633170110049
4000,12,legacy,40dB,3.5,2.070589704044829e-05,2.201199324358033e-05,0.0551779254334566,0.0551815005324882,6.459020207620476e-05,33.99105997113633,33.99134135095842,-34.256994557693574
4000,12,legacy,60dB,3.5,2.070589704047148e-07,2.2011993243541735e-07,0.0551792794918517,0.0551815005324882,6.459020207620954e-07,53.991166545080745,53.99134135096603,-54.25699455768871
4000,12,legacy,clean,0.0,1.4694804307273255e-28,1.4149832633521672e-28,0.0551815005324885,0.0551815005324882,1.039377709557941e-28,265.91042202945226,265.91042202945226,-265.7462969904359
4250,5,balanced,40dB,3.5,2.605026682149458e-06,2.6375316150176354e-06,0.0539537455024133,0.0539319846360787,9.262081029684974e-05,43.1082392500916,43.106487280802135,-43.16034226181458
4250,5,balanced,60dB,3.5,2.6045800081888448e-08,2.637064877774992e-08,0.0539339263376575,0.0539319846360787,9.262204577257004e-07,63.107412231033486,63.10725587574503,-63.16108699380037
4250,5,balanced,clean,0.0,1.7159095839981568e-12,9.657736579195033e-14,0.0539319847175873,0.0539319846360787,4.556380633996365e-12,117.46971047212378,117.4697104655602,-104.9735200218508
4250,5,legacy,40dB,3.5,3.52049950982963e-06,3.0271550759879523e-06,0.0538815387323014,0.0539319846360787,9.255678842854704e-05,42.50405319983864,42.508117324367625,-41.85242113942227
4250,5,legacy,60dB,3.5,3.5209978221802475e-08,3.0265203866578956e-08,0.0539266564808577,0.0539319846360787,9.256098406621506e-07,62.50859890661492,62.50902798459868,-61.85180645679358
4250,5,legacy,clean,0.0,1.9209358409389288e-12,3.6515687642741954e-13,0.0539320216103657,0.0539319846360787,3.782930323695272e-12,111.69367216426453,111.69366918686188,-104.48333542415752
4250,8,balanced,40dB,3.5,6.587322369665501e-06,7.483764137842475e-06,0.0539452669815614,0.0539319846360787,8.304436803842921e-05,38.578332552183824,38.57726310532778,-39.1313748471061
4250,8,balanced,60dB,3.5,6.587321972326318e-08,7.483764414922877e-08,0.0539327200167904,0.0539319846360787,8.304437110797313e-07,58.57732216164023,58.57726294453372,-59.13137510906721
4250,8,balanced,clean,0.0,7.174277122690647e-18,1.3355282820497078e-18,0.0539319846418349,0.0539319846360787,1.638632974273514e-17,166.06193312806352,166.0619331276,-158.7606825385709
4250,8,legacy,40dB,3.5,8.193310270864684e-06,8.357087658002212e-06,0.0538958568388154,0.0539319846360787,8.365091297812467e-05,38.09500423216522,38.09791444595923,-38.18387000744676
4250,8,legacy,60dB,3.5,8.193311035165867e-08,8.35709168023153e-08,0.0539276344910672,0.0539319846360787,8.365091037583177e-07,58.09756204037633,58.09791235571961,-58.1838696023214
4250,8,legacy,clean,0.0,8.85573072489169e-18,3.698861659211727e-18,0.053931984672336,0.0539319846360787,1.3258123530174024e-17,161.6377831380952,161.63778313517554,-157.84621999595436
4250,12,balanced,40dB,3.5,1.584927757015086e-05,1.5385567019388974e-05,0.0539211201795093,0.0539319846360787,6.487551136862437e-05,35.446453994741766,35.44732895769457,-35.318369308078054
4250,12,balanced,60dB,3.5,1.5849277570164418e-07,1.5385567019396561e-07,0.0539294717554401,0.0539319846360787,6.487551136861125e-07,55.44712659992132,55.44732895769243,-55.31836930807434
4250,12,balanced,clean,0.0,3.8328136103892742e-28,1.8703403387837403e-28,0.0539319846360783,0.0539319846360787,4.969623937710867e-28,264.5992576147042,264.59925761470424,-261.4832870208805
4250,12,legacy,40dB,3.5,2.0983079111926668e-05,1.9353019065323155e-05,0.0539247373396388,0.0539319846360787,6.470177420843117e-05,34.45039313935647,34.4509767767598,-34.09977184085872
4250,12,legacy,60dB,3.5,2.098307911193721e-07,1.935301906530423e-07,0.0539293714293152,0.0539319846360787,6.470177420843785e-07,54.45076633971429,54.45097677676405,-54.09977184085654
4250,12,legacy,clean,0.0,6.189476420208984e-28,4.880585675099084e-28,0.0539319846360793,0.0539319846360787,4.174384730401302e-28,260.4337446123181,260.43374461231804,-259.40192489365273
4500,5,balanced,40dB,3.5,2.776503276202438e-06,3.2506976327084905e-06,0.0526721178485018,0.0526392482206334,9.417929668896544e-05,42.09604205901206,42.0933310318928,-42.77811487909808
4500,5,balanced,60dB,3.5,2.777040534334985e-08,3.251305776067019e-08,0.0526422843941254,0.0526392482206334,9.418361350050894e-07,62.09276911498457,62.09251862596502,-62.777274593143694
4500,5,balanced,clean,0.0,3.3915081975333653e-12,1.8349411444605294e-13,0.0526392472136109,0.0526392482206334,8.904386638657663e-12,114.57687531003884,114.57687539312212,-101.90916807049896
4500,5,legacy,40dB,3.5,3.1784435815084467e-06,4.427596425371744e-06,0.0526387165239322,0.0526392482206334,9.400536049125984e-05,40.75137263300385,40.75141650029249,-42.1909517121993
4500,5,legacy,60dB,3.5,3.1798516718130934e-08,4.424752922934825e-08,0.0526388837129989,0.0526392482206334,9.401297810738074e-07,60.754176460146525,60.7542065335628,-62.189028159313
4500,5,legacy,clean,0.0,3.835321779272868e-12,8.727590108406956e-13,0.0526392201221099,0.0526392482206334,7.382569807658358e-12,107.80415104948298,107.8041533677222,-101.37507871532742
4500,8,balanced,40dB,3.5,6.70555901800933e-06,6.563249405825225e-06,0.0526726112886327,0.0526392482206334,8.463086289706018e-05,39.04465941486164,39.04190770258845,-38.94874688930469
4500,8,balanced,60dB,3.5,6.705554961698034e-08,6.56324514634523e-08,0.0526419809883617,0.0526392482206334,8.46308646013944e-07,59.04213597933843,59.041910521114985,-58.94874951642964
4500,8,balanced,clean,0.0,1.809106024952385e-17,2.6364866171857538e-18,0.0526392481776117,0.0526392482206334,3.9648626911578335e-17,163.00284106627123,163.0028410698207,-154.63845658190573
4500,8,legacy,40dB,3.5,7.74397165237256e-06,7.651613047663434e-06,0.0526458688776812,0.0526392482206334,8.453790484480784e-05,38.37611298706361,38.37556679118988,-38.323459236526574
4500,8,legacy,60dB,3.5,7.743967620081268e-08,7.651601571646628e-08,0.0526392135943018,0.0526392482206334,8.453790559990727e-07,58.37557044800644,58.3755733048158,-58.32346149790148
4500,8,legacy,clean,0.0,2.2730853256698854e-17,9.522870407441987e-18,0.0526392485155809,0.0526392482206334,3.218475933406072e-17,157.42541806360836,157.42541803927404,-153.64693939866632
4500,12,balanced,40dB,3.5,1.6719092766094686e-05,1.7774862298432077e-05,0.0526789786702589,0.0526392482206334,6.624148598075712e-05,34.71831101412268,34.715034332324336,-34.980969707041154
4500,12,balanced,60dB,3.5,1.6719092766025758e-07,1.777486229839243e-07,0.0526417165472471,0.0526392482206334,6.6241485980808e-07,54.71523797420421,54.71503433233402,-54.98096970705905
4500,12,balanced,clean,0.0,1.616160751060062e-27,8.64821293421249e-28,0.0526392482206336,0.0526392482206334,1.812566298864312e-27,257.84383304004155,257.84383304004155,-255.12825122586537
4500,12,legacy,40dB,3.5,2.1255954249688547e-05,2.267020667904605e-05,0.0526314312307681,0.0526392482206334,6.557859483904066e-05,33.65789700640678,33.65854198667811,-33.93829071526704
4500,12,legacy,60dB,3.5,2.125595424986609e-07,2.2670206679071517e-07,0.0526365534857634,0.0526392482206334,6.557859483908564e-07,53.658319654766856,53.65854198667323,-53.93829071523077
4500,12,legacy,clean,0.0,2.2427771202664663e-27,1.6472242993597327e-27,0.0526392482206323,0.0526392482206334,1.5771758832928687e-27,255.0455693793559,255.045569379356,-253.7052356118939
4750,5,balanced,40dB,3.5,2.96088729718686e-06,2.2464224059881538e-06,0.0513526040741434,0.0513086081425828,9.183177095997916e-05,43.59071049268557,43.58698811476695,-42.38768356856689
4750,5,balanced,60dB,3.5,2.9620923210232773e-08,2.245939240069253e-08,0.0513127574844842,0.0513086081425828,9.1815537293944e-07,63.58827350721869,63.58792230622242,-62.38591643363255
4750,5,balanced,clean,0.0,6.30449162178112e-12,4.21496096147696e-13,0.0513086261672783,0.0513086081425828,1.6789866038836212e-11,110.85396829611923,110.85396677044456,-99.10540161719078
4750,5,legacy,40dB,3.5,3.065542887630044e-06,2.860363839814975e-06,0.0513014072861501,0.0513086081425828,9.217862600169426e-05,42.537079995886,42.53768954500376,-42.23682837251638
4750,5,legacy,60dB,3.5,3.064374327736888e-08,2.8604013209795387e-08,0.0513076289575485,0.0513086081425828,9.218408891967736e-07,62.53754975448361,62.5376326370116,-62.23848418319599
4750,5,legacy,clean,0.0,6.811946143531867e-12,1.640047928782419e-12,0.0513086268284554,0.0513086081425828,1.3916343230230843e-11,104.95333851737298,104.95333693573392,-98.76919027940188
4750,8,balanced,40dB,3.5,6.458197166667724e-06,6.087788264100312e-06,0.0513549155541291,0.0513086081425828,8.295501440888832e-05,39.26122480344459,39.2573069455832,-39.00078933880837
4750,8,balanced,60dB,3.5,6.458197856280338e-08,6.08779157523774e-08,0.051312657601064,0.0513086081425828,8.295500755960568e-07,59.25764733064409,59.25730458346372,-59.000788875064494
4750,8,balanced,clean,0.0,4.2991591424235936e-17,7.745536636499893e-18,0.0513086080926548,0.0513086081425828,9.139275003696524e-17,158.21138720710087,158.21138721132695,-150.76806711895426
4750,8,legacy,40dB,3.5,7.498441432742249e-06,7.69496014264739e-06,0.0512729029779454,0.0513086081425828,8.28008601069261e-05,38.23681532424079,38.23983858962932,-38.35219229909217
4750,8,legacy,60dB,3.5,7.498450685456324e-08,7.694981313102694e-08,0.0513043624761035,0.0513086081425828,8.280084382642792e-07,58.23946725796595,58.23982664129027,-58.35218694011161
4750,8,legacy,clean,0.0,5.459727407662476e-17,1.792598491183241e-17,0.0513086078199393,0.0513086081425828,7.435967562783572e-17,154.56707204358528,154.567072070895,-149.73019273768944
4750,12,balanced,40dB,3.5,1.598637236557328e-05,1.4990854107309564e-05,0.0513540145114614,0.0513086081425828,6.52832951134158e-05,35.34748021902297,35.34363856054527,-35.0644030899699
4750,12,balanced,60dB,3.5,1.59863723655043e-07,1.4990854107254842e-07,0.05131171000596,0.0513086081425828,6.528329511341612e-07,55.34390110547875,55.34363856056112,-55.064403089988645
4750,12,balanced,clean,0.0,6.226138946270541e-27,3.647813803849568e-27,0.0513086081425852,0.0513086081425828,6.218824102518673e-27,251.4815757119949,251.4815757119948,-249.15971425202105
4750,12,legacy,40dB,3.5,1.930556479293531e-05,1.9693271082658375e-05,0.0512964640215114,0.0513086081425828,6.53418304444716e-05,34.15769570154189,34.158723745220875,-34.245077220089506
4750,12,legacy,60dB,3.5,1.9305564792568045e-07,1.9693271082410013e-07,0.0513056562296454,0.0513086081425828,6.534183044448242e-07,54.15847387757783,54.15872374527565,-54.24507722017212
4750,12,legacy,clean,0.0,7.579737636006638e-27,5.801994255427504e-27,0.051308608142584,0.0513086081425828,5.584065400549222e-27,249.4661293916371,249.466129391637,-248.3053606035134
5000,5,balanced,40dB,3.5,2.8286011727139847e-06,2.8253319726008947e-06,0.0499184835632806,0.0499453752270869,9.225850158205002e-05,42.47191899608816,42.47425796067937,-42.46923563129877
5000,5,balanced,60dB,3.5,2.8304847154425884e-08,2.8260352043179066e-08,0.0499424481596444,0.0499453752270869,9.225225312477684e-07,62.472922598723216,62.473177126091166,-62.46634466176823
5000,5,balanced,clean,0.0,1.1645927474594444e-11,6.118366104463257e-13,0.0499453937434085,0.0499453752270869,3.064045972804561e-11,109.11859980939144,109.11859819932546,-96.32321199025864
5000,5,legacy,40dB,3.5,2.91651031422085e-06,3.021880119907765e-06,0.0499111055420664,0.0499453752270869,9.291789398399e-05,42.17919958112135,42.18218048643078,-42.33631763574256
5000,5,legacy,60dB,3.5,2.9193420314276643e-08,3.023853551307405e-08,0.0499417057415841,0.0499453752270869,9.291256568454488e-07,62.179026174865164,62.17934526263719,-62.332103001166814
5000,5,legacy,clean,0.0,1.2766752171021991e-11,2.3735166875683105e-12,0.0499453973960873,0.0499453752270869,2.544541514709724e-11,103.23103183516032,103.23102990747984,-95.92414852309692
5000,8,balanced,40dB,3.5,6.064920525504943e-06,7.003033116275449e-06,0.0499227118359882,0.0499453752270869,8.352217259259605e-05,38.53011988424407,38.5320910015757,-39.15670165961787
5000,8,balanced,60dB,3.5,6.06491729288145e-08,7.003031639858708e-08,0.0499425629936141,0.0499453752270869,8.352218885054214e-07,58.53184737564508,58.53209191717856,-59.15670397442301
5000,8,balanced,clean,0.0,9.7310663897805e-17,2.139696906064353e-17,0.0499453751698833,0.0499453752270869,2.018901173437704e-16,153.68143021024,153.68143021521408,-147.1033484470056
5000,8,legacy,40dB,3.5,7.830193202826228e-06,8.59964668479974e-06,0.0499225733016256,0.0499453752270869,8.346068508022488e-05,37.63816354644735,37.64014671536641,-38.04722802215137
5000,8,legacy,60dB,3.5,7.830211894958149e-08,8.59966126877562e-08,0.0499423904046513,0.0499453752270869,8.346067962307031e-07,57.63987980056915,57.64013935025584,-58.04721765474427
5000,8,legacy,clean,0.0,1.0814951934866254e-16,4.395794596592074e-17,0.0499453753241,0.0499453752270869,1.6524361080119015e-16,150.5545789022908,150.55457889385514,-146.644706865881
5000,12,balanced,40dB,3.5,1.6247640590487565e-05,1.6509235407356464e-05,0.0499404857615713,0.0499453752270869,6.536228632956091e-05,34.807258020983525,34.807683199857394,-34.877049766265216
5000,12,balanced,60dB,3.5,1.624764059062977e-07,1.6509235407761288e-07,0.0499434239928802,0.0499453752270869,6.536228632960561e-07,54.80751352902594,54.807683199750905,-54.8770497662272
5000,12,balanced,clean,0.0,2.3124261830877632e-26,1.403055016294345e-26,0.0499453752270847,0.0499453752270869,2.0118383360996e-26,245.51420579397828,245.51420579397845,-243.3442740207196
5000,12,legacy,40dB,3.5,2.057688725695339e-05,2.0158199260686302e-05,0.0499508274068805,0.0499453752270869,6.422450863150021e-05,33.94090952639957,33.940435464015096,-33.85115602185728
5000,12,legacy,60dB,3.5,2.0576887257086586e-07,2.015819926108554e-07,0.0499440685252187,0.0499453752270869,6.422450863147377e-07,53.94032183962814,53.94043546392909,-53.85115602182917
5000,12,legacy,clean,0.0,2.674070628059704e-26,1.9386138112099475e-26,0.0499453752270931,0.0499453752270869,1.851481726078877e-26,244.1100397777899,244.11003977778932,-242.7132240647725
5250,5,balanced,40dB,3.5,2.8141869573217087e-06,3.2302870986079213e-06,0.0485704990501733,0.0485548387849297,9.377531135496872e-05,41.77131442878672,41.76991393598208,-42.36879570567703
5250,5,balanced,60dB,3.5,2.81354815236706e-08,3.226432803636629e-08,0.0485561334073085,0.0485548387849297,9.37932664246156e-07,61.775214714076455,61.77509891926098,-62.36978164215983
5250,5,balanced,clean,0.0,2.0796830661017063e-11,1.2008020809925062e-12,0.0485548186713585,0.0485548387849297,5.423012594723857e-11,106.06760904713428,106.06761084617534,-93.68235360913624
5250,5,legacy,40dB,3.5,3.1556640767291724e-06,3.4978853908312253e-06,0.0485760323623261,0.0485548387849297,9.386845523748892e-05,41.42616463616517,41.424269408880086,-41.87141750525821
5250,5,legacy,60dB,3.5,3.15961532354264e-08,3.49906546736475e-08,0.0485566129791223,0.0485548387849297,9.387076436228612e-07,61.42296317130474,61.42280448296599,-61.86598305080931
5250,5,legacy,clean,0.0,2.358154651498424e-11,4.345762867299147e-12,0.0485547708159641,0.0485548387849297,4.527493925931769e-11,100.48165883805754,100.48166491748611,-93.13660233077036
5250,8,balanced,40dB,3.5,6.8702163673904895e-06,6.220487868911893e-06,0.0485685589179063,0.0485548387849297,8.409075734829838e-05,38.92530770206527,38.924080690197215,-38.49262101743823
5250,8,balanced,60dB,3.5,6.870212779410608e-08,6.220490707730683e-08,0.0485555925637435,0.0485548387849297,8.409075112927286e-07,58.92414612878481,58.92407870822558,-58.49262328554768
5250,8,balanced,clean,0.0,2.173806323555109e-16,4.348241612347632e-17,0.0485548388794022,0.0485548387849297,4.291830861669272e-16,150.47918849444062,150.47918848599062,-143.49011668713462
5250,8,legacy,40dB,3.5,7.789386061498223e-06,6.804513301114835e-06,0.0485762010720867,0.0485548387849297,8.448674137245304e-05,38.53626480213859,38.534354491367424,-37.94729287390561
5250,8,legacy,60dB,3.5,7.789367267408303e-08,6.804496828851091e-08,0.0485562744619272,0.0485548387849297,8.448673040749777e-07,58.53449341568282,58.53436500471582,-57.94730335249703
5250,8,legacy,clean,0.0,2.3403513952549163e-16,1.1126817895998478e-16,0.0485548393329469,0.0485548387849297,3.553160160981459e-16,146.3986154104296,146.3986153614127,-143.1695144644284
5250,12,balanced,40dB,3.5,1.7607251410794644e-05,1.8574316403022003e-05,0.0486030827417125,0.0485548387849297,6.487249610135598e-05,34.17750976841247,34.17319677249639,-34.405409509958794
5250,12,balanced,60dB,3.5,1.760725141011644e-07,1.857431640225723e-07,0.0485580785279693,0.0485548387849297,6.487249610142971e-07,54.17348653897291,54.173196772675205,-54.40540951012608
5250,12,balanced,clean,0.0,8.134424279755316e-26,5.445270743021509e-26,0.0485548387849166,0.0485548387849297,6.150064300258541e-26,239.50213038404453,239.5021303840457,-237.7590569565793
5250,12,legacy,40dB,3.5,2.1528264562002047e-05,2.2372264995256524e-05,0.0485817690686272,0.0485548387849297,6.604210694647764e-05,33.367633704415326,33.36522561663792,-33.53223494629884
5250,12,legacy,60dB,3.5,2.1528264561559098e-07,2.2372264994940526e-07,0.0485555942694865,0.0485548387849297,6.604210694642691e-07,53.3652931898248,53.36522561669926,-53.53223494638819
5250,12,legacy,clean,0.0,7.880671190389747e-26,7.672026221831433e-26,0.0485548387849272,0.0485548387849297,5.755187935102114e-26,238.01322437968275,238.01322437968292,-237.8966930891218
5500,5,balanced,40dB,3.5,2.8761015381735754e-06,2.327200923136045e-06,0.0471543392873829,0.047142246697254,9.31460329348926e-05,43.06687783515144,43.06576395703191,-42.14606061857896
5500,5,balanced,60dB,3.5,2.8819304438861064e-08,2.3288181907547523e-08,0.0471432329536733,0.047142246697254,9.314268612937252e-07,63.0628377714995,63.06274691430235,-62.1372678141656
5500,5,balanced,clean,0.0,3.5875808956801986e-11,2.4232820007045475e-12,0.0471422864978586,0.047142246697254,9.327755880221024e-11,102.89006686342104,102.89006319682116,-91.1860857353856
5500,5,legacy,40dB,3.5,3.200869269494681e-06,2.8363104618387405e-06,0.047115139373475,0.047142246697254,9.242064314109358e-05,42.20406713283615,42.20656509335716,-41.681423392454505
5500,5,legacy,60dB,3.5,3.2035019914247326e-08,2.834864962558611e-08,0.0471392214079002,0.047142246697254,9.241588978539758e-07,62.20850028753769,62.20877899903833,-61.67785277912049
5500,5,legacy,clean,0.0,3.7597639076987295e-11,8.640053152300365e-12,0.0471422172847752,0.047142246697254,7.846514776058707e-11,97.36893591053332,97.36893862013714,-90.98249701713434
5500,8,balanced,40dB,3.5,7.133500790103224e-06,7.438185772181959e-06,0.0471701635462664,0.047142246697254,8.362718595526165e-05,38.02200361147581,38.019432553478026,-38.2010756253422
5500,8,balanced,60dB,3.5,7.133525740700918e-08,7.438176885418327e-08,0.047144395950615,0.047142246697254,8.362722394608042e-07,58.01963573608178,58.019437742209305,-58.20106043520166
5500,8,balanced,clean,0.0,4.618389898432126e-16,1.2100401542796763e-16,0.0471422462342339,0.047142246697254,8.799417617481228e-16,145.90610489655342,145.9061049392088,-140.08919681633282
5500,8,legacy,40dB,3.5,8.071045742022537e-06,9.09879047526609e-06,0.0471104821742027,0.047142246697254,8.266455607227802e-05,37.14133884932637,37.144266118970215,-37.66480467568751
5500,8,legacy,60dB,3.5,8.071053139688461e-08,9.098793929314015e-08,0.0471383430342133,0.047142246697254,8.266454792998937e-07,57.143904833340486,57.14426447031848,-57.66480069508311
5500,8,legacy,clean,0.0,5.403883354786546e-16,1.117915237734633e-16,0.0471422457898182,0.047142246697254,7.404103804154604e-16,146.250013920146,146.25001400374285,-139.40704310202202
5500,12,balanced,40dB,3.5,1.8012626013917316e-05,1.6589209220972968e-05,0.047192186374156,0.047142246697254,6.517391758605046e-05,34.54044413857847,34.53584591766877,-34.178332441161416
5500,12,balanced,60dB,3.5,1.8012626012035194e-07,1.6589209219602365e-07,0.0471456195286223,0.047142246697254,6.517391758620203e-07,54.53615662652295,54.53584591802759,-54.1783324416152
5500,12,balanced,clean,0.0,2.636044584004878e-25,1.800163767358278e-25,0.0471422466972755,0.047142246697254,1.802902790106391e-25,234.18098259986837,234.18098259986635,-232.5245752491212
5500,12,legacy,40dB,3.5,2.090679842968125e-05,1.9019734695605896e-05,0.0471513228909955,0.047142246697254,6.510318414034352e-05,33.942894272214645,33.94205821501838,-33.53122744151744
5500,12,legacy,60dB,3.5,2.090679843028565e-07,1.9019734695310585e-07,0.0471412727047685,0.047142246697254,6.510318413973024e-07,53.941968485817206,53.94205821508581,-53.53122744139189
5500,12,legacy,clean,0.0,2.707260763443216e-25,1.3957417501801538e-25,0.047142246697253,0.047142246697254,1.7031413762393351e-25,235.2860520667196,235.2860520667197,-232.408801871712
5750,5,balanced,40dB,3.5,2.803903106847515e-06,2.9300337799814127e-06,0.0457443938474266,0.0457127829532208,9.186521870959591e-05,41.93465249885409,41.931650342446346,-42.12274659707578
5750,5,balanced,60dB,3.5,2.8081931688890917e-08,2.9272660952205942e-08,0.0457157449392062,0.0457127829532208,9.189306894860064e-07,61.93603598405516,61.9357545895716,-62.116106829890576
5750,5,balanced,clean,0.0,6.056573001062823e-11,4.037239189680236e-12,0.0457128421303907,0.0457127829532208,1.5640860240259549e-10,100.53953743445584,100.53953181233,-88.77810705326877
5750,5,legacy,40dB,3.5,2.962665122002293e-06,3.28582458736893e-06,0.0457293213010055,0.0457127829532208,9.20022975548055e-05,41.43550380723628,41.43393286498388,-41.88355096770443
5750,5,legacy,60dB,3.5,2.974990978048013e-08,3.2901558483214506e-08,0.0457142024264615,0.0457127829532208,9.198327765513864e-07,61.428346769274576,61.42821191425489,-61.8655200852671
5750,5,legacy,clean,0.0,6.378143615920555e-11,9.178767701139324e-12,0.0457128187448519,0.0457127829532208,1.3246034577342203e-10,96.97253622842877,96.9725328280447,-88.55343367577105
5750,8,balanced,40dB,3.5,6.753390911522407e-06,7.053100851878907e-06,0.0457657436010135,0.0457127829532208,8.279263737236431e-05,38.12160429324134,38.11657567712115,-38.305157725160925
5750,8,balanced,60dB,3.5,6.753395802463437e-08,7.053077334519178e-08,0.0457174712954235,0.0457127829532208,8.279262324275632e-07,58.11703555125643,58.11659015795278,-58.3051545799144
5750,8,balanced,clean,0.0,9.442219578736884e-16,2.471145154360273e-16,0.0457127830449512,0.0457127829532208,1.745904361088552e-15,142.67139405939022,142.67139405067536,-136.8496356582546
5750,8,legacy,40dB,3.5,7.419270452162171e-06,7.985540806639172e-06,0.0457335769099412,0.0457127829532208,8.335154970803659e-05,37.57930836408841,37.5773332825587,-37.89676458992948
5750,8,legacy,60dB,3.5,7.419294095859531e-08,7.985553399796123e-08,0.0457141942946139,0.0457127829532208,8.335160971752804e-07,57.57746051623947,57.577326433762366,-57.89675074987471
5750,8,legacy,clean,0.0,9.408593214172923e-16,3.957655310279285e-16,0.045712782597472,0.0457127829532208,1.4957642587035597e-15,140.62599691284387,140.6259969466418,-136.86512969580806
5750,12,balanced,40dB,3.5,1.7129303977358355e-05,1.7408523163192052e-05,0.0457519412726647,0.0457127829532208,6.511697047372237e-05,34.19647596389013,34.19275731864453,-34.2629794510984
5750,12,balanced,60dB,3.5,1.7129303977332536e-07,1.7408523162266136e-07,0.045715157147807,0.0457127829532208,6.511697047478516e-07,54.19298287347225,54.19275731887552,-54.26297945110495
5750,12,balanced,clean,0.0,7.659012463413055e-25,4.971314080416265e-25,0.0457127829532205,0.0457127829532208,5.115324736687616e-25,229.63566459451133,229.63566459451133,-227.75864885306308
5750,12,legacy,40dB,3.5,2.070538353221648e-05,2.254126749084631e-05,0.0457135007997646,0.0457127829532208,6.548082001973159e-05,33.07066148716839,33.070593288663524,-33.4395438206888
5750,12,legacy,60dB,3.5,2.070538353019857e-07,2.254126748828971e-07,0.0457109912533775,0.0457127829532208,6.54808200197628e-07,53.07042306530305,53.0705932891561,-53.43954382111205
5750,12,legacy,clean,0.0,7.035947310291271e-25,5.522379542626435e-25,0.0457127829532431,0.0457127829532208,4.849650515614629e-25,229.1791140999141,229.179114099912,-228.12715083032077
6000,5,balanced,40dB,3.5,2.765314982916216e-06,3.0544721632484564e-06,0.0442693216785263,0.0442715439131759,9.243296528520992e-05,41.61166695936649,41.611884961356765,-42.04380060978474
6000,5,balanced,60dB,3.5,2.7785306163105745e-08,3.056007302123644e-08,0.0442710805599575,0.0442715439131759,9.241981918037612e-07,61.60965734661482,61.60970280082336,-62.02309481115735
6000,5,balanced,clean,0.0,9.988368197281608e-11,7.625114749563146e-12,0.0442715524757693,0.0442715439131759,2.565508408349427e-10,97.6387836798113,97.63878283983908,-86.46630124503875
6000,5,legacy,40dB,3.5,3.0756592543514105e-06,3.185628994423401e-06,0.0442597040583141,0.0442715439131759,9.302129382041604e-05,41.42813310209034,41.429294722146864,-41.58186448458225
6000,5,legacy,60dB,3.5,3.0884484912694726e-08,3.19480726956413e-08,0.0442699873278423,0.0442715439131759,9.3065578641183e-07,61.416647336945374,61.41680003735875,-61.5638430507577
6000,5,legacy,clean,0.0,1.0927853924902475e-10,1.8072275327103584e-11,0.0442714374464468,0.0442715439131759,2.181828204840883e-10,93.89110788944546,93.89111833361896,-86.07589786641054
6000,8,balanced,40dB,3.5,6.82462217042169e-06,5.819512489926799e-06,0.0442792567278163,0.0442715439131759,8.2815346839487e-05,38.81313717579929,38.81238063089569,-38.12046055045784
6000,8,balanced,60dB,3.5,6.824609172337278e-08,5.8194859162376114e-08,0.0442717018347827,0.0442715439131759,8.281539444692791e-07,58.81241595391466,58.812400462166686,-58.12046882198053
6000,8,balanced,clean,0.0,1.8915585619182224e-15,5.096777028399322e-16,0.0442715448645867,0.0442715439131759,3.371290734812638e-15,139.3882904236097,139.38829033027832,-133.69304876279304
6000,8,legacy,40dB,3.5,7.549209648364354e-06,6.446115403464506e-06,0.0442665865696658,0.0442715439131759,8.385203207676824e-05,38.36777958160644,38.36826591374872,-37.68223181416019
6000,8,legacy,60dB,3.5,7.549150819930284e-08,6.446106509638549e-08,0.044270369635239,0.0442715439131759,8.385208205302666e-07,58.36815671008538,58.36827190579503,-57.68226565739019
6000,8,legacy,clean,0.0,1.8639466331433962e-15,7.654120085653013e-16,0.0442715448974786,0.0442715439131759,2.930571078886086e-15,137.62229405763142,137.6222939610734,-133.7569119384072
6000,12,balanced,40dB,3.5,1.833846923688374e-05,1.7585399128724346e-05,0.0442746509661033,0.0442715439131759,6.408167247209087e-05,34.010029163953504,34.009724379328084,-33.82761586628013
6000,12,balanced,60dB,3.5,1.833846923369688e-07,1.7585399124996506e-07,0.0442702041561702,0.0442715439131759,6.408167247325491e-07,54.00959295093151,54.00972438024873,-53.82761586703485
6000,12,balanced,clean,0.0,1.9043155271425958e-24,1.22294503339956e-24,0.0442715439131014,0.0442715439131759,1.4008524991860184e-24,225.58717730068875,225.58717730069603,-223.6638575918988
6000,12,legacy,40dB,3.5,2.172147935345712e-05,2.16755187910789e-05,0.0442676853116857,0.0442715439131759,6.525579442046653e-05,33.101173131291674,33.101551668432954,-33.092352679128524
6000,12,legacy,60dB,3.5,2.172147935326535e-07,2.167551878845553e-07,0.044269203119867,0.0442715439131759,6.525579442322152e-07,53.10132203601519,53.10155166895858,-53.09235267916687
6000,12,legacy,clean,0.0,1.82530580732424e-24,1.7389885012673272e-24,0.0442715439131558,0.0442715439131759,1.3293797125347934e-24,224.05827957382397,224.05827957382587,-223.84789032168345
6250,5,balanced,40dB,3.5,2.722677811676382e-06,2.4954367279370634e-06,0.0428519367169894,0.0428235141910335,9.285514900322528e-05,42.348238921231,42.345357408147294,-41.96686051469893
6250,5,balanced,60dB,3.5,2.7379076343636453e-08,2.500934785386083e-08,0.042826110305276,0.0428235141910335,9.28588486355858e-07,62.33606264083185,62.33579936399978,-61.94263510821428
6250,5,balanced,clean,0.0,1.6158211176880054e-10,1.0155906313095507e-11,0.0428235129641174,0.0428235141910335,4.1256295966820206e-10,96.24963605220552,96.24963617663316,-84.23289023806731
6250,5,legacy,40dB,3.5,3.419192066998884e-06,2.7539656431847872e-06,0.04283874727304,0.0428235141910335,9.212026311624557e-05,41.91878244379591,41.91723785615266,-40.97758806376247
6250,5,legacy,60dB,3.5,3.429675471048903e-08,2.752286154439032e-08,0.0428247115641876,0.0428235141910335,9.210835828854402e-07,61.9200086116917,61.91988718184327,-60.96429276184296
6250,5,legacy,clean,0.0,1.6809307374023878e-10,3.2063719711124334e-11,0.0428234940117992,0.0428235141910335,3.5203912069146883e-10,91.2566819549605,91.25668400143716,-84.06132484830158
6250,8,balanced,40dB,3.5,6.871372903510282e-06,7.625925845941638e-06,0.0428533215759492,0.0428235141910335,8.322897905859675e-05,37.4969191197716,37.49389725669853,-37.94638785604542
6250,8,balanced,60dB,3.5,6.871322629422691e-08,7.625874508123707e-08,0.0428258746506631,0.0428235141910335,8.322909526084821e-07,57.49416587286275,57.49392649354995,-57.94641963112007
6250,8,balanced,clean,0.0,3.541575539048115e-15,1.078671429028579e-15,0.0428235121301504,0.0428235141910335,6.367685188538766e-15,135.9879310702734,135.98793127927777,-130.82485794177538
6250,8,legacy,40dB,3.5,7.700191326751118e-06,8.162430047126057e-06,0.0428323335961084,0.0428235141910335,8.332922540631308e-05,37.199522639726666,37.19862831223586,-37.45180787346792
6250,8,legacy,60dB,3.5,7.700207091713635e-08,8.16242848928613e-08,0.0428237016138554,0.0428235141910335,8.332936003073188e-07,57.19864814854401,57.19862914110833,-57.4517989819626
6250,8,legacy,clean,0.0,3.8444350078574095e-15,7.652830643637654e-16,0.0428235125236775,0.0428235141910335,5.5811288142460985e-15,137.47860184121166,137.4786020103065,-130.4684978024245
6250,12,balanced,40dB,3.5,1.7142442652089096e-05,1.6712263712923852e-05,0.0428519359596512,0.0428235141910335,6.492827116308047e-05,34.08935167184937,34.086470235520146,-33.97609598312172
6250,12,balanced,60dB,3.5,1.714244265249893e-07,1.671226371487592e-07,0.0428248135481101,0.0428235141910335,6.492827116537768e-07,54.08660200725485,54.08647023501287,-53.976095983017885
6250,12,balanced,clean,0.0,4.763567486067106e-24,2.9816384792642592e-24,0.042823514191093,0.0428235141910335,3.7000855143872984e-24,221.57227319044523,221.5722731904392,-219.537499812714
6250,12,legacy,40dB,3.5,2.007261069731238e-05,1.8166417865326063e-05,0.0428525053023632,0.0428235141910335,6.544324042639597e-05,33.72706917683425,33.72413003931837,-33.29078441913421
6250,12,legacy,60dB,3.5,2.0072610701143e-07,1.816641787184059e-07,0.0428246067671771,0.0428235141910335,6.544324042807922e-07,53.72424083990933,53.72413003776097,-53.29078441830541
6250,12,legacy,clean,0.0,4.8388075860492216e-24,2.362467854384011e-24,0.0428235141910039,0.0428235141910335,3.494690544522062e-24,222.58316395708027,222.5831639570833,-219.46943950731256
6500,5,balanced,40dB,3.5,3.0350056801649974e-06,3.193854057854309e-06,0.0413541683435332,0.0413735428071005,9.118601799722807e-05,41.12204224026129,41.12407643718367,-41.34563202810064
6500,5,balanced,60dB,3.5,3.0526087240344794e-08,3.190118500942672e-08,0.0413715613342051,0.0413735428071005,9.121965179558676e-07,61.12895095410492,61.12915895257288,-61.32051569970923
6500,5,balanced,clean,0.0,2.5701484385637576e-10,2.0623248404321208e-11,0.0413737974507177,0.0413735428071005,6.511014906186143e-10,93.02368311162422,93.02365638198737,-82.06764504353224
6500,5,legacy,40dB,3.5,3.05305936225193e-06,3.3505665411659022e-06,0.0413429363512301,0.0413735428071005,9.178931378781891e-05,40.91283071523212,40.91604463720679,-41.31987462427322
6500,5,legacy,60dB,3.5,3.078069968066979e-08,3.3501356774867776e-08,0.0413703930286765,0.0413735428071005,9.185891629043604e-07,60.91627250887497,60.91660315096385,-61.28444223405728
6500,5,legacy,clean,0.0,2.6253732484348624e-10,3.6583823498749767e-11,0.0413737490611929,0.0413735428071005,5.582479526974333e-10,90.53435782958674,90.53433617932797,-81.97531655393593
6500,8,balanced,40dB,3.5,6.873126806058555e-06,6.887482759486814e-06,0.0413436558737647,0.0413735428071005,8.268422197122502e-05,37.78348352369583,37.78662186275967,-37.7956835450763
6500,8,balanced,60dB,3.5,6.873095982126163e-08,6.887451659555239e-08,0.04136993634064,0.0413735428071005,8.268409411063173e-07,57.786262888908496,57.786641473058,-57.79570302193762
6500,8,balanced,clean,0.0,6.462910239362784e-15,1.7313428879479049e-15,0.0413735437055446,0.0413735428071005,1.1789502719141955e-14,133.78339633172632,133.78339623741743,-128.06294586794468
6500,8,legacy,40dB,3.5,7.997022381157477e-06,8.024887019292616e-06,0.0413412626466199,0.0413735428071005,8.225535286156559e-05,37.11944809955863,37.122837842472606,-37.13794399552947
6500,8,legacy,60dB,3.5,7.997141783049657e-08,8.024862945110142e-08,0.041369594259462,0.0413735428071005,8.225547997871259e-07,57.12243637567548,57.122850871067605,-57.137879152399975
6500,8,legacy,clean,0.0,6.427982376591535e-15,2.501816078531458e-15,0.0413735419173623,0.0413735428071005,1.03711517675669e-14,132.18467322394145,132.18467331733652,-128.08648033625306
6500,12,balanced,40dB,3.5,1.7355429180059336e-05,1.808648889032979e-05,0.0413706018848759,0.0413735428071005,6.512228063543938e-05,33.59337573379136,33.59368445081276,-33.77287353276267
6500,12,balanced,60dB,3.5,1.7355429175331128e-07,1.8086488882867093e-07,0.0413716867263334,0.0413735428071005,6.512228064052581e-07,53.59348961704989,53.59368445260471,-53.77287353394583
6500,12,balanced,clean,0.0,1.157866035811907e-23,6.181640329579191e-24,0.041373542807191,0.0413735428071005,9.449414699248112e-24,218.2561897840431,218.2561897840336,-215.5306439625735
6500,12,legacy,40dB,3.5,2.090356074308856e-05,2.1668959099475803e-05,0.041356015220821,0.0413735428071005,6.434838625079152e-05,32.80700636650948,32.80884661183355,-32.965024402566044
6500,12,legacy,60dB,3.5,2.090356074484582e-07,2.166895910246077e-07,0.0413699087281065,0.0413735428071005,6.434838625648218e-07,52.808465128368525,52.808846611235296,-52.96502440220095
6500,12,legacy,clean,0.0,1.1646588029219609e-23,9.047099345415387e-24,0.0413735428072125,0.0413735428071005,8.801823908179586e-24,216.6021335173411,216.6021335173293,-215.5052399743339
6750,5,balanced,40dB,3.5,2.644694972286828e-06,3.0567177007879216e-06,0.0399567490896264,0.0399263201015003,9.526497174025884e-05,41.163348146015565,41.16003952445005,-41.788836947107306
6750,5,balanced,60dB,3.5,2.677444720409211e-08,3.0591836223544364e-08,0.0399292253695598,0.0399263201015003,9.530872029014352e-07,61.1568533936212,61.15653738754303,-61.7353877133808
6750,5,balanced,clean,0.0,3.928315812893656e-10,2.985158226885363e-11,0.0399264316768839,0.0399263201015003,1.0089646761919994e-09,91.2629314231879,91.2629192867061,-80.07052889142676
6750,5,legacy,40dB,3.5,3.5345127921790425e-06,3.6094391707892697e-06,0.0399161714198268,0.0399263201015003,9.458978222673514e-05,40.43709151907187,40.43819557191118,-40.52929726510182
6750,5,legacy,60dB,3.5,3.5847875258439196e-08,3.611679059008593e-08,0.0399247954417639,0.0399263201015003,9.47760560410146e-07,60.43533548586071,60.43550133233783,-60.46795864645176
6750,5,legacy,clean,0.0,4.1826108663905485e-10,6.173217182792347e-11,0.0399261069773557,0.0399263201015003,8.704508835020297e-10,88.10745409725449,88.10747727967819,-79.79811822902268
6750,8,balanced,40dB,3.5,7.148435730740488e-06,6.121198921709044e-06,0.0399377775523643,0.0399263201015003,8.549212541271607e-05,38.145474006195535,38.144227912426935,-37.47048267388183
6750,8,balanced,60dB,3.5,7.148453499942055e-08,6.121112622958415e-08,0.0399268243719633,0.0399263201015003,8.549215004692442e-07,58.14434399233601,58.1442891411762,-57.47047187843386
6750,8,balanced,clean,0.0,1.181741432001678e-14,2.9552968525205694e-15,0.0399263221953062,0.0399263201015003,2.140468009936861e-14,131.30658195839428,131.30658173064268,-125.2873682210326
6750,8,legacy,40dB,3.5,8.002652263633983e-06,7.1300386685042e-06,0.0399157844540803,0.0399263201015003,8.536619530204149e-05,37.48052783584947,37.4816739913998,-36.98025338255303
6750,8,legacy,60dB,3.5,8.002693279255316e-08,7.130114574981092e-08,0.0399245493540253,0.0399263201015003,8.536591208965705e-07,57.48143514107838,57.48162775660344,-56.98023112391704
6750,8,legacy,clean,0.0,1.2041490237522876e-14,3.720407258632336e-15,0.0399263234965796,0.0399263201015003,1.883060706351176e-14,130.30668838221294,130.30668801291665,-125.2057904640882
6750,12,balanced,40dB,3.5,1.8338277323356566e-05,1.7274967793562742e-05,0.0399591892135502,0.0399263201015003,6.670502288042842e-05,33.64199421276888,33.63842037943758,-33.379007481907365
6750,12,balanced,60dB,3.5,1.8338277315766517e-07,1.727496778820754e-07,0.0399279565675904,0.0399263201015003,6.670502288081426e-07,53.63859838206885,53.63842038078389,-53.37900748370488
6750,12,balanced,clean,0.0,2.446508970411266e-23,1.2975143232273951e-23,0.0399263201013273,0.0399263201015003,2.343067726384587e-23,214.8814712360307,214.88147123604955,-212.1271247182719
6750,12,legacy,40dB,3.5,2.0888129451334672e-05,2.0400589879195075e-05,0.0399269505086275,0.0399263201015003,6.70729203152204e-05,32.91623416302589,32.9161655916738,-32.81359734013502
6750,12,legacy,60dB,3.5,2.088812945301607e-07,2.040058988916455e-07,0.0399245032105648,0.0399263201015003,6.707292031711437e-07,52.91596795459295,52.91616558955147,-52.81359733978543
6750,12,legacy,clean,0.0,2.959236824032022e-23,2.5324026590635187e-23,0.0399263201015029,0.0399263201015003,2.133352941139766e-23,211.9772652345174,211.97726523451712,-211.3007956172043
7000,5,balanced,40dB,3.5,2.467590879292689e-06,2.099136169140116e-06,0.0384580180893307,0.0384863557868644,9.331710077304755e-05,42.629462875740174,42.632661785707256,-41.93033634036749
7000,5,balanced,60dB,3.5,2.5187645857662532e-08,2.113610426940771e-08,0.0384832002804517,0.0384863557868644,9.343515460861264e-07,62.602462382411055,62.60281847619499,-61.84119211949828
7000,5,balanced,clean,0.0,6.044914763747422e-10,3.5308224446202446e-11,0.0384862450966701,0.0384863557868644,1.5358264693095927e-09,90.37429662667796,90.37430911739284,-78.03916608897252
7000,5,legacy,40dB,3.5,3.3947536354163715e-06,3.297223149592244e-06,0.038519660019966,0.0384863557868644,9.2381647350882e-05,40.6753410498807,40.671584500366926,-40.54498528298667
7000,5,legacy,60dB,3.5,3.467692720131283e-08,3.3250295936885985e-08,0.0384896110165512,0.0384863557868644,9.247711540546404e-07,60.63548007054728,60.63511275374704,-60.45266183651593
7000,5,legacy,clean,0.0,6.306340693322198e-10,8.259673939649545e-11,0.0384866115339573,0.0384863557868644,1.3343940099077266e-09,86.68346772936418,86.68343886999834,-77.85529361031435
7000,8,balanced,40dB,3.5,6.119030820467938e-06,6.862730064405619e-06,0.0384589052451118,0.0384863557868644,8.445160335904305e-05,37.485000007566384,37.48809873493551,-37.98624149706684
7000,8,balanced,60dB,3.5,6.119102414345972e-08,6.862823935595607e-08,0.0384830567427105,0.0384863557868644,8.445232952955935e-07,57.487667038311095,57.48803933079077,-57.98619068404564
7000,8,balanced,clean,0.0,2.0068556983681012e-14,5.1253545031179604e-15,0.0384863521447503,0.0384863557868644,3.8119992797977544e-14,128.7558283985361,128.75582880952595,-122.8279064442016
7000,8,legacy,40dB,3.5,8.05386842040823e-06,9.012960621880223e-06,0.0385178795620727,0.0384863557868644,8.337017251853616e-05,36.307948972620224,36.304393167585744,-36.79302260303415
7000,8,legacy,60dB,3.5,8.053843373800866e-08,9.012829590544933e-08,0.0384887802762482,0.0384863557868644,8.336978179939873e-07,56.304729886080366,56.30445630621679,-56.7930361091156
7000,8,legacy,clean,0.0,2.1234608932033112e-14,5.821713576857519e-15,0.0384863524094093,0.0384863557868644,3.3355379379000846e-14,128.20255917535067,128.2025595564754,-122.5826252317293
7000,12,balanced,40dB,3.5,1.6871207602508848e-05,1.5537901594078625e-05,0.0384667743990546,0.0384863557868644,6.614067028720317e-05,33.93693403802152,33.93914423761621,-33.58160620863909
7000,12,balanced,60dB,3.5,1.6871207598260318e-07,1.553790157475393e-07,0.0384828792394656,0.0384863557868644,6.61406702849653e-07,53.93875191864231,53.93914424301759,-53.58160620973273
7000,12,balanced,clean,0.0,5.620796643443719e-23,2.76433961299192e-23,0.0384863557869382,0.0384863557868644,5.639136750650019e-23,211.43715393137447,211.43715393136617,-208.35508917271224
7000,12,legacy,40dB,3.5,2.02783455637448e-05,1.9386482651910755e-05,0.0385432833258027,0.0384863557868644,6.596008586318136e-05,32.984496865868024,32.9780776950618,-32.78274270768955
7000,12,legacy,60dB,3.5,2.027834553955622e-07,1.938648264470288e-07,0.0384902234895342,0.0384863557868644,6.596008586162842e-07,52.978514120831576,52.9780776966765,-52.78274271286993
7000,12,legacy,clean,0.0,6.847441798109719e-23,3.9139260626244e-23,0.0384863557867277,0.0384863557868644,5.016357723362313e-23,209.92694173162045,209.92694173163588,-207.49778440847595
7250,5,balanced,40dB,3.5,2.777988661933939e-06,3.3786018457100728e-06,0.037057111769328,0.037057958438288,9.199842604028582e-05,40.40134552420034,40.40144474927192,-41.25151021026048
7250,5,balanced,60dB,3.5,2.859043195246657e-08,3.380690650820482e-08,0.0370581538726746,0.037057958438288,9.222214792777968e-07,60.39878347673348,60.39876057319117,-61.12660773050938
7250,5,balanced,clean,0.0,9.197907895666391e-10,8.441242638514433e-11,0.0370585474799864,0.037057958438288,2.2982645357948374e-09,86.42482009037714,86.4247510591793,-76.05192433503531
7250,5,legacy,40dB,3.5,3.31586376008241e-06,3.3214880089498763e-06,0.0370696550506928,0.037057958438288,9.216864296014498e-05,40.476858558340425,40.475488009896345,-40.48284811650994
7250,5,legacy,60dB,3.5,3.4159907490902765e-08,3.311805863400676e-08,0.0370591486860166,0.037057958438288,9.240695732151036e-07,60.488305678795584,60.48816619196434,-60.35364804007011
7250,5,legacy,clean,0.0,9.173045358836195e-10,1.2713507687697406e-10,0.0370583127033221,0.037057958438288,2.0136504492356224e-09,84.6462025164299,84.6461609991363,-76.06367948893961
7250,8,balanced,40dB,3.5,7.04696415594575e-06,7.137105896413609e-06,0.0370561126192244,0.037057958438288,8.22685394400736e-05,37.15337716975976,37.15359349279333,-37.20879427420124
7250,8,balanced,60dB,3.5,7.046994069934901e-08,7.137088115721133e-08,0.0370571406508207,0.037057958438288,8.226875274988163e-07,57.15350847211991,57.15360431239775,-57.20877583866991
7250,8,balanced,clean,0.0,3.3744670511079354e-14,7.654546415559451e-15,0.0370579595726706,0.037057958438288,6.658797871543543e-14,126.84962042332316,126.84962029038113,-120.40676297934286
7250,8,legacy,40dB,3.5,7.688898782523514e-06,7.582723059035295e-06,0.0370885354528312,0.037057958438288,8.2961032025124e-05,36.8941448960339,36.89056295203491,-36.83017346061339
7250,8,legacy,60dB,3.5,7.688957669110222e-08,7.582864785919556e-08,0.0370603234827947,0.037057958438288,8.296114017814453e-07,56.89075893838896,56.89048177983849,-56.83014019964526
7250,8,legacy,clean,0.0,3.659000596463738e-14,1.1151436319145927e-14,0.0370579577087178,0.037057958438288,5.764376389514929e-14,125.21550672687148,125.21550681237224,-120.05519009622247
7250,12,balanced,40dB,3.5,1.7084654787442218e-05,1.88104961784471e-05,0.0370703631256442,0.037057958438288,6.463590873619538e-05,32.94626588805994,32.94481238494395,-33.36275282035851
7250,12,balanced,60dB,3.5,1.708465479617865e-07,1.8810496173746094e-07,0.0370576612883691,0.037057958438288,6.463590877595101e-07,52.944777561907074,52.94481238602931,-53.3627528181377
7250,12,balanced,clean,0.0,1.2925819092788906e-22,6.123837353019276e-23,0.037057958438595,0.037057958438288,1.3131700632028742e-22,207.81857842438316,207.8185784243472,-204.57423416575008
7250,12,legacy,40dB,3.5,2.0714045722524344e-05,2.233040700366111e-05,0.0370877790678035,0.037057958438288,6.49005778574698e-05,32.2033418841277,32.19984851121664,-32.5261655936582
7250,12,legacy,60dB,3.5,2.0714045736788915e-07,2.233040700646475e-07,0.0370590762375188,0.037057958438288,6.490057785228189e-07,52.19997950728772,52.19984851067137,-52.52616559066746
7250,12,legacy,clean,0.0,1.4974455400215737e-22,1.0841745244922358e-22,0.037057958438726,0.037057958438288,1.1513924813954702e-22,205.3378229172647,205.33782291721337,-203.93530453232495
7500,5,balanced,40dB,3.5,2.784228811311393e-06,2.753117230278376e-06,0.0356571865931998,0.0356452166572234,9.38956700693883e-05,41.1232236924147,41.12176554319247,-41.0729633551297
7500,5,balanced,60dB,3.5,2.9095945851368555e-08,2.759178890417773e-08,0.0356463030422595,0.0356452166572234,9.430074610694632e-07,61.112346361463466,61.1122140004117,-60.88168778957766
7500,5,balanced,clean,0.0,1.3360097423507488e-09,1.1816409643556146e-10,0.0356453721247595,0.0356452166572234,3.387763586295562e-09,84.79517614547844,84.79515720365336,-74.26191633686128
7500,5,legacy,40dB,3.5,2.9211317703024875e-06,2.6904429856463108e-06,0.0356281479194812,0.0356452166572234,9.413844180042154e-05,41.21969453577637,41.22177465611311,-40.86450110617736
7500,5,legacy,60dB,3.5,3.0342337243571503e-08,2.7078277534818828e-08,0.0356431498772745,0.0356452166572234,9.437676235882638e-07,61.19355041622647,61.19380223603128,-60.699522277056
7500,5,legacy,clean,0.0,1.3824211929349847e-09,1.6327193297076534e-10,0.0356451090003836,0.0356452166572234,2.9935140883775636e-09,83.39088412716733,83.39089724388997,-74.11360875715472
7500,8,balanced,40dB,3.5,6.800901822430213e-06,6.074823896613059e-06,0.0356491406893422,0.0356452166572234,8.443476344189496e-05,37.68515373122846,37.68467566099649,-37.19434753334892
7500,8,balanced,60dB,3.5,6.800985195627906e-08,6.074666149548706e-08,0.0356450017946537,0.0356452166572234,8.443503340495272e-07,57.6847622586967,57.684788437218906,-57.19429429291302
7500,8,balanced,clean,0.0,5.847476112178779e-14,1.108603118190976e-14,0.0356452220067805,0.0356452166572234,1.1401824478715325e-13,125.07225228137798,125.07225162959826,-117.8503280244068
7500,8,legacy,40dB,3.5,7.802559414983626e-06,7.025343493795622e-06,0.0356518679230722,0.0356452166572234,8.439320379016804e-05,37.05414725670932,37.05333695483479,-36.59764174348481
7500,8,legacy,60dB,3.5,7.802702196745375e-08,7.02556599546738e-08,0.0356451856583325,0.0356452166572234,8.439282192457124e-07,57.05319563351301,57.05319941036005,-56.59756227114684
7500,8,legacy,clean,0.0,6.218858576013364e-14,1.6814055776051062e-14,0.0356452234388897,0.0356452166572234,9.75614567884935e-14,123.2632885765639,123.26328775029872,-117.5829057819658
7500,12,balanced,40dB,3.5,1.6781443503319025e-05,1.5540973676132732e-05,0.0356334116556638,0.0356452166572234,6.667084637838528e-05,33.60379180250142,33.60523033946669,-33.271719435996204
7500,12,balanced,60dB,3.5,1.6781443495707958e-07,1.554097368891969e-07,0.035642525826981,0.0356452166572234,6.667084639155622e-07,53.604902477923424,53.60523033589335,-53.27171943796591
7500,12,balanced,clean,0.0,2.6110099088886723e-22,1.087742825751755e-22,0.0356452166570333,0.0356452166572234,2.9663467097171373e-22,205.1547503119596,205.1547503119828,-201.35192738775805
7500,12,legacy,40dB,3.5,2.2425991988455005e-05,1.998565611518257e-05,0.0356561600507159,0.0356452166572234,6.602751802082453e-05,32.514161600954395,32.51282848351295,-32.012495960996155
7500,12,legacy,60dB,3.5,2.242599202177741e-07,1.998565614940072e-07,0.0356442926572422,0.0356452166572234,6.602751801565033e-07,52.51271589623289,52.51282847607723,-52.01249595454304
7500,12,legacy,clean,0.0,3.3204662099483653e-22,2.4397394000039684e-22,0.0356452166571658,0.0356452166572234,2.582240935140508e-22,201.64657818978685,201.6465781897939,-200.3080219367953
7750,5,balanced,40dB,3.5,2.881724565166289e-06,2.4346550801315665e-06,0.0342721136920437,0.0342519820971504,9.24547646518244e-05,41.48503446851954,41.48248265350471,-40.75033239697134
7750,5,balanced,60dB,3.5,3.0951152042680256e-08,2.4289106393510782e-08,0.0342535629546801,0.0342519820971504,9.306858055000618e-07,61.4929421498876,61.49274171130955,-60.44008889682356
7750,5,balanced,clean,0.0,1.968282567872138e-09,1.4006504636064572e-10,0.0342517895313716,0.0342519820971504,4.931658690210207e-09,83.88353497370936,83.88355938995774,-72.40598262194897
7750,5,legacy,40dB,3.5,3.1105201827742324e-06,2.830664786291148e-06,0.0342353769536437,0.0342519820971504,9.233046964233016e-05,40.82586671814855,40.827972660745104,-40.41852684721987
7750,5,legacy,60dB,3.5,3.2733337528702975e-08,2.820512643112585e-08,0.0342503547159531,0.0342519820971504,9.289845122567446e-07,60.84337022833712,60.8435765753632,-60.196954196224766
7750,5,legacy,clean,0.0,2.042040446967098e-09,1.6916666599427175e-10,0.0342523301967843,0.0342519820971504,4.3785943186344275e-09,83.06375331884144,83.06370918213089,-72.24621368387737
7750,8,balanced,40dB,3.5,7.0206413241445374e-06,7.864914208263297e-06,0.0342693579781367,0.0342519820971504,8.284484557841449e-05,36.3921197855169,36.38991718720693,-36.883089223173386
7750,8,balanced,60dB,3.5,7.020345123563773e-08,7.864501768926698e-08,0.0342530833454853,0.0342519820971504,8.284356740002974e-07,56.390284568396254,56.390144938991625,-56.883272455709445
7750,8,balanced,clean,0.0,9.402509769357789e-14,1.9589283079840484e-14,0.034251977120486,0.0342519820971504,1.913318105280565e-13,122.42667103088502,122.42667166189612,-115.61441915018892
7750,8,legacy,40dB,3.5,7.84041561469474e-06,9.081292014832726e-06,0.0342546653806493,0.0342519820971504,8.298542501893832e-05,35.765720885154415,35.765380674310514,-36.40346623425122
7750,8,legacy,60dB,3.5,7.840623774142331e-08,9.080273970031452e-08,0.0342515373231988,0.0342519820971504,8.298560457231674e-07,55.76581116598179,55.76586756100339,-56.40335093258376
7750,8,legacy,clean,0.0,9.876690202896269e-14,3.740473913234226e-14,0.0342519738006072,0.0342519820971504,1.6249894740752088e-13,119.61758972918426,119.61759078113604,-115.40074276663717
7750,12,balanced,40dB,3.5,1.6579974629602547e-05,1.6754298970112646e-05,0.0342654244221311,0.0342519820971504,6.525184009859455e-05,33.10729854600125,33.105594474602604,-33.151018466877915
7750,12,balanced,60dB,3.5,1.6579974644796554e-07,1.6754298980318048e-07,0.034251834132023,0.0342519820971504,6.525184011455897e-07,53.10557571083066,53.105594471957225,-53.151018462898
7750,12,balanced,clean,0.0,5.603611628430684e-22,2.3276425949549527e-22,0.0342519820972515,0.0342519820971504,6.528865557600793e-22,201.67769412339408,201.67769412338123,-197.8621768050288
7750,12,legacy,40dB,3.5,2.0565425349255865e-05,2.048469712864387e-05,0.0342842580713768,0.0342519820971504,6.524548865688792e-05,32.23665208367224,32.23256161168068,-32.215480120164194
7750,12,legacy,60dB,3.5,2.0565425415850707e-07,2.0484697152952498e-07,0.0342533588059207,0.0342519820971504,6.524548864031607e-07,52.23273616139073,52.23256160652702,-52.2154801061009
7750,12,legacy,clean,0.0,6.953935129818904e-22,4.531267258024202e-22,0.0342519820967376,0.0342519820971504,5.65050439642901e-22,198.78466030352072,198.78466030357305,-196.92455073327213
8000,5,balanced,40dB,3.5,2.910781164914121e-06,3.415032887385184e-06,0.0329245941712748,0.0328818544981353,9.315382595036382e-05,39.841255401784856,39.83561412887375,-40.5294674723427
8000,5,balanced,60dB,3.5,3.2293991805531355e-08,3.4725411217063975e-08,0.0328864547302355,0.0328818544981353,9.391336617585832e-07,59.76369660269345,59.76308905919923,-60.07834572520341
8000,5,balanced,clean,0.0,2.8463083181974103e-09,2.8576701389622097e-10,0.0328825073987891,0.0328818544981353,7.099405225396981e-09,80.60952829796477,80.60944206549993,-70.62674361257156
8000,5,legacy,40dB,3.5,2.878756095689331e-06,3.7878200514422177e-06,0.0328950775337395,0.0328818544981353,9.36750142980801e-05,39.38741575641416,39.38566964533939,-40.57751432679324
8000,5,legacy,60dB,3.5,3.164864027817381e-08,3.834100681706676e-08,0.0328835961668354,0.0328818544981353,9.445215969339294e-07,59.333157930675256,59.3329279019601,-60.166012471169815
8000,5,legacy,clean,0.0,2.861070055541238e-09,4.715141992792303e-10,0.0328826080171042,0.0328818544981353,6.296139711352171e-09,78.43471479709655,78.43461527552586,-70.60427811283573
8000,8,balanced,40dB,3.5,6.907928679732559e-06,6.840431926267219e-06,0.0329218769416193,0.0328818544981353,8.408484445685316e-05,36.824010619395146,36.81872777961681,-36.77608458174014
8000,8,balanced,60dB,3.5,6.907990883354018e-08,6.840313043066584e-08,0.0328852332480441,0.0328818544981353,8.408567831727281e-07,56.81924949148812,56.818803258427565,-56.7760454751292
8000,8,balanced,clean,0.0,1.5339623168670368e-13,2.7783271993934922e-14,0.032881852518866,0.0328818544981353,3.149561033118927e-13,120.73172886499906,120.73172912641552,-113.3114161234135
8000,8,legacy,40dB,3.5,7.083471496129604e-06,7.437752458661777e-06,0.0328921792514802,0.0328818544981353,8.485859116797154e-05,36.45650928166868,36.45514583071823,-36.667101526157566
8000,8,legacy,60dB,3.5,7.08391565263928e-08,7.437986859967952e-08,0.0328822506147395,0.0328818544981353,8.485933473747452e-07,56.45506128233056,56.4550089646551,-56.666829218046985
8000,8,legacy,clean,0.0,1.7385967899127925e-13,3.722587518155337e-14,0.0328818557752678,0.0328818544981353,2.6703370703630973e-13,119.46111403305764,119.46111386437748,-112.76757429836547
8000,12,balanced,40dB,3.5,1.7044874784328232e-05,1.824029221020316e-05,0.0329288939635628,0.0328818544981353,6.631547598533566e-05,32.565453521372866,32.55924511796662,-32.85362488112682
8000,12,balanced,60dB,3.5,1.704487482109066e-07,1.824029224813093e-07,0.0328850244065408,0.0328818544981353,6.631547602325119e-07,52.55966376153232,52.55924510893615,-52.85362487175995
8000,12,balanced,clean,0.0,1.2044202185227948e-21,5.065697637963181e-22,0.0328818544987942,0.0328818544981353,1.399832845654298e-21,198.12317039267168,198.12317039258463,-194.3617826588483
8000,12,legacy,40dB,3.5,1.9900423626064945e-05,2.1821732031965898e-05,0.0329008676786432,0.0328818544981353,6.7068797254495e-05,31.783181331476765,31.780670848682888,-32.1809398179941
8000,12,legacy,60dB,3.5,1.9900423716947635e-07,2.1821732166615806e-07,0.0328819647788775,0.0328818544981353,6.706879729961595e-07,51.78068538743738,51.78067082188497,-52.18093979816043
8000,12,legacy,clean,0.0,1.4166298132879542e-21,9.58786879195214e-22,0.0328818544990429,0.0328818544981353,1.2061003053459724e-21,195.3523422110155,195.35234221089564,-193.6569992587754
8250,5,balanced,40dB,3.5,2.9005935516243707e-06,2.5583071425646766e-06,0.0315301617165389,0.0315381688420949,9.324563157475104e-05,40.90773514881435,40.90883790527953,-40.36349596726816
8250,5,balanced,60dB,3.5,3.314555656920297e-08,2.553152613509712e-08,0.0315377565535463,0.0315381688420949,9.443010174992316e-07,60.917540211108026,60.91759698542897,-59.78411157929849
8250,5,balanced,clean,0.0,4.049012632661258e-09,3.4198477875446823e-10,0.0315388899331137,0.0315381688420949,1.0101928715043506e-08,79.64839626831196,79.64829697203642,-68.9148734213204
8250,5,legacy,40dB,3.5,3.407176058823154e-06,3.1581692913642726e-06,0.0315557985444439,0.0315381688420949,9.307162450796814e-05,39.99643768479671,39.99401067538071,-39.6644189845082
8250,5,legacy,60dB,3.5,3.8144655032363945e-08,3.1820855758272233e-08,0.0315388009100574,0.0315381688420949,9.41626349928116e-07,59.96133322691709,59.96124618924568,-59.17402782240074
8250,5,legacy,clean,0.0,4.065363439085932e-09,4.290870798495503e-10,0.0315372525415455,0.0315381688420949,8.922436959628374e-09,78.66278418047924,78.66291036093547,-68.89737096751944
8250,8,balanced,40dB,3.5,7.0889607666796e-06,6.652337191426302e-06,0.0315388510995374,0.0315381688420949,8.36668802692914e-05,36.75871614279871,36.75862219395877,-36.48253901085137
8250,8,balanced,60dB,3.5,7.088973548358773e-08,6.652209471085014e-08,0.0315376041711651,0.0315381688420949,8.366649439214468e-07,56.758627817969234,56.75870557634053,-56.48253118035559
8250,8,balanced,clean,0.0,2.4831730516330233e-13,4.0621748312211414e-14,0.0315381745197511,0.0315381688420949,5.095450838947146e-13,118.90077941063372,118.90077862879552,-111.03829487403884
8250,8,legacy,40dB,3.5,8.046081687949118e-06,7.259795109692631e-06,0.0315599363011997,0.0315381688420949,8.369417648898005e-05,36.38211754029938,36.37912109920886,-35.93252036435652
8250,8,legacy,60dB,3.5,8.045806972033797e-08,7.25961418216298e-08,0.0315396319509731,0.0315381688420949,8.369346170554849e-07,56.37943080664613,56.37922933477984,-55.932668647269296
8250,8,legacy,clean,0.0,2.683050246596076e-13,7.312976307067522e-14,0.0315381805235485,0.0315381688420949,4.326087583605025e-13,116.34742468354024,116.3474230749529,-110.70207667912464
8250,12,balanced,40dB,3.5,1.7237924826594136e-05,1.535960058103766e-05,0.0315520408950461,0.0315381688420949,6.550587730276917e-05,33.126475339316954,33.12456551648658,-32.62351491422338
8250,12,balanced,60dB,3.5,1.7237924848587666e-07,1.5359600615220617e-07,0.0315380046343838,0.0315381688420949,6.550587739394583e-07,53.12454289463706,53.12456550682131,-52.6235149086823
8250,12,balanced,clean,0.0,2.27617684451368e-21,7.9941310131632965e-22,0.0315381688423482,0.0315381688420949,2.9169301408965643e-21,195.96065212386435,195.96065212382945,-191.41630472911245
8250,12,legacy,40dB,3.5,2.1765993860625697e-05,2.0074846801648253e-05,0.0315436227999895,0.0315381688420949,6.600747032936658e-05,31.962593310774533,31.961842341671595,-31.6105797153572
8250,12,legacy,60dB,3.5,2.1765993778617505e-07,2.007484666962153e-07,0.0315367552987437,0.0315381688420949,6.60074703386434e-07,51.9616477147236,51.961842370233946,-51.61057973172021
8250,12,legacy,clean,0.0,3.031769110241298e-21,1.8978374977105355e-21,0.0315381688424367,0.0315381688420949,2.5146242580044615e-21,192.2057745064956,192.20577450644856,-190.1714035012153
8500,5,balanced,40dB,3.5,2.7468607608912268e-06,2.519853264551841e-06,0.0302463278503104,0.0302239847090662,9.311481953206438e-05,40.792974035208815,40.78976469066216,-40.415150753846056
8500,5,balanced,60dB,3.5,3.3148808772052326e-08,2.5495460053687938e-08,0.0302254373593292,0.0302239847090662,9.448092398554296e-07,60.73909740764316,60.7388886784372,-59.598837945444735
8500,5,balanced,clean,0.0,5.638048260682043e-09,3.8336381396846524e-10,0.0302233902064544,0.0302239847090662,1.4196940451246175e-08,78.96732061191686,78.9674060380265,-67.29222931824951
8500,5,legacy,40dB,3.5,3.175077594224828e-06,2.6733744150876863e-06,0.030233849587124,0.0302239847090662,9.328668953396896e-05,40.534336607166296,40.53291933438666,-39.78597377583493
8500,5,legacy,60dB,3.5,3.8087379317161515e-08,2.7746024908409282e-08,0.0302255084786226,0.0302239847090662,9.440643831763262e-07,60.37172843837989,60.37150949040356,-58.99570629722432
8500,5,legacy,clean,0.0,5.974770696397967e-09,5.040388157606125e-10,0.0302248981306488,0.0302239847090662,1.2516069036099426e-08,77.77900863278428,77.77887738339328,-67.0403047855296
8500,8,balanced,40dB,3.5,6.429007651803445e-06,7.412590401863884e-06,0.0302530290747653,0.0302239847090662,8.457899513721957e-05,36.10798861822515,36.103817179215824,-36.72207778200336
8500,8,balanced,60dB,3.5,6.42937892542343e-08,7.41278268007883e-08,0.0302263114495925,0.0302239847090662,8.457794906174475e-07,56.10403884838644,56.10370452725451,-56.72182698524358
8500,8,balanced,clean,0.0,3.9599803478353403e-13,7.614135632282994e-14,0.0302239857216091,0.0302239847090662,8.114318305941601e-13,115.98731126677794,115.98731112128362,-108.82658690198424
8500,8,legacy,40dB,3.5,7.377443000996189e-06,7.9108859319697e-06,0.0302293050825932,0.0302239847090662,8.462719362955635e-05,35.8220304122971,35.821265984462535,-36.12445858085293
8500,8,legacy,60dB,3.5,7.377263086599607e-08,7.911332178423191e-08,0.0302238360793407,0.0302239847090662,8.462613582827563e-07,55.8209996525349,55.821021009489975,-56.1245644939483
8500,8,legacy,clean,0.0,4.058629834441058e-13,1.659345612367511e-13,0.0302239661590176,0.0302239847090662,6.896905997795263e-13,112.60414602998203,112.60414869547644,-108.7197227737414
8500,12,balanced,40dB,3.5,1.5971162182271292e-05,1.6901233285840982e-05,0.0302443812579743,0.0302239847090662,6.643908550126649e-05,32.52726307790726,32.52433324547837,-32.77015201027484
8500,12,balanced,60dB,3.5,1.597116223649419e-07,1.6901233297639205e-07,0.0302245869595855,0.0302239847090662,6.643908557154089e-07,52.52441978016628,52.52433324244669,-52.77015199553033
8500,12,balanced,clean,0.0,4.692249326204324e-21,1.7287715731649007e-21,0.0302239847093154,0.0302239847090662,5.914628494738385e-21,192.42614108194996,192.42614108191407,-188.08970640238115
8500,12,legacy,40dB,3.5,2.0260209932553857e-05,2.1183190080586477e-05,0.0302739178370293,0.0302239847090662,6.613596799795773e-05,31.55077264689212,31.543603576246607,-31.73707779732532
8500,12,legacy,60dB,3.5,2.026021001427771e-07,2.1183190252020981e-07,0.0302271546024055,0.0302239847090662,6.613596803159735e-07,51.5440590055298,51.543603541099365,-51.73707777980713
8500,12,legacy,clean,0.0,5.8876487373551225e-21,4.517650353306333e-21,0.0302239847084396,0.0302239847090662,5.126903743632843e-21,188.2543910548904,188.25439105498043,-187.1040982917305
8750,5,balanced,40dB,3.5,2.7138288142938606e-06,3.0454318488951343e-06,0.0289564784004019,0.0289420778859786,9.23221943521245e-05,39.78096857908324,39.77880822674263,-40.27947258606736
8750,5,balanced,60dB,3.5,3.5218808739025696e-08,3.204615790194569e-08,0.0289443162153715,0.0289420778859786,9.416070827308188e-07,59.55787325920007,59.55753739647462,-59.14755045860411
8750,5,balanced,clean,0.0,7.855253877742039e-09,8.839899608550861e-10,0.0289432351212584,0.0289420778859786,1.9708693272212212e-08,75.15099739708812,75.15082374996756,-65.66369482141248
8750,5,legacy,40dB,3.5,3.396439226834669e-06,4.081088069210924e-06,0.0288987339362952,0.0289420778859786,9.185538335328924e-05,38.501028497011546,38.50753741039016,-39.30505859838695
8750,5,legacy,60dB,3.5,4.165822103161063e-08,4.1606599979654727e-08,0.0289376254531214,0.0289420778859786,9.341934768902043e-07,58.42300663721434,58.42367480478024,-58.41828987976282
8750,5,legacy,clean,0.0,8.038506032932442e-09,1.575728055189806e-09,0.0289422858664989,0.0289420778859786,1.7420404177918135e-08,72.64051561269045,72.64048440398868,-65.5635436587783
8750,8,balanced,40dB,3.5,6.52014451604138e-06,5.807966929952751e-06,0.0289536070077968,0.0289420778859786,8.329890791593083e-05,36.97678540487025,36.975055730521575,-36.47272486138564
8750,8,balanced,60dB,3.5,6.520198927248289e-08,5.809236486742522e-08,0.0289426334491063,0.0289420778859786,8.329911862102262e-07,56.97418987998303,56.97410651496482,-56.47268861926208
8750,8,balanced,clean,0.0,6.174995827926581e-13,9.894813136386603e-14,0.0289420661792719,0.0289420778859786,1.271917603530278e-12,114.66121935284768,114.6612211095146,-106.70893039411942
8750,8,legacy,40dB,3.5,7.479892312401512e-06,7.573231667331481e-06,0.0288956195184514,0.0289420778859786,8.296077357618521e-05,35.815507679006046,35.82248465696341,-35.876343625213885
8750,8,legacy,60dB,3.5,7.479069709827486e-08,7.57323822537895e-08,0.0289367623635745,0.0289420778859786,8.295935073586205e-07,55.82168319462866,55.82248089618766,-55.87682126765796
8750,8,legacy,clean,0.0,6.856346917363144e-13,1.0612396282393317e-13,0.0289420817898673,0.0289420778859786,1.0818737948270785e-12,114.35716307693416,114.35716249113062,-106.2543692401874
8750,12,balanced,40dB,3.5,1.578481614169742e-05,1.6041594942794765e-05,0.028957305353683,0.0289420778859786,6.63401766084208e-05,32.56510599749244,32.56282161897929,-32.63290180232473
8750,12,balanced,60dB,3.5,1.5784816004720085e-07,1.604159486906324e-07,0.0289421800000281,0.0289420778859786,6.63401765117025e-07,52.56283696178311,52.56282163894065,-52.6329018400119
8750,12,balanced,clean,0.0,9.34790445947054e-21,3.522125666582986e-21,0.0289420778867933,0.0289420778859786,1.1704945342959415e-20,189.1472486074724,189.14724860735012,-184.9081544289359
8750,12,legacy,40dB,3.5,1.9998672849445587e-05,2.22580075364675e-05,0.0289087695669643,0.0289420778859786,6.499683512457561e-05,31.135433222252157,31.14043422790195,-31.60528531917425
8750,12,legacy,60dB,3.5,1.9998672725950058e-07,2.225800759545194e-07,0.0289369471739879,0.0289420778859786,6.499683497773172e-07,51.13966425183008,51.14043421639301,-51.60528534599274
8750,12,legacy,clean,0.0,1.1809090815102826e-20,7.114283806216395e-21,0.028942077886499,0.0289420778859786,1.019974533610975e-20,186.0939852165831,186.09398521650505,-183.893132454588
9000,5,balanced,40dB,3.5,2.846589446335446e-06,2.640706745700497e-06,0.0276991497098036,0.0276949342527103,9.140914428537448e-05,40.20746262729034,40.20680163621442,-39.88075503590898
9000,5,balanced,60dB,3.5,3.92335144415567e-08,2.74210268483684e-08,0.0276959902565491,0.0276949342527103,9.408298241062888e-07,60.04333183754368,60.043166244842645,-58.487431255747246
9000,5,balanced,clean,0.0,1.1048515992145882e-08,8.818093858018616e-10,0.0276959229496259,0.0276949342527103,2.7047352837937045e-08,74.9704112526271,74.97025621418342,-63.99096389840245
9000,5,legacy,40dB,3.5,2.945663634618803e-06,2.61836107131668e-06,0.0276858803722348,0.0276949342527103,9.21641406097036e-05,40.24228802582478,40.24370803034871,-39.732171852329344
9000,5,legacy,60dB,3.5,4.006962251558325e-08,2.7323999460021278e-08,0.0276922771931082,0.0276949342527103,9.4580114467689e-07,60.05814402065414,60.05856070396209,-58.39585087388152
9000,5,legacy,clean,0.0,1.0942717916119509e-08,9.869204854716107e-10,0.0276932816678575,0.0276949342527103,2.4050471423147996e-08,74.48092259209369,74.4811817477537,-64.03275134452326
9000,8,balanced,40dB,3.5,6.573068941196819e-06,6.432946881029614e-06,0.0277072049934365,0.0276949342527103,8.260384215514734e-05,36.341827525715566,36.33990373174446,-36.246321511033486
9000,8,balanced,60dB,3.5,6.572568754446409e-08,6.432958679450162e-08,0.0276955713060841,0.0276949342527103,8.260919566584923e-07,56.33999566406462,56.33989576652364,-56.24665200598666
9000,8,balanced,clean,0.0,9.527505147878865e-13,1.75750100275409e-13,0.0276949359875606,0.0276949342527103,1.961406005571762e-12,111.97504784199658,111.97504756994832,-104.63421146375194
9000,8,legacy,40dB,3.5,7.181251869740868e-06,7.097954895234527e-06,0.0276794821790742,0.0276949342527103,8.321598818571134e-05,35.910247259402325,35.9126710322999,-35.86200179369311
9000,8,legacy,60dB,3.5,7.18188528173521e-08,7.09964479885543e-08,0.0276927602172138,0.0276949342527103,8.321615272086731e-07,55.91129624137716,55.911637173286,-55.86161874738339
9000,8,legacy,clean,0.0,1.0502801176654785e-12,3.267113717607951e-13,0.0276949536739842,0.0276949342527103,1.6735420441189453e-12,109.2823639191082,109.28236087358766,-104.2109519432839
9000,12,balanced,40dB,3.5,1.6158186094727746e-05,1.5172288580095545e-05,0.0277197879816862,0.0276949342527103,6.502959056967296e-05,32.61738809715048,32.61349243995417,-32.34007732858765
9000,12,balanced,60dB,3.5,1.615818604558841e-07,1.517228867808428e-07,0.0276959653896506,0.0276949342527103,6.502959095921879e-07,52.61365410528356,52.61349241190569,-52.340077341795165
9000,12,balanced,clean,0.0,1.7551648304175523e-20,6.03433216727726e-21,0.0276949342535899,0.0276949342527103,2.2650195295333152e-20,186.61771125716365,186.6177112570257,-181.98082430449875
9000,12,legacy,40dB,3.5,2.0731636719526965e-05,1.846588819591684e-05,0.0276707126745536,0.0276949342527103,6.468321366110384e-05,31.75650143039234,31.760301367353737,-31.25766748384516
9000,12,legacy,60dB,3.5,2.073163674312641e-07,1.8465888608477322e-07,0.0276906462506126,0.0276949342527103,6.468321331913383e-07,51.759628800834896,51.760301270324696,-51.25766747890145
9000,12,legacy,clean,0.0,2.4859294534073286e-20,1.6308968378468818e-20,0.0276949342560686,0.0276949342527103,1.973671646976736e-20,182.29973847857173,182.29973847804516,-180.46911538559627
9250,5,balanced,40dB,3.5,2.6708975560915598e-06,2.2891230764433537e-06,0.0264467047552859,0.0264847459452544,9.316591025340464e-05,40.62702423415628,40.63326667849293,-39.9633858061424
9250,5,balanced,60dB,3.5,4.1701523666573546e-08,2.437066083919876e-08,0.0264800032127054,0.0264847459452544,9.652649553110262e-07,60.36050727707504,60.3612850557348,-58.02843888056099
9250,5,balanced,clean,0.0,1.4966906531275563e-08,1.2532412296684855e-09,0.026483968439583,0.0264847459452544,3.6716900202876215e-08,73.24948387618343,73.24961137273559,-62.47863764837866
9250,5,legacy,40dB,3.5,2.8985872403454573e-06,2.8704703450471795e-06,0.0264997888373182,0.0264847459452544,9.346406292160578e-05,39.65289348777722,39.65042746812922,-39.60809435225683
9250,5,legacy,60dB,3.5,4.421205395335381e-08,2.9873386781251366e-08,0.0264873475745854,0.0264847459452544,9.697001376307602e-07,59.4775400863803,59.47711349449456,-57.77455119990739
9250,5,legacy,clean,0.0,1.5442693007285727e-08,1.446395332155615e-09,0.0264862535954971,0.0264847459452544,3.290917579452953e-08,72.62733521366995,72.62708799757553,-62.342727733418506
9250,8,balanced,40dB,3.5,6.771240792705841e-06,7.91983118383358e-06,0.0264507396930948,0.0264847459452544,8.365452745734616e-05,35.237218971269655,35.24279886895706,-35.92327553267373
9250,8,balanced,60dB,3.5,6.771042209380253e-08,7.919477173587879e-08,0.0264807565812201,0.0264847459452544,8.365000565607802e-07,55.24233877792515,55.24299299952489,-55.923402902102495
9250,8,balanced,clean,0.0,1.4921347009517009e-12,3.428433503801421e-13,0.0264847689187897,0.0264847459452544,2.9783320209106992e-12,108.87900457520172,108.8790008080237,-102.4918778092304
9250,8,legacy,40dB,3.5,7.029934170218367e-06,8.132476317337592e-06,0.0265015018737219,0.0264847459452544,8.445307886559679e-05,35.1304767941072,35.127730040821305,-35.76044553110706
9250,8,legacy,60dB,3.5,7.030555966784605e-08,8.134172147779116e-08,0.0264857478524556,0.0264847459452544,8.445054364936208e-07,55.12698880828944,55.12682451955521,-55.76006141531148
9250,8,legacy,clean,0.0,1.5262798370377597e-12,5.51301720026429e-13,0.0264847003936827,0.0264847459452544,2.5616100601305105e-12,106.81605716920868,106.81606463872086,-102.39361644324816
9250,12,balanced,40dB,3.5,1.6532968094354366e-05,1.8229273885380807e-05,0.0264620213222193,0.0264847459452544,6.486951544209698e-05,31.61853645008204,31.622264412903128,-32.04644983688786
9250,12,balanced,60dB,3.5,1.6532968093344766e-07,1.8229273787824905e-07,0.0264809855181667,0.0264847459452544,6.48695152741668e-07,51.62164776091299,51.62226443614486,-52.04644983715306
9250,12,balanced,clean,0.0,3.3995087159615464e-20,1.3590634523832312e-20,0.0264847459478592,0.0264847459452544,4.2912868522823984e-20,182.89756077683813,182.89756077641096,-178.91579652330512
9250,12,legacy,40dB,3.5,1.9941973691819888e-05,2.18998752729677e-05,0.0264727755228897,0.0264847459452544,6.624977467864005e-05,30.823578356466253,30.82554169928271,-31.23227672341698
9250,12,legacy,60dB,3.5,1.9941973715491785e-07,2.189987512253313e-07,0.0264817541194816,0.0264847459452544,6.624977494760292e-07,50.82505110450394,50.82554172911526,-51.23227671826173
9250,12,legacy,clean,0.0,4.2198345366330044e-20,3.3305754615009504e-20,0.0264847459386941,0.0264847459452544,3.7218382770147357e-20,179.0047653321761,179.0047653332519,-177.97700389091983
9500,5,balanced,40dB,3.5,2.831262441174674e-06,3.184938439553082e-06,0.0252863316031866,0.0253134097724061,9.357644062212044e-05,38.997847865050296,39.00249607086123,-39.51370521783808
9500,5,balanced,60dB,3.5,4.8194068963348825e-08,3.5498191766406914e-08,0.0253115694550236,0.0253134097724061,9.872657628033957e-07,58.53112843414441,58.531444183285146,-57.20357054753522
9500,5,balanced,clean,0.0,1.989107314441065e-08,3.165805773291099e-09,0.0253146545876066,0.0253134097724061,4.9331648928768717e-08,69.02887739162723,69.0286638277158,-61.04692435125415
9500,5,legacy,40dB,3.5,3.1331967550622503e-06,3.8489921148002e-06,0.0253045472899753,0.0253134097724061,9.345854827868756e-05,38.17851550603287,38.18003628145661,-39.07362981440222
9500,5,legacy,60dB,3.5,4.9986909671482666e-08,4.067922650488216e-08,0.0253112458647461,0.0253134097724061,9.76704214774372e-07,57.93940835997587,57.9397796309089,-57.0449436122731
9500,5,legacy,clean,0.0,2.0329773062783413e-08,3.084395897481484e-09,0.0253123030725669,0.0253134097724061,4.4621403207379115e-08,69.14161544996745,69.14180532724774,-60.95218118805946
9500,8,balanced,40dB,3.5,6.866097833966654e-06,6.20116737559561e-06,0.0252848199033953,0.0253134097724061,8.42685002208908e-05,36.10386411083502,36.10877195988455,-35.66640662199291
9500,8,balanced,60dB,3.5,6.866718436135944e-08,6.201104598814157e-08,0.0253099091393616,0.0253134097724061,8.42692296410796e-07,56.10821529088344,56.10881592539318,-55.66601409639225
9500,8,balanced,clean,0.0,2.312314161568035e-12,3.48430674009682e-13,0.0253133834374469,0.0253134097724061,4.459955553074257e-12,108.6123381667914,108.6123426850027,-100.39303810538028
9500,8,legacy,40dB,3.5,7.734896305492155e-06,6.929865687575101e-06,0.0253079840763744,0.0253134097724061,8.431204929688187e-05,35.625327351942225,35.626258321904494,-35.14896153632859
9500,8,legacy,60dB,3.5,7.735846078870848e-08,6.932209715706827e-08,0.0253121823258225,0.0253134097724061,8.431323577126019e-07,55.62457897415477,55.62478956854236,-55.14842829580569
9500,8,legacy,clean,0.0,2.378577713075333e-12,4.615031102538179e-13,0.0253134222794395,0.0253134097724061,3.8862114545043824e-12,107.39176231851572,107.39176017272254,-100.27033304237364
9500,12,balanced,40dB,3.5,1.7290811961569997e-05,1.6753380763526906e-05,0.0252800001008829,0.0253134097724061,6.577911470628632e-05,31.78674612281558,31.792481904661525,-31.655352616821407
9500,12,balanced,60dB,3.5,1.729081204471794e-07,1.6753381217921584e-07,0.0253085126326702,0.0253134097724061,6.577911412592188e-07,51.79164151819954,51.79248178686972,-51.65535259593709
9500,12,balanced,clean,0.0,6.665080593382191e-20,2.6238836590393142e-20,0.0253134097729529,0.0253134097724061,7.968196517273249e-20,179.84406074686464,179.84406074677085,-175.7954524430787
9500,12,legacy,40dB,3.5,2.0572895861992732e-05,2.0706106277032145e-05,0.0252904061655728,0.0253134097724061,6.576738973572477e-05,30.868573654391444,30.872522107690692,-30.900552217922403
9500,12,legacy,60dB,3.5,2.057289540869183e-07,2.0706106358558278e-07,0.025309257851331,0.0253134097724061,6.576738981472063e-07,50.87180969967983,50.872522090591225,-50.90055231361437
9500,12,legacy,clean,0.0,9.050351594252956e-20,5.460085028888516e-20,0.0253134097726732,0.0253134097724061,6.881198380699726e-20,176.6615124358805,176.66151243583468,-174.46685198225845
9750,5,balanced,40dB,3.5,2.8147373526345733e-06,2.424048932409384e-06,0.0241159214631314,0.0241825278404231,9.263104806054272e-05,39.97762478503892,39.98960314081313,-39.34063820024103
9750,5,balanced,60dB,3.5,5.37463523021784e-08,2.6648042810422322e-08,0.0241761697720882,0.0241825278404231,9.894538818378758e-07,59.57722179364357,59.57836379049033,-56.53152701868766
9750,5,balanced,clean,0.0,2.7831839470077205e-08,2.400063073810537e-09,0.0241831448909039,0.0241825278404231,6.566470273807047e-08,70.03290122764179,70.03279041284122,-59.38959785631777
9750,5,legacy,40dB,3.5,3.058154883605729e-06,2.831739992328723e-06,0.0241776374746931,0.0241825278404231,9.268642589830004e-05,39.313604870363854,39.31448322090067,-38.980422194790464
9750,5,legacy,60dB,3.5,5.730747780189288e-08,3.03374551994842e-08,0.0241812089582913,0.0241825278404231,9.95990826686507e-07,59.01498861956226,59.01522548431679,-56.25290401581744
9750,5,legacy,clean,0.0,2.6764647780461086e-08,1.9415345155946903e-09,0.0241819086744618,0.0241825278404231,5.995782207523835e-08,70.95345461063638,70.95356580819383,-59.559401639383466
9750,8,balanced,40dB,3.5,7.212001315957314e-06,6.829205450400566e-06,0.0241236953670784,0.0241825278404231,8.319920871016716e-05,35.480736573154346,35.491315181651075,-35.25445899137277
9750,8,balanced,60dB,3.5,7.212711433590735e-08,6.830206750712146e-08,0.0241759813063809,0.0241825278404231,8.320599179498537e-07,55.48950261188142,55.490678464353984,-55.25403139163432
9750,8,balanced,clean,0.0,3.3577859657284408e-12,9.194837456771696e-13,0.0241825120507915,0.0241825278404231,6.584571998225913e-12,104.19957356535062,104.19957640101453,-98.57448686841644
9750,8,legacy,40dB,3.5,7.660895001374888e-06,7.79682621864546e-06,0.0241841605612121,0.0241825278404231,8.307742875337184e-05,34.91613163050455,34.915838419762686,-34.992221864012635
9750,8,legacy,60dB,3.5,7.657180902290279e-08,7.795398530242637e-08,0.0241820411299466,0.0241825278404231,8.307530520778926e-07,54.91654632633459,54.91663373564216,-54.99432788931169
9750,8,legacy,clean,0.0,3.684205702495223e-12,1.0853120700143905e-12,0.0241825717720359,0.0241825278404231,5.836056948017621e-12,103.47947852470894,103.47947063502932,-98.17157826002943
9750,12,balanced,40dB,3.5,1.8453462374831596e-05,1.6453664861460727e-05,0.0241424228549722,0.0241825278404231,6.41526430577749e-05,31.66518205250448,31.67239049353801,-31.17423832755276
9750,12,balanced,60dB,3.5,1.8453462483367237e-07,1.6453664633226538e-07,0.0241768565322846,0.0241825278404231,6.415264296278827e-07,51.6713719230129,51.67239055378043,-51.17423830200935
9750,12,balanced,clean,0.0,1.2001910335857201e-19,5.1695859535400715e-20,0.0241825278426667,0.0241825278404231,1.4499012836765713e-19,176.70045935833969,176.70045935793678,-173.04251318527193
9750,12,legacy,40dB,3.5,1.8956457143936508e-05,1.860640346210363e-05,0.0242034805271882,0.0241825278404231,6.571588853725108e-05,31.142153892299387,31.138392624478836,-31.057445230617247
9750,12,legacy,60dB,3.5,1.8956458033414865e-07,1.8606403295497613e-07,0.0241829170286058,0.0241825278404231,6.571588862020811e-07,51.1384625571846,51.13839266336656,-51.0574450268368
9750,12,legacy,clean,0.0,1.7308645085301488e-19,1.2747102789986458e-19,0.0241825278411345,0.0241825278404231,1.2551553349431693e-19,172.78090208561446,172.78090208548664,-171.4523862364695
10000,5,balanced,40dB,3.5,3.037610848220714e-06,2.847714409615896e-06,0.0230756475939505,0.0230934103196661,9.181129309330156e-05,39.08657465083605,39.08991639289928,-38.809559369658245
10000,5,balanced,60dB,3.5,6.686007365295822e-08,3.388596855955152e-08,0.0230908755860868,0.0230934103196661,1.0035026538497534e-06,58.334204977485406,58.3346816854332,-55.383212214214026
10000,5,balanced,clean,0.0,3.6733626054363074e-08,4.271867343713539e-09,0.0230928675421848,0.0230934103196661,8.671556875272765e-08,67.32860106626575,67.3287031421532,-57.98424271502954
10000,5,legacy,40dB,3.5,3.120253079754903e-06,2.798444548744333e-06,0.0231407457710982,0.0230934103196661,9.236492494008214e-05,39.17460645346709,39.16571366325465,-38.69298251576797
10000,5,legacy,60dB,3.5,6.788439486547467e-08,3.0801716987584256e-08,0.0230985257652501,0.0230934103196661,1.0026730202406136e-06,58.75009336312247,58.74913145938472,-55.31718121125469
10000,5,legacy,clean,0.0,3.6361517319770747e-08,3.226355123508453e-09,0.0230941422826878,0.0230934103196661,7.9876122077861e-08,68.54789668879596,68.5477590380726,-58.02846074613147
10000,8,balanced,40dB,3.5,6.856321699172959e-06,7.48801179335241e-06,0.0230789830128427,0.0230934103196661,8.24629385888461e-05,34.88850147768527,34.891215523674155,-35.273968855706805
10000,8,balanced,60dB,3.5,6.85714546007073e-08,7.48865639785041e-08,0.0230913860543604,0.0230934103196661,8.247154812383755e-07,54.89046097808871,54.89084167793878,-55.27344709879649
10000,8,balanced,clean,0.0,5.211199740990333e-12,1.6401694561818793e-12,0.0230934497983128,0.0230934103196661,9.573821553958235e-12,101.48600094481398,101.48599352046932,-96.46550352461098
10000,8,legacy,40dB,3.5,7.413419384404382e-06,8.699642777818738e-06,0.0231431292162316,0.0230934103196661,8.259565026411754e-05,34.249206600638324,34.23986651984335,-34.93469502814953
10000,8,legacy,60dB,3.5,7.41364818253109e-08,8.699597605893017e-08,0.0230976209353951,0.0230934103196661,8.259685093531833e-07,54.24068084602187,54.23988907015893,-54.93456099522163
10000,8,legacy,clean,0.0,5.038655574376932e-12,1.5267667210739077e-12,0.0230933058041815,0.0230934103196661,8.660033641679607e-12,101.79713421508876,101.79715387030656,-96.61173399642549
10000,12,balanced,40dB,3.5,1.717247821990522e-05,1.8294788453663996e-05,0.0230990675477619,0.0230934103196661,6.48163011637934e-05,31.012670568348625,31.01160680079573,-31.286550978693317
10000,12,balanced,60dB,3.5,1.717247839443183e-07,1.8294789487598426e-07,0.0230924305291185,0.0230934103196661,6.481630072796262e-07,51.01142229211554,51.011606555353154,-51.28655093455528
10000,12,balanced,clean,0.0,2.366568842022946e-19,1.0310258193516141e-19,0.0230934103304226,0.0230934103196661,2.582696628230812e-19,173.50218531106776,173.50218530904488,-169.89368929750918
10000,12,legacy,40dB,3.5,2.0553106308665685e-05,2.2999752278085875e-05,0.0231316726972185,0.0230934103196661,6.475393801928713e-05,30.02483880187266,30.017649136805087,-30.50610603511419
10000,12,legacy,60dB,3.5,2.0553108078677305e-07,2.2999755348919317e-07,0.0230953867603352,0.0230934103196661,6.475393826226454e-07,50.01802023031567,50.01764855695279,-50.50610566110443
10000,12,legacy,clean,0.0,2.956788091414439e-19,2.1086272427598482e-19,0.0230934103001816,0.0230934103196661,2.271881629724533e-19,170.39488258572047,170.39488258938468,-168.92667871691714
10250,5,balanced,40dB,3.5,3.17363060117683e-06,3.739583042023151e-06,0.0220445708354716,0.0220470802682355,9.362690413521788e-05,37.704784666758464,37.70527901558686,-38.41794708171579
10250,5,balanced,60dB,3.5,7.841888286834877e-08,4.8175763174538313e-08,0.0220466329937239,0.0220470802682355,1.0466264235860863e-06,56.60513669296834,56.60522480024618,-54.48930432085666
10250,5,balanced,clean,0.0,4.70034079826938e-08,9.216852554182946e-09,0.0220471746193569,0.0220470802682355,1.1379071908205449e-07,63.78770301881845,63.78768443309952,-56.71221735662039
10250,5,legacy,40dB,3.5,3.377885469463261e-06,3.6690725399560585e-06,0.0220431307853798,0.0220470802682355,9.364731319290456e-05,37.78716979270405,37.787947851404255,-38.14706162964199
10250,5,legacy,60dB,3.5,7.972588297624534e-08,4.293243329849622e-08,0.0220463838569998,0.0220470802682355,1.0428367779734322e-06,57.10551860933571,57.105655794092144,-54.417517454474
10250,5,legacy,clean,0.0,4.7108510299958564e-08,5.4507064141383706e-09,0.0220470791542057,0.0220470802682355,1.055717393158634e-07,66.06898270626355,66.06898292571076,-56.70251712391181
10250,8,balanced,40dB,3.5,7.5329094597682996e-06,6.915356079607319e-06,0.0220690442787097,0.0220470802682355,8.403974381060915e-05,35.03968978685121,35.0353653592477,-34.663883357141366
10250,8,balanced,60dB,3.5,7.534275103270324e-08,6.914450825250591e-08,0.0220485829379058,0.0220470802682355,8.404360777352228e-07,55.036229902791895,55.03593390944527,-54.66309609468191
10250,8,balanced,clean,0.0,8.002543823335993e-12,1.1177430472118128e-12,0.0220470627393689,0.0220470802682355,1.3735745892321346e-11,102.95008760902608,102.9500910619518,-94.40123022170717
10250,8,legacy,40dB,3.5,7.35766514226122e-06,7.01936136609844e-06,0.0220411270862398,0.0220470802682355,8.460413475868168e-05,34.96936197608388,34.97053482218553,-34.7661106467705
10250,8,legacy,60dB,3.5,7.358448318224505e-08,7.019640685666725e-08,0.0220458802620645,0.0220470802682355,8.460860518637952e-07,54.9701256182953,54.97036200798298,-54.765648392928206
10250,8,legacy,clean,0.0,7.617400537402767e-12,1.831876126116006e-12,0.0220471441581414,0.0220470802682355,1.269526844572883e-11,100.80456239041928,100.80454980508236,-94.61544291042942
10250,12,balanced,40dB,3.5,1.8414217345231944e-05,1.827503462415745e-05,0.0220806254097637,0.0220470802682355,6.662838708362448e-05,30.821531616999053,30.81492874814703,-30.7819781839033
10250,12,balanced,60dB,3.5,1.84142180048368e-07,1.8275036471394656e-07,0.0220487775051577,0.0220470802682355,6.66283885589893e-07,50.81526262656482,50.81492830916297,-50.78197802833724
10250,12,balanced,clean,0.0,4.389275189309471e-19,1.9001747594157968e-19,0.0220470802708176,0.0220470802682355,4.509548940758834e-19,170.6455753838553,170.64557538334665,-167.00958273108938
10250,12,legacy,40dB,3.5,2.053207539509082e-05,2.106477919853304e-05,0.0220739764610373,0.0220470802682355,6.662640558208777e-05,30.203236638950028,30.197941720636265,-30.309182329175854
10250,12,legacy,60dB,3.5,2.053207476730513e-07,2.106477709658415e-07,0.0220479219987092,0.0220470802682355,6.662640566282491e-07,50.19810795913648,50.197942153997005,-50.3091824619651
10250,12,legacy,clean,0.0,5.836982305528995e-19,4.2047582574969992e-19,0.022047080265997,0.0220470802682355,4.0988719402665257e-19,167.1961005109136,167.19610051135453,-165.7716270649249
10500,5,balanced,40dB,3.5,3.0596175182617778e-06,2.69796011984338e-06,0.0210460937992511,0.0210442804102286,9.099549004758832e-05,38.92135975833649,38.920985542206914,-38.374669411681445
10500,5,balanced,60dB,3.5,9.355756936206093e-08,3.234773989963849e-08,0.0210443249085825,0.0210442804102286,1.051931601487824e-06,58.13291055962129,58.132901376428165,-53.52055149782424
10500,5,balanced,clean,0.0,6.439961872629884e-08,6.116719322005061e-09,0.0210444287694408,0.0210442804102286,1.4851081490752948e-07,65.36618589265197,65.36615527561077,-55.14250783882882
10500,5,legacy,40dB,3.5,3.193821101058896e-06,2.505195515378976e-06,0.0210368484992873,0.0210442804102286,9.159962821831992e-05,39.24139053721318,39.24292454451242,-38.18823494159227
10500,5,legacy,60dB,3.5,9.252514834971437e-08,2.9640216516762012e-08,0.0210426687761386,0.0210442804102286,1.0481303003782171e-06,58.51219447424732,58.51252708271909,-53.56874289946927
10500,5,legacy,clean,0.0,6.101276355100817e-08,3.6087426352599733e-09,0.0210436285496208,0.0210442804102286,1.3843742741793537e-07,67.6576471668979,67.657781694591,-55.37713383389399
10500,8,balanced,40dB,3.5,7.006670874747395e-06,7.369295105584981e-06,0.0210626708319787,0.0210442804102286,8.167030908675793e-05,34.56087492319814,34.55708131717436,-34.776223622363204
10500,8,balanced,60dB,3.5,7.007103649063603e-08,7.36657623512261e-08,0.0210454193754995,0.0210442804102286,8.166032322150186e-07,54.55891896795853,54.5586839240714,-54.77595538414206
10500,8,balanced,clean,0.0,1.1218883133038506e-11,4.936477967842006e-12,0.0210442032204996,0.0210442804102286,1.9554005262805596e-11,96.29715284017294,96.29716876998106,-92.73184456032858
10500,8,legacy,40dB,3.5,7.726184925981834e-06,7.817447668304795e-06,0.0210443699286168,0.0210442804102286,8.200339046541285e-05,34.30070944778106,34.3006909737546,-34.35168981281099
10500,8,legacy,60dB,3.5,7.730592079991608e-08,7.824170082278245e-08,0.0210436544142747,0.0210442804102286,8.200748422941186e-07,54.296828784570565,54.29695797436791,-54.3492132257211
10500,8,legacy,clean,0.0,1.1358083323782551e-11,2.998651841407737e-12,0.0210443474935634,0.0210442804102286,1.839133376631145e-11,98.46209419538395,98.46208035130132,-92.67829029661208
10500,12,balanced,40dB,3.5,1.7505199863151585e-05,1.6899883129269697e-05,0.0210791587821795,0.0210442804102286,6.364816174654771e-05,30.959695739815466,30.95250378767286,-30.799670064130492
10500,12,balanced,60dB,3.5,1.750520111437537e-07,1.6899884356435969e-07,0.021046192781119,0.0210442804102286,6.364816074858815e-07,50.952898113696826,50.952503472314746,-50.79966975370869
10500,12,balanced,clean,0.0,8.012938381616146e-19,4.607846141155669e-19,0.0210442804120847,0.0210442804102286,7.760906075878805e-19,166.59636110781946,166.5963611074364,-164.19342276948834
10500,12,legacy,40dB,3.5,2.0232684252596585e-05,1.8871458670703567e-05,0.021059017122397,0.0210442804102286,6.443221455370673e-05,30.47632627415972,30.47328609754053,-30.17080575974624
10500,12,legacy,60dB,3.5,2.023268804548912e-07,1.8871463102432625e-07,0.0210439331411081,0.0210442804102286,6.443221455180307e-07,50.47321341052882,50.473285077653685,-50.1708049456021
10500,12,legacy,clean,0.0,1.005533348317546e-18,7.015196418815411e-19,0.0210442804115702,0.0210442804102286,7.36200080006891e-19,164.77094244699816,164.7709424467213,-163.20737601574962
10750,5,balanced,40dB,3.5,2.8618031967638768e-06,2.976028020367763e-06,0.0201305972022225,0.0200854817504842,9.148548041759328e-05,38.30219643099961,38.29245236819281,-38.46242488280395
10750,5,balanced,60dB,3.5,1.109119901776484e-07,4.2526766256753897e-08,0.0200898119967535,0.0200854817504842,1.1060952628222016e-06,56.74313512443242,56.74219892614143,-52.5790375451344
10750,5,balanced,clean,0.0,8.310791419178653e-08,1.1523363848773337e-08,0.0200855581577595,0.0200854817504842,1.92622598391416e-07,62.41304629953394,62.41302977854861,-53.83239870047142
10750,5,legacy,40dB,3.5,3.0402086746470807e-06,3.0828903300127305e-06,0.0200810247495719,0.0200854817504842,9.173012402131435e-05,38.138277958921584,38.13924177234658,-38.19978858898845
10750,5,legacy,60dB,3.5,1.090667256891083e-07,3.5813414844512525e-08,0.0200867708978955,0.0200854817504842,1.091237513091492e-06,57.48864392804157,57.48836519355676,-52.65189977448123
10750,5,legacy,clean,0.0,8.002975586484104e-08,6.290899169784771e-09,0.0200877060042893,0.0200854817504842,1.7994002333522468e-07,65.04217619198621,65.04169528359488,-53.99630760693336
10750,8,balanced,40dB,3.5,6.891195131813831e-06,7.231044138984684e-06,0.0201494638235868,0.0200854817504842,8.217719320941413e-05,34.45062481555376,34.4368124023318,-34.6458770513267
10750,8,balanced,60dB,3.5,6.896372703130403e-08,7.229669407169278e-08,0.020091297549604,0.0200854817504842,8.21807159952883e-07,54.43889546890027,54.43763814089777,-54.64261528567657
10750,8,balanced,clean,0.0,1.6648669081066562e-11,6.347836569745602e-12,0.0200855237089058,0.0200854817504842,2.77269402003535e-11,95.0025742302776,95.0025651579077,-90.81502731655684
10750,8,legacy,40dB,3.5,7.79788370172985e-06,8.693454379398097e-06,0.020082322645713,0.0200854817504842,8.161434612808947e-05,33.63621560820982,33.636898733311284,-34.10905498953052
10750,8,legacy,60dB,3.5,7.803358749452006e-08,8.694678087731623e-08,0.0200842916204554,0.0200854817504842,8.161712433807016e-07,53.63603011337004,53.63628745458013,-54.10600679241553
10750,8,legacy,clean,0.0,1.5819013573514833e-11,4.7853240781833036e-12,0.0200852901387821,0.0200854817504842,2.630660598753275e-11,96.22966754656514,96.22970897763604,-91.03702854052236
10750,12,balanced,40dB,3.5,1.7345360885557173e-05,1.8642808514391507e-05,0.0201641592765255,0.0200854817504842,6.494160951357438e-05,30.34068780433487,30.32370913915525,-30.636989125977244
10750,12,balanced,60dB,3.5,1.7345362603440942e-07,1.8642809653765777e-07,0.0200917884549483,0.0200854817504842,6.494160949104023e-07,50.32507231478001,50.32370887373175,-50.6369886958522
10750,12,balanced,clean,0.0,1.4846966516739421e-18,8.870115420150767e-19,0.0200854817886203,0.0200854817504842,1.320765747480247e-18,163.54952982558328,163.54952981733737,-161.3124452365034
10750,12,legacy,40dB,3.5,2.109846543065963e-05,2.338694072727943e-05,0.0200559543063395,0.0200854817504842,6.413073241277072e-05,29.332699165323607,29.339088377882675,-29.78631384145992
10750,12,legacy,60dB,3.5,2.10984649985244e-07,2.3386938271058213e-07,0.0200806301018228,0.0200854817504842,6.413073071576238e-07,49.3380396688451,49.33908883400192,-49.7863139304114
10750,12,legacy,clean,0.0,1.5456896376303386e-18,1.1076006716560114e-18,0.0200854817034244,0.0200854817504842,1.3055460955111126e-18,162.5849904130012,162.58499042317663,-161.1375995734374
11000,5,balanced,40dB,3.5,2.8866085148582208e-06,3.2874198543946745e-06,0.0191787477234391,0.0191708938936135,9.238112960210468e-05,37.6596507274627,37.65787189727867,-38.22254475117636
11000,5,balanced,60dB,3.5,1.289960490954828e-07,5.41059528622246e-08,0.0191705572882707,0.0191708938936135,1.1772326141795198e-06,55.49389688186133,55.49397313658747,-51.72065954592614
11000,5,balanced,clean,0.0,1.0336769736014324e-07,1.9992209480484943e-08,0.019169928012952,0.0191708938936135,2.4794167636228576e-07,59.81759688289706,59.817815697528935,-52.682575215295806
11000,5,legacy,40dB,3.5,3.358230592761917e-06,3.76853248490635e-06,0.0191667753980498,0.0191708938936135,9.289826780752948e-05,37.06376790429877,37.06470100218239,-37.56531849840462
11000,5,legacy,60dB,3.5,1.3438901936770244e-07,4.349464545276813e-08,0.0191713620119185,0.0191708938936135,1.1627285654156984e-06,56.44217172993024,56.44206568442408,-51.54278578561679
11000,5,legacy,clean,0.0,1.017702462123399e-07,1.0045471862241829e-08,0.0191721972215277,0.0191708938936135,2.315972539202052e-07,62.80701546347369,62.806720219608366,-52.75021538273096
11000,8,balanced,40dB,3.5,6.945558726668996e-06,5.987040038400266e-06,0.0191834344202237,0.0191708938936135,8.332677427170472e-05,35.05714199257209,35.054302009738095,-34.409351757305465
11000,8,balanced,60dB,3.5,6.942952557227845e-08,5.984063883840209e-08,0.019171577962153,0.0191708938936135,8.332338091837493e-07,55.05661638723626,55.05646142216614,-54.410981658448
11000,8,balanced,clean,0.0,2.5052376455395648e-11,3.4998209975369814e-12,0.0191709551878054,0.0191708938936135,3.911506975788423e-11,97.38597919609605,97.38596531062628,-88.83793434372697
11000,8,legacy,40dB,3.5,7.997149067656925e-06,7.203055684008333e-06,0.0191685130036715,0.0191708938936135,8.286927219729477e-05,34.25071651663946,34.2512559132806,-33.79707172093424
11000,8,legacy,60dB,3.5,7.99421250392413e-08,7.200794515485908e-08,0.0191701034345394,0.0191708938936135,8.288450997375336e-07,54.25244038260095,54.252619455675735,-53.798666748891726
11000,8,legacy,clean,0.0,2.295482470364997e-11,7.336253954652639e-12,0.0191710799195704,0.0191708938936135,3.7120732419316354e-11,94.17172221030808,94.17168006847838,-89.21768382888386
11000,12,balanced,40dB,3.5,1.7856973586650454e-05,1.6659248735107012e-05,0.0192003117970279,0.0191708938936135,6.526425769865014e-05,30.6165286875676,30.60986950894904,-30.308345072458287
11000,12,balanced,60dB,3.5,1.7856970209047058e-07,1.665924684343322e-07,0.0191722285515877,0.0191708938936135,6.526425351335411e-07,50.610172342935286,50.609870002094645,-50.308345893915885
11000,12,balanced,clean,0.0,2.797710073666781e-18,1.1409349891140753e-18,0.0191708938883794,0.0191708938936135,2.2176693242851873e-18,162.25381464492582,162.25381464611158,-158.3583965687202
11000,12,legacy,40dB,3.5,2.089788544923841e-05,2.0139161605624995e-05,0.0192001470830503,0.0191708938936135,6.504071787593669e-05,29.792631687450868,29.786009765872286,-29.62540019194701
11000,12,legacy,60dB,3.5,2.0897881341449678e-07,2.0139156013605538e-07,0.0191719384373306,0.0191708938936135,6.504071572327627e-07,49.78624759465427,49.786010971773294,-49.62540104561718
11000,12,legacy,clean,0.0,2.6931606942036e-18,1.9835813665960214e-18,0.0191708939319524,0.0191708938936135,2.267322701287019e-18,159.85192344392598,159.85192343524076,-158.52380096021892
11250,5,balanced,40dB,3.5,2.7868187251875706e-06,2.485779281460418e-06,0.018310990450163,0.0183004769228555,9.062899389693108e-05,38.672492722039,38.66999843959247,-38.17353687903947
11250,5,balanced,60dB,3.5,1.6074853831999973e-07,4.149464373258269e-08,0.0183010140842899,0.0183004769228555,1.213956911738348e-06,56.444831151045456,56.44470367741505,-50.56315375295077
11250,5,balanced,clean,0.0,1.3749218689465405e-07,1.4142134290911469e-08,0.0183001741284177,0.0183004769228555,3.1693043286213284e-07,61.11940265213648,61.11947450984924,-51.24184388156711
11250,5,legacy,40dB,3.5,3.3123502586654435e-06,2.625802837307207e-06,0.018307679359386,0.0183004769228555,9.050701734739404e-05,38.43371184322771,38.43200294619521,-37.42326153638072
11250,5,legacy,60dB,3.5,1.6375950816429289e-07,3.606863592820458e-08,0.0183011189081359,0.0183004769228555,1.1859053939820863e-06,57.0534792463659,57.0533268974541,-50.48255882591717
11250,5,legacy,clean,0.0,1.338044766604044e-07,1.0978797554232294e-08,0.0183007098574933,0.0183004769228555,2.9516801221777085e-07,62.21913158804541,62.21907630993191,-51.35991764138414
11250,8,balanced,40dB,3.5,6.6482280520946e-06,7.367654373838492e-06,0.0183181472142527,0.0183004769228555,8.092152886343726e-05,33.95552300562086,33.95133163534199,-34.397564993872024
11250,8,balanced,60dB,3.5,6.651399661595976e-08,7.380486895053242e-08,0.0183014911900069,0.0183004769228555,8.093248754171882e-07,53.9440146368874,53.94377394456956,-54.395493638852216
11250,8,balanced,clean,0.0,3.330377621793566e-11,1.8489907320249178e-11,0.0183003053415152,0.0183004769228555,5.479951781422592e-11,89.95523601731256,89.95527673602112,-87.39968928205576
11250,8,legacy,40dB,3.5,7.462308889848321e-06,7.94511961951921e-06,0.0182977586205105,0.0183004769228555,8.129628512950745e-05,33.62297453981588,33.62361967677029,-33.89589185913356
11250,8,legacy,60dB,3.5,7.455661886840916e-08,7.94160964326765e-08,0.0182995552233147,0.0183004769228555,8.129271228782242e-07,53.62531997965986,53.62553871663967,-53.899762032847605
11250,8,legacy,clean,0.0,3.2585668850251676e-11,8.66715019495316e-12,0.0183005011831788,0.0183004769228555,5.1751338458551966e-11,93.24586661002414,93.2458608527329,-87.49435768177852
11250,12,balanced,40dB,3.5,1.6966848100711404e-05,1.687883454706905e-05,0.018336458909584,0.0183004769228555,6.362607671304464e-05,30.359730135049038,30.3511995180892,-30.32861236141246
11250,12,balanced,60dB,3.5,1.6966846878603145e-07,1.6878836992952597e-07,0.018302548083914,0.0183004769228555,6.362607604982814e-07,50.35169037481634,50.3511988887604,-50.32861267423126
11250,12,balanced,clean,0.0,4.73731071729188e-18,3.4925573525027725e-18,0.0183004768992188,0.0183004769228555,3.685074810284796e-18,157.19318860780103,157.19318861341034,-155.86930537117303
11250,12,legacy,40dB,3.5,2.0741586768688803e-05,1.9885528092181215e-05,0.0183219397988387,0.0183004769228555,6.392073334859182e-05,29.644343229646253,29.639252790234096,-29.456204302541824
11250,12,legacy,60dB,3.5,2.0741589876760485e-07,1.988552852315596e-07,0.0183007564617746,0.0183004769228555,6.392073134704643e-07,49.63931903388036,49.63925269611039,-49.45620365176313
11250,12,legacy,clean,0.0,4.615841919976425e-18,2.596007145211839e-18,0.0183004769162986,0.0183004769228555,3.850829755517997e-18,158.48156524255697,158.48156524411303,-155.98211480888716
11500,5,balanced,40dB,3.5,3.061169485473862e-06,3.033456821787575e-06,0.0174646919428969,0.0174739546838501,9.428303696657012e-05,37.602231120073455,37.60453387519759,-37.5650382957818
11500,5,balanced,60dB,3.5,2.0461110262219057e-07,5.821940879843047e-08,0.0174740643029739,0.0174739546838501,1.3389527522240202e-06,54.77326138555036,54.77323414109877,-49.31462009364314
11500,5,balanced,clean,0.0,1.758688608189548e-07,2.649095743640007e-08,0.0174753943294498,0.0174739546838501,4.035523980384432e-07,58.19329329457511,58.19293550242283,-49.97202254620887
11500,5,legacy,40dB,3.5,3.127783536079846e-06,3.0987444395149567e-06,0.017444020626869,0.0174739546838501,9.433277866373876e-05,37.50460831073034,37.5120544463306,-37.47154515805663
11500,5,legacy,60dB,3.5,1.981315502392787e-07,4.86776276079096e-08,0.0174753129036718,0.0174739546838501,1.31264407724664e-06,55.55095556785771,55.55061801149971,-49.45437567500723
11500,5,legacy,clean,0.0,1.681987969289481e-07,1.6827788526112008e-08,0.0174790854074505,0.0174739546838501,3.730759979752954e-07,60.16491658824387,60.1636415947337,-50.16568319991443
11500,8,balanced,40dB,3.5,6.92175446977781e-06,7.244653978405556e-06,0.0174709109515491,0.0174739546838501,8.478634807184597e-05,33.82297902757549,33.82373557714121,-34.02175015270061
11500,8,balanced,60dB,3.5,6.927546392569589e-08,7.24538836214989e-08,0.0174730406873599,0.0174739546838501,8.479120941357627e-07,53.82306819026935,53.82329535923081,-54.01811762239496
11500,8,balanced,clean,0.0,4.705099725644637e-11,1.531536442197064e-11,0.0174739694828155,0.0174739546838501,7.644044787408536e-11,90.5726423780784,90.57263869997207,-85.69822372268041
11500,8,legacy,40dB,3.5,7.702478603470147e-06,8.120663158307309e-06,0.0174474936947833,0.0174739546838501,8.443088654281965e-05,33.32141553540304,33.32799708586577,-33.557607045234114
11500,8,legacy,60dB,3.5,7.714075123683368e-08,8.122540393508286e-08,0.0174703665722653,0.0174739546838501,8.443051005339541e-07,53.32610137894933,53.32699325322888,-53.55107341161287
11500,8,legacy,clean,0.0,4.8911713551300746e-11,1.6409761686010934e-11,0.0174736781710185,0.0174739546838501,7.155841399287976e-11,90.27282058672108,90.27288931125952,-85.52978327129624
11500,12,balanced,40dB,3.5,1.764165843449164e-05,1.916287588497218e-05,0.0174760011707636,0.0174739546838501,6.673217240747893e-05,29.59981378382846,29.599305183486543,-29.958517957820607
11500,12,balanced,60dB,3.5,1.7641655451493256e-07,1.9162873511910378e-07,0.0174725716760838,0.0174739546838501,6.673217403741905e-07,49.59896197747082,49.59930572130129,-49.95851869216192
11500,12,balanced,clean,0.0,7.38466791035734e-18,5.00827408062453e-18,0.017473954786996,0.0174739546838501,6.132852665244762e-18,155.42703119798188,155.42703117234618,-153.74060235299902
11500,12,legacy,40dB,3.5,2.082214393403056e-05,2.314749135845062e-05,0.0174402787156369,0.0174739546838501,6.67016617693012e-05,28.7704949053928,28.778872744617185,-29.23865760865606
11500,12,legacy,60dB,3.5,2.082214512158168e-07,2.3147493118421266e-07,0.0174687130305342,0.0174739546838501,6.670166477117444e-07,48.77756946802602,48.77887241441055,-49.23865736096453
11500,12,legacy,clean,0.0,7.18179610716605e-18,5.402278793282016e-18,0.0174739546132363,0.0174739546838501,6.422930378706268e-18,155.09814210448167,155.09814212203187,-153.86158133852473
11750,5,balanced,40dB,3.5,3.1604589940145027e-06,3.1467622306259045e-06,0.0166873045069791,0.0166908293098576,9.400182336184262e-05,37.245222620869896,37.246139869541736,-37.22727755950568
11750,5,balanced,60dB,3.5,2.443025595967667e-07,6.66676646399449e-08,0.0166891312096114,0.0166908293098576,1.457117141853738e-06,53.98518486978353,53.98562673703311,-48.345498986436645
11750,5,balanced,clean,0.0,2.127400263856278e-07,3.6808511479046314e-08,0.0166896266314189,0.0166908293098576,5.13060449938324e-07,56.56498365944563,56.56529660700428,-48.94628707043588
11750,5,legacy,40dB,3.5,3.395248989529301e-06,3.2514991797072405e-06,0.0167091967062882,0.0166908293098576,9.42812550024234e-05,37.10871922932426,37.10394267033776,-36.91606287178058
11750,5,legacy,60dB,3.5,2.443326635298099e-07,5.5684603358319297e-08,0.0166909481553244,0.0166908293098576,1.4294261788561582e-06,54.76745877628617,54.76742785286965,-48.34496386447236
11750,5,legacy,clean,0.0,2.1224472324443018e-07,2.4063608396213515e-08,0.0166892385524244,0.0166908293098576,4.689355238232414e-07,58.41075771023976,58.411171644195,-48.9564101404365
11750,8,balanced,40dB,3.5,6.974687989420852e-06,5.962045404306063e-06,0.016697286919937,0.0166908293098576,8.455526783863478e-05,34.47250630880317,34.47082636709012,-33.78953131466742
11750,8,balanced,60dB,3.5,6.978816603180685e-08,5.963751745538336e-08,0.0166910446530017,0.0166908293098576,8.458075619248895e-07,54.4696396231296,54.46958359132064,-53.78696130193086
11750,8,balanced,clean,0.0,6.831060654424976e-11,1.0282290772593353e-11,0.0166910485590227,0.0166908293098576,1.0660691061778472e-10,92.10393739521976,92.10388034707948,-83.8798977426927
11750,8,legacy,40dB,3.5,7.580236680253545e-06,6.169854499066299e-06,0.0167091471113605,0.0166908293098576,8.46347630510463e-05,34.32679360290739,34.32202993432834,-33.42795149848336
11750,8,legacy,60dB,3.5,7.583158764140343e-08,6.158299611819613e-08,0.0166922799440423,0.0166908293098576,8.464844968633583e-07,54.33054845345392,54.33017101562015,-53.42627767163098
11750,8,legacy,clean,0.0,6.328075153571873e-11,2.5740000128738665e-11,0.0166911638688214,0.0166908293098576,9.845873655469469e-11,88.11878076191816,88.11869371072795,-84.2120628751903
11750,12,balanced,40dB,3.5,1.8225810936727077e-05,1.669232896978719e-05,0.016699847459231,0.0166908293098576,6.55891519920517e-05,30.001955690752794,29.99960980682108,-29.61791054954382
11750,12,balanced,60dB,3.5,1.822581117686676e-07,1.6692334301300954e-07,0.0166900907655438,0.0166908293098576,6.55891498994852e-07,49.99941624660355,49.99960841968892,-49.61791049232204
11750,12,balanced,clean,0.0,1.2605725238075624e-17,4.1694182506359755e-18,0.0166908292695585,0.0166908293098576,1.0278369717597025e-17,156.0240245167673,156.0240245272531,-151.21910079062724
11750,12,legacy,40dB,3.5,2.120963528300564e-05,1.976160630543608e-05,0.0167281838739224,0.0166908293098576,6.588930028781823e-05,29.27626550596101,29.266556728676463,-28.959447152806938
11750,12,legacy,60dB,3.5,2.1209633138486745e-07,1.976161280203777e-07,0.0166926560333601,0.0166908293098576,6.588929515226556e-07,49.267030587404975,49.26655530093939,-48.95944759192471
11750,12,legacy,clean,0.0,1.1489761387089004e-17,9.093241523571439e-18,0.016690829459072,0.0166908293098576,1.0568632093502736e-17,152.63759193255942,152.6375918937339,-151.6216690621522
12000,5,balanced,40dB,3.5,3.142769158745019e-06,2.338017287743617e-06,0.0159434557363287,0.0159503968183127,9.34221576648824e-05,38.33734742288842,38.339237739303805,-37.05459009436178
12000,5,balanced,60dB,3.5,2.99115332744829e-07,4.265616895607001e-08,0.0159491440102174,0.0159503968183127,1.558497094978737e-06,55.72755531528409,55.72789644097355,-47.26932816352004
12000,5,balanced,clean,0.0,2.735570159394716e-07,2.0838731084788626e-08,0.0159500664438689,0.0159503968183127,6.504808286545612e-07,58.8389122624957,58.83900221717548,-47.65723634380996
12000,5,legacy,40dB,3.5,3.2708964793033622e-06,2.3892398889202973e-06,0.015975404428553,0.0159503968183127,9.358200658863164e-05,38.25192104654825,38.24511735240117,-36.88104692679958
12000,5,legacy,60dB,3.5,3.088744225841943e-07,6.028804044810862e-08,0.0159540126364974,0.0159503968183127,1.523790093245343e-06,54.22638763550363,54.22540323872667,-47.129895454914994
12000,5,legacy,clean,0.0,2.789704824949492e-07,3.36149873452898e-08,0.0159519349803352,0.0159503968183127,5.872807443883633e-07,56.76280418702259,56.76238539927792,-47.57213238455456
12000,8,balanced,40dB,3.5,6.983922264521084e-06,7.453386381565634e-06,0.0159505718109737,0.0159503968183127,8.357617681249871e-05,33.30422621141742,33.304178564997706,-33.5867209527219
12000,8,balanced,60dB,3.5,6.998131838942322e-08,7.475581581017047e-08,0.0159496049052399,0.0159503968183127,8.361261718893073e-07,53.29104944120256,53.291265067195766,-53.57789372055671
12000,8,balanced,clean,0.0,8.585494962005278e-11,4.5287770024512126e-11,0.0159501957914667,0.0159503968183127,1.48555106343203e-10,85.46785081972727,85.46790555529348,-82.69006154312504
12000,8,legacy,40dB,3.5,7.510026048938991e-06,8.60647607611882e-06,0.0159843031700785,0.0159503968183127,8.344807068628222e-05,32.688683422502514,32.67946126164803,-33.271300486427975
12000,8,legacy,60dB,3.5,7.516783764184417e-08,8.602506741249014e-08,0.0159529993384339,0.0159503968183127,8.345784797212653e-07,52.68217325561922,52.68146470401258,-53.267394349761965
12000,8,legacy,clean,0.0,8.469506653137847e-11,2.370405923410757e-11,0.0159502721471321,0.0159503968183127,1.347241243756274e-10,88.27945373754127,88.27948768291455,-82.74913378512565
12000,12,balanced,40dB,3.5,1.8026986852217345e-05,1.839135184932664e-05,0.0159405940430345,0.0159503968183127,6.496532120661304e-05,29.37890848741003,29.38157838961737,-29.46848350038749
12000,12,balanced,60dB,3.5,1.8026994610908869e-07,1.8391358806383026e-07,0.0159477939999172,0.0159503968183127,6.49653127409371e-07,49.38086799832168,49.38157674677423,-49.46848163121423
12000,12,balanced,clean,0.0,1.9307340450697773e-17,1.3053403783532993e-17,0.0159503966937254,0.0159503968183127,1.716762218030579e-17,150.87047716294,150.87047719686242,-149.1704903736073
12000,12,legacy,40dB,3.5,2.125036871359316e-05,2.133879456034043e-05,0.0160070665953098,0.0159503968183127,6.543097234487121e-05,28.751418695106924,28.736016097648385,-28.754050221604164
12000,12,legacy,60dB,3.5,2.125036677420127e-07,2.1338789551360933e-07,0.0159541512335563,0.0159503968183127,6.543097729919865e-07,48.737039242106846,48.736017117093226,-48.75405061795834
12000,12,legacy,clean,0.0,2.0834482785545496e-17,1.0151202225137569e-17,0.01595039678581,0.0159503968183127,1.720337853685256e-17,151.96254011567112,151.96254012452093,-148.83988768424356
12250,5,balanced,40dB,3.5,3.36650975894036e-06,2.72057959428528e-06,0.0152410470099265,0.0152517636038597,9.349586726020506e-05,37.48353366326296,37.4865862895758,-36.56140187513975
12250,5,balanced,60dB,3.5,3.703124796082645e-07,6.974755348106842e-08,0.0152532453557949,0.0152517636038597,1.7535650459474868e-06,53.39833277587624,53.397910867008505,-46.1475171715452
12250,5,balanced,clean,0.0,3.419567031301772e-07,4.316760025592275e-08,0.0152549052825904,0.0152517636038597,8.19838112388833e-07,55.48251609139018,55.48162158943944,-46.493489439523245
12250,5,legacy,40dB,3.5,3.40066300801272e-06,3.347107487645559e-06,0.0152471029552009,0.0152517636038597,9.344375456796064e-05,36.58517673519367,36.58650405928056,-36.5175646803218
12250,5,legacy,60dB,3.5,3.667451673814845e-07,7.099381235773068e-08,0.0152541095055403,0.0152517636038597,1.6745982143908338e-06,53.32166361405382,53.32099566912837,-46.18955665431771
12250,5,legacy,clean,0.0,3.363503264167008e-07,4.069159026936754e-08,0.0152551947182749,0.0152517636038597,7.321457558187944e-07,55.73913092514402,55.73815402403979,-46.56528211778508
12250,8,balanced,40dB,3.5,7.022894036876552e-06,6.576074858584051e-06,0.0152415950106156,0.0152517636038597,8.342664739914075e-05,33.65063669323317,33.6535331692522,-33.368039495401895
12250,8,balanced,60dB,3.5,7.051906047200862e-08,6.585517600288615e-08,0.0152500328288076,0.0152517636038597,8.34365225147281e-07,53.6468086381666,53.64730150491102,-53.35013547721
12250,8,balanced,clean,0.0,1.1709735565058445e-10,2.6097859932432635e-11,0.0152516724483076,0.0152517636038597,2.0578710161138808e-10,87.66712573666182,87.66715169331351,-81.14772977531786
12250,8,legacy,40dB,3.5,8.3965288801903e-06,8.139135887968315e-06,0.0152428077190821,0.0152517636038597,8.274899992273885e-05,32.7248667188195,32.727417659057416,-32.59220279172176
12250,8,legacy,60dB,3.5,8.417136988496666e-08,8.159610723350515e-08,0.0152497885884663,0.0152517636038597,8.27624205709413e-07,52.7159438295783,52.71650625229229,-52.58155669910684
12250,8,legacy,clean,0.0,1.331852547690023e-10,4.5049763502421266e-11,0.0152514037977143,0.0152517636038597,1.8255409588646875e-10,85.29617304245886,85.29627549858837,-80.58863919462483
12250,12,balanced,40dB,3.5,1.7526087374707202e-05,1.7763649545878485e-05,0.015244126262556,0.0152517636038597,6.521686085071953e-05,29.3357034073621,29.33787868755132,-29.396350927677027
12250,12,balanced,60dB,3.5,1.752608578565266e-07,1.7763634336559664e-07,0.0152494226802585,0.0152517636038597,6.521684598973866e-07,49.33721577605877,49.33788240600233,-49.39635132144298
12250,12,balanced,clean,0.0,2.910162392117838e-17,1.4729431759948524e-17,0.0152517637798695,0.0152517636038597,2.8182437854374704e-17,150.15134077561208,150.1513407254932,-147.19402841216987
12250,12,legacy,40dB,3.5,2.1039997502840157e-05,2.192260795544893e-05,0.0152868540999056,0.0152517636038597,6.484183770517997e-05,28.43425903234027,28.42427847876389,-28.602743813288587
12250,12,legacy,60dB,3.5,2.1040009529790377e-07,2.192262999700512e-07,0.0152533789553122,0.0152517636038597,6.484183256233643e-07,48.4247340597703,48.42427411225721,-48.60274133076138
12250,12,legacy,clean,0.0,3.3882518569909537e-17,2.7052513873669426e-17,0.0152517634944186,0.0152517636038597,2.7719780073581346e-17,147.51112433714775,147.51112436831113,-146.53344380243428
12500,5,balanced,40dB,3.5,3.2361243112084976e-06,3.042861763849829e-06,0.0145738262956947,0.0145938636501974,9.3299844754009e-05,36.8029136593812,36.80888061382807,-36.54145088263712
12500,5,balanced,60dB,3.5,4.382176139973322e-07,8.125010198686498e-08,0.0145925887310475,0.0145938636501974,1.948652385267234e-06,52.54308427955012,52.543463695550905,-45.22480454458076
12500,5,balanced,clean,0.0,4.1184309072733443e-07,5.152547620965077e-08,0.0145949579500854,0.0145938636501974,1.0257729987914727e-06,54.521808337548606,54.52148270028264,-45.494384998889686
12500,5,legacy,40dB,3.5,3.416104468815518e-06,2.7818155947105287e-06,0.0145921958489534,0.0145938636501974,9.366878371460288e-05,37.197923124741145,37.19841946915378,-36.30639140844896
12500,5,legacy,60dB,3.5,4.4837853184840717e-07,8.752129275433471e-08,0.0145872946345061,0.0145938636501974,1.831598242584687e-06,52.21861031045236,52.22056560454084,-45.12525473735301
12500,5,legacy,clean,0.0,4.185096496742486e-07,5.67662275235488e-08,0.0145870499335672,0.0145938636501974,9.06671005172327e-07,54.09877436052801,54.10080250785042,-45.424648082685465
12500,8,balanced,40dB,3.5,6.540943346188189e-06,6.1406583672674335e-06,0.0145854935066957,0.0145938636501974,8.305177235684213e-05,33.75706191975895,33.759553480635816,-33.485298967976846
12500,8,balanced,60dB,3.5,6.552101825093492e-08,6.139912152229864e-08,0.0145929086216676,0.0145938636501974,8.306592989570418e-07,53.75979705551689,53.76008126893851,-53.47789646241014
12500,8,balanced,clean,0.0,1.653050327492326e-10,2.7571849351402903e-11,0.0145943866589877,0.0145938636501974,2.824470713379119e-10,87.23719951221044,87.23704387435667,-79.45884208375284
12500,8,legacy,40dB,3.5,7.620086585427302e-06,6.135338469220755e-06,0.0145973310744331,0.0145938636501974,8.377407620213487e-05,33.76434931621786,33.76331757823435,-32.82210378178362
12500,8,legacy,60dB,3.5,7.64457878281638e-08,6.14475521209792e-08,0.01459394010691,0.0145938636501974,8.384935856836507e-07,53.75667972960785,53.75665697713994,-52.80816723611152
12500,8,legacy,clean,0.0,1.6379750365274027e-10,6.022220940967985e-11,0.0145943252330614,0.0145938636501974,2.442510741989084e-10,83.8442733553209,83.8441359964107,-79.4986300570949
12500,12,balanced,40dB,3.5,1.769124081528116e-05,1.5742461680703033e-05,0.0145987573532707,0.0145938636501974,6.517313405375927e-05,29.67243245352961,29.67097639498627,-29.164119901360444
12500,12,balanced,60dB,3.5,1.769122463719487e-07,1.5742449774008585e-07,0.0145927607540608,0.0145938636501974,6.517313188158932e-07,49.67065145973255,49.6709796797417,-49.16412387284944
12500,12,balanced,clean,0.0,4.8969367398098985e-17,1.8597842013646362e-17,0.014593863589521,0.0145938636501974,4.532393583195111e-17,148.9470772842264,148.94707730228288,-144.74245790642192
12500,12,legacy,40dB,3.5,2.1207464740296934e-05,2.0043033035762125e-05,0.0145824422354635,0.0145938636501974,6.473164892177023e-05,28.618668224650825,28.622068420458504,-28.376815307292933
12500,12,legacy,60dB,3.5,2.1207440471721915e-07,2.0043008012768098e-07,0.0145908131703284,0.0145938636501974,6.473165160683765e-07,48.62116596427927,48.622073842469725,-48.37682027710633
12500,12,legacy,clean,0.0,4.975619185266002e-17,4.208660399725932e-17,0.014593864020946,0.0145938636501974,4.4137959303614206e-17,145.40026411792718,145.40026400759717,-144.67323150614774
12750,5,balanced,40dB,3.5,3.257435206136664e-06,2.379086074765942e-06,0.0139868499041488,0.013975476282135,9.437647702613854e-05,37.69309759407392,37.6895646250932,-36.32490831611745
12750,5,balanced,60dB,3.5,5.401752983160694e-07,4.770381236788861e-08,0.0139751738843797,0.013975476282135,2.2104120306139077e-06,54.66804132105344,54.66813529359122,-44.12831897054518
12750,5,balanced,clean,0.0,5.13362066693881e-07,2.5346847723495104e-08,0.0139741516533858,0.013975476282135,1.2751362076013333e-06,57.41401496366832,57.41442661777556,-44.3494284283134
12750,5,legacy,40dB,3.5,3.445875421266977e-06,2.806302797412863e-06,0.0139714988849956,0.013975476282135,9.47018283810187e-05,36.97108471244261,36.97232088317759,-36.08067045153903
12750,5,legacy,60dB,3.5,5.713055229127117e-07,1.024705706164876e-07,0.0139756863276812,0.013975476282135,2.0660377455970814e-06,51.34773990095584,51.34767462880745,-43.88498195018151
12750,5,legacy,clean,0.0,5.420414459022334e-07,7.008191038514323e-08,0.0139764417316691,0.013975476282135,1.1157354091743475e-06,52.99790686369266,52.997606856083024,-44.11334122405013
12750,8,balanced,40dB,3.5,6.743673349568174e-06,7.335276817264293e-06,0.0139916437351794,0.013975476282135,8.35593359156353e-05,32.80452230497604,32.79950109691355,-33.1647009175603
12750,8,balanced,60dB,3.5,6.771447784577099e-08,7.34468379311708e-08,0.013976308035392,0.013975476282135,8.357384559195116e-07,52.794193607825775,52.79393514429025,-53.14685083582815
12750,8,balanced,clean,0.0,2.0620623810399727e-10,7.805710155136749e-11,0.0139752783336853,0.013975476282135,3.8451544969904696e-10,82.52948045274948,82.52954196659452,-78.31064818177798
12750,8,legacy,40dB,3.5,7.491062388926642e-06,8.606116940407424e-06,0.0139851329266618,0.013975476282135,8.393304413275989e-05,32.108593556284795,32.10559374496658,-32.70823203416198
12750,8,legacy,60dB,3.5,7.526431184226097e-08,8.635903331441834e-08,0.0139754101144119,0.013975476282135,8.400432129539169e-07,52.09056789018892,52.09058845216795,-52.68777522363487
12750,8,legacy,clean,0.0,2.0939354654918512e-10,9.09648680747626e-11,0.0139750787245855,0.013975476282135,3.2378316767380315e-10,81.86480569038613,81.86492923501696,-78.24403324787416
12750,12,balanced,40dB,3.5,1.734284941553263e-05,1.7858832404529735e-05,0.0140251609037981,0.013975476282135,6.580263974672736e-05,28.950547907325188,28.935135558294288,-29.06246164281797
12750,12,balanced,60dB,3.5,1.7342865163340204e-07,1.78588580492904e-07,0.0139788836166472,0.013975476282135,6.58026438865006e-07,48.93618803808537,48.93512932195711,-49.06245769930058
12750,12,balanced,clean,0.0,7.422317516547221e-17,4.431972143218047e-17,0.0139754759806194,0.013975476282135,7.173510293215732e-17,144.98769586123598,144.98769595493337,-142.7482708856996
12750,12,legacy,40dB,3.5,2.1073833610698383e-05,2.16634061656128e-05,0.0140221627639978,0.013975476282135,6.589270223268168e-05,28.110882615862614,28.096398751553917,-28.216230707624742
12750,12,legacy,60dB,3.5,2.1073808559477405e-07,2.1663400495747106e-07,0.0139782480543644,0.013975476282135,6.589270556595727e-07,48.0972611440331,48.09639988821345,-48.2162358702419
12750,12,legacy,clean,0.0,9.059366719814584e-17,4.659205306075513e-17,0.0139754760258225,0.013975476282135,6.943869814979704e-17,144.77054761648583,144.77054769613613,-141.88268777407708
13000,5,balanced,40dB,3.5,3.4011076467763217e-06,3.2166725435106208e-06,0.0133916978781289,0.0133952442801607,9.385247486659496e-05,36.19428790830022,36.19543785877452,-35.95330260165911
13000,5,balanced,60dB,3.5,6.569997857981178e-07,9.05000682451599e-08,0.0134012485981953,0.0133952442801607,2.502825993621272e-06,51.7049635688972,51.703017312537824,-43.09385409989446
13000,5,balanced,clean,0.0,6.333439382609606e-07,6.258830911279362e-08,0.0134025910343396,0.0133952442801607,1.575048315613341e-06,53.30695546961184,53.30457419154044,-43.25311019686593
13000,5,legacy,40dB,3.5,3.6120902269765752e-06,2.957326843442845e-06,0.013411874259877,0.0133952442801607,9.401186376793712e-05,36.56590147784143,36.56051312598207,-35.69192047868125
13000,5,legacy,60dB,3.5,6.699674171843063e-07,1.234070815125982e-07,0.0133967988721859,0.0133952442801607,2.272082172778157e-06,50.35660955615469,50.35610556268536,-43.00896955973367
13000,5,legacy,clean,0.0,6.413880144968319e-07,9.667875278358865e-08,0.0133954221522409,0.0133952442801607,1.3689096237932993e-06,51.41625365703824,51.41619598854901,-43.19829797871157
13000,8,balanced,40dB,3.5,6.611942742416408e-06,7.01359520084736e-06,0.0133892507858288,0.0133952442801607,8.316894345755899e-05,32.8081557976526,32.810099415818755,-33.06621553909685
13000,8,balanced,60dB,3.5,6.644033324965471e-08,7.025391572101669e-08,0.0133938946139678,0.0133952442801607,8.323820959838629e-07,52.80236342101127,52.80280102565602,-53.04518835848539
13000,8,balanced,clean,0.0,2.7300611450641945e-10,5.0355365312891685e-11,0.0133950717055905,0.0133952442801607,5.199840093597444e-10,84.2489929179648,84.24904886966287,-76.90778263931202
13000,8,legacy,40dB,3.5,7.201226384733255e-06,6.953725362343141e-06,0.013403050912529,0.0133952442801607,8.421274697440587e-05,32.84986133086487,32.847331037477645,-32.69544173918227
13000,8,legacy,60dB,3.5,7.27829607686349e-08,6.985810173004266e-08,0.0133950334120945,0.0133952442801607,8.42583430471839e-07,52.8272702095424,52.82733857676024,-52.64920919498832
13000,8,legacy,clean,0.0,3.3690363607262067e-10,1.1232475883842463e-10,0.0133948621819251,0.0133952442801607,4.2862722583693803e-10,80.76462754730599,80.76475143121478,-75.99444939774722
13000,12,balanced,40dB,3.5,1.6931221168156232e-05,1.870035011333815e-05,0.0133941347672303,0.0133952442801607,6.497233523010684e-05,28.55064926746644,28.551009003571323,-28.98262355129724
13000,12,balanced,60dB,3.5,1.6931220459572709e-07,1.870033554199778e-07,0.0133936096110864,0.0133952442801607,6.497232585309162e-07,48.550482370332176,48.551012387601645,-48.98262373305254
13000,12,balanced,clean,0.0,1.1503792618386712e-16,5.389269141286132e-17,0.0133952443825286,0.0133952442801607,1.1219850071336667e-16,143.95420768375433,143.95420765056508,-140.66109593976893
13000,12,legacy,40dB,3.5,2.156532713324764e-05,2.241696620177206e-05,0.0134221652517871,0.0133952442801607,6.535419595568068e-05,27.772457444562747,27.763738009273297,-27.931945874338982
13000,12,legacy,60dB,3.5,2.156538554571893e-07,2.241703696253505e-07,0.0133959954231334,0.0133952442801607,6.535418978062587e-07,47.763967825788285,47.76372430047786,-47.93193411092847
13000,12,legacy,clean,0.0,1.4426982438403367e-16,1.0645819734985205e-16,0.0133952441964586,0.0133952442801607,1.0845455031073432e-16,140.99771527225226,140.99771529938977,-139.6777513481783
13250,5,balanced,40dB,3.5,3.555106873792056e-06,3.1776939071201378e-06,0.0128561446667667,0.0128516921825233,9.434588907000996e-05,36.069986895196166,36.06848253730848,-35.58107653950561
13250,5,balanced,60dB,3.5,7.906135305456124e-07,9.790065343454088e-08,0.012854235931783,0.0128516921825233,2.854597209671492e-06,51.18260676365628,51.181747244976,-42.10996072415546
13250,5,balanced,clean,0.0,7.648133168955705e-07,6.687763472070433e-08,0.0128543052158315,0.0128516921825233,1.9310152094628013e-06,52.83767702800574,52.83679410101164,-42.25404873743833
13250,5,legacy,40dB,3.5,4.027130561987251e-06,3.384254575730152e-06,0.0128313610870339,0.0128516921825233,9.381093487053632e-05,35.78809701839738,35.794972902143634,-35.039646050708185
13250,5,legacy,60dB,3.5,8.19588478963353e-07,1.502371105566234e-07,0.0128378779889635,0.0128516921825233,2.5806403547091525e-06,49.317160214282126,49.32183092583799,-41.95364470142577
13250,5,legacy,clean,0.0,7.868629097373134e-07,1.1989616265361245e-07,0.0128389257571734,0.0128516921825233,1.6784224999073623e-06,50.29723404024577,50.301550315200686,-42.13061240488453
13250,8,balanced,40dB,3.5,6.761127185988223e-06,6.4327542934618e-06,0.0128632623926209,0.0128516921825233,8.303653845218382e-05,33.00954165396443,33.005633516600824,-32.78941209311769
13250,8,balanced,60dB,3.5,6.805040698548484e-08,6.448602436371378e-08,0.0128529492581873,0.0128516921825233,8.304336948533135e-07,52.99537189988273,52.99494711976987,-52.76129588084724
13250,8,balanced,clean,0.0,3.787262594067711e-10,6.977070299205769e-11,0.0128524793578783,0.0128516921825233,6.977102214903903e-10,82.65313816184383,82.65287216150804,-75.30634896537836
13250,8,legacy,40dB,3.5,7.7851014058585e-06,6.927396350109233e-06,0.0128342015723674,0.0128516921825233,8.314594786005705e-05,32.67798819531883,32.68390278542216,-32.176960410933134
13250,8,legacy,60dB,3.5,7.819609363173808e-08,6.93150715398003e-08,0.0128496708165948,0.0128516921825233,8.323776048659505e-07,52.68064326227428,52.68132639185812,-52.15775257030746
13250,8,legacy,clean,0.0,4.0124482630821637e-10,1.4214050164621742e-10,0.0128521681494727,0.0128516921825233,5.692282221824203e-10,79.56258555112043,79.56242471160684,-75.05550869382367
13250,12,balanced,40dB,3.5,1.746075356596506e-05,1.6899947465614834e-05,0.0128753433634038,0.0128516921825233,6.410524958662888e-05,28.818734651710137,28.810749604056923,-28.66897332068977
13250,12,balanced,60dB,3.5,1.7460797144022375e-07,1.689999293479873e-07,0.0128524857932431,0.0128516921825233,6.410526758933888e-07,48.811006094302776,48.81073791941167,-48.66896248170384
13250,12,balanced,clean,0.0,1.864442387053771e-16,8.416991441674752e-17,0.0128516921380978,0.0128516921825233,1.739840919883761e-16,141.83803427903527,141.83803429404787,-138.3841134717931
13250,12,legacy,40dB,3.5,1.991631417616908e-05,1.8844040358749577e-05,0.0128137954692188,0.0128516921825233,6.549179256612383e-05,28.32503761898597,28.337862892875005,-28.097513464214675
13250,12,legacy,60dB,3.5,1.9916301544655667e-07,1.8844004652716405e-07,0.0128461104000102,0.0128516921825233,6.54917929326029e-07,48.33598447242517,48.337871121974274,-48.09751621863914
13250,12,legacy,clean,0.0,1.7780787143820322e-16,1.3654363408608912e-16,0.012851692579434,0.0128516921825233,1.6882500130284543e-16,139.73688871061884,139.73688857649168,-138.59009332001474
13500,5,balanced,40dB,3.5,3.732937706096753e-06,2.366353415529543e-06,0.0123335514033602,0.0123432446042172,9.673728032863908e-05,37.17008541058141,37.17349728290017,-35.193785927867694
13500,5,balanced,60dB,3.5,9.67239600929507e-07,8.497589560484102e-08,0.012341229158369,0.0123432446042172,3.295707588005247e-06,51.62062666061515,51.621335848925824,-41.05895266231804
13500,5,balanced,clean,0.0,9.396550821731512e-07,6.106730229087206e-08,0.0123423619575296,0.0123432446042172,2.351109287515863e-06,53.055895435492026,53.05620600398876,-41.18460868419756
13500,5,legacy,40dB,3.5,4.300201170655302e-06,2.970467917748073e-06,0.0123312661363876,0.0123432446042172,9.616551745140956e-05,36.18182804721158,36.18604469243175,-34.57940562343241
13500,5,legacy,60dB,3.5,1.02030106466173e-06,1.1597095649417905e-07,0.012342858298429,0.0123432446042172,2.970689093935922e-06,50.270665040149744,50.27080096316101,-40.82700995596228
13500,5,legacy,clean,0.0,9.841023254570474e-07,8.703785082654645e-08,0.0123444745510395,0.0123432446042172,2.054000035370618e-06,51.51764449978242,51.51721176712286,-40.98389077369348
13500,8,balanced,40dB,3.5,7.06110870636018e-06,8.161407060191415e-06,0.012338724316171,0.0123432446042172,8.516375922088746e-05,31.795052215394698,31.796642960592823,-32.42556437879409
13500,8,balanced,60dB,3.5,7.11681573084463e-08,8.171369766398493e-08,0.0123421823763283,0.0123432446042172,8.527700012518772e-07,51.79097096148922,51.79134472023465,-52.39143614240143
13500,8,balanced,clean,0.0,4.818105869737955e-10,1.2385661593228938e-10,0.012343272578949,0.0123432446042172,9.274485007796653e-10,79.98511109868497,79.98510125584518,-74.08552996770774
13500,8,legacy,40dB,3.5,7.949107164641383e-06,9.204535173631412e-06,0.0123365566517362,0.0123432446042172,8.505361451773702e-05,31.2719209579405,31.274274737777446,-31.91110983529464
13500,8,legacy,60dB,3.5,8.01678832450984e-08,9.252882014098841e-08,0.0123412539301319,0.0123432446042172,8.510418620920758e-07,51.25082263924227,51.2515231102453,-51.87428918799762
13500,8,legacy,clean,0.0,5.013698173374306e-10,2.7523335143241985e-10,0.012342570510027,0.0123432446042172,7.567426304270743e-10,76.51704558479668,76.51728276990545,-73.91271149717143
13500,12,balanced,40dB,3.5,1.9220401625391024e-05,1.960971160936623e-05,0.0123648469902832,0.0123432446042172,6.645445720915996e-05,27.997175397674003,27.989581286717225,-28.07666877073881
13500,12,balanced,60dB,3.5,1.9220403034666437e-07,1.9609722411751945e-07,0.012343674388907,0.0123432446042172,6.645445464750259e-07,47.989730110535774,47.98957889432344,-48.07666845230607
13500,12,balanced,clean,0.0,2.9223410129144485e-16,1.7523687286262026e-16,0.0123432439177901,0.0123432446042172,2.6854450244790954e-16,138.47803816771236,138.4780384092303,-136.2569844231272
13500,12,legacy,40dB,3.5,2.09208281192554e-05,2.111272324361172e-05,0.0123643913555731,0.0123432446042172,6.672422605649922e-05,27.676284880371284,27.668850806402,-27.70850464001636
13500,12,legacy,60dB,3.5,2.0920818478009438e-07,2.1112716754737498e-07,0.0123434758656735,0.0123432446042172,6.672419806311522e-07,47.66893350927923,47.66885214118135,-47.70850664143851
13500,12,legacy,clean,0.0,3.095468948225576e-16,1.8673841536682463e-16,0.0123432440052707,0.0123432446042172,2.612820304115408e-16,138.201956452208,138.2019566629461,-136.00702883620662
13750,5,balanced,40dB,3.5,4.226857336098356e-06,3.914659231900771e-06,0.0118877618110068,0.0118682444082595,9.463021398229542e-05,34.824061317316016,34.81692518328479,-34.48368891494056
13750,5,balanced,60dB,3.5,1.165259582090605e-06,1.3909216126303898e-07,0.0118772154927828,0.0118682444082595,3.761072506830028e-06,49.314119807140216,49.310838259672416,-40.07963798481654
13750,5,balanced,clean,0.0,1.1301562195438812e-06,9.791232030160272e-08,0.0118763487538124,0.0118682444082595,2.85106372227042e-06,50.83845599854289,50.83549138873408,-40.21248001954909
13750,5,legacy,40dB,3.5,3.924888502364477e-06,3.162148383311968e-06,0.011898003948059,0.0118682444082595,9.557977182784692e-05,35.7549186342476,35.74404236090396,-34.805591574795834
13750,5,legacy,60dB,3.5,1.1874335385556635e-06,2.0877138122585338e-07,0.0118690955549617,0.0118682444082595,3.454076731932263e-06,47.54746661740867,47.54715516859698,-39.99777170138164
13750,5,legacy,clean,0.0,1.1569312408038435e-06,1.807540038469673e-07,0.0118661571706491,0.0118682444082595,2.503485335566832e-06,48.17222170348132,48.172985553183565,-40.11078932807605
13750,8,balanced,40dB,3.5,6.85288064432949e-06,7.022332042158955e-06,0.0118864567858474,0.0118682444082595,8.29948667946421e-05,32.285710551049,32.27905120680057,-32.38513313527929
13750,8,balanced,60dB,3.5,6.895380600997848e-08,7.041864923741329e-08,0.0118691578171899,0.0118682444082595,8.313692830501342e-07,52.26732214210769,52.26698791138216,-52.358282386479615
13750,8,balanced,clean,0.0,6.142488318640307e-10,1.2403967005236474e-10,0.0118679211396529,0.0118682444082595,1.2217131713292995e-09,79.80814049504235,79.80825879028407,-72.86042142122835
13750,8,legacy,40dB,3.5,6.963274397471615e-06,7.082595820895147e-06,0.0119113915207396,0.0118682444082595,8.356557160572657e-05,32.25770041063749,32.24194022534268,-32.315729718761766
13750,8,legacy,60dB,3.5,7.016035766721656e-08,7.092081111694169e-08,0.011871654234679,0.0118682444082595,8.360962651546736e-07,52.237375452118194,52.23612787408031,-52.28294687031293
13750,8,legacy,clean,0.0,7.429830654519026e-10,1.9105426058443896e-10,0.0118679354648577,0.0118682444082595,1.004124840770949e-09,77.93218448987747,77.93229754295963,-72.03407566210407
13750,12,balanced,40dB,3.5,1.8570713054145708e-05,1.942068544640155e-05,0.0118969232705941,0.0118682444082595,6.479704185271965e-05,27.87170106488512,27.86121927247913,-28.055579018285325
13750,12,balanced,60dB,3.5,1.8570721000332045e-07,1.942065712183322e-07,0.0118694406926717,0.0118682444082595,6.47970554922654e-07,47.861663340663576,47.86122560655664,-48.0555771599915
13750,12,balanced,clean,0.0,4.1857130154194004e-16,2.12196153913609e-16,0.01186824414412,0.0118682444082595,4.124371484040403e-16,137.47648963713343,137.47648973378995,-134.52617032825856
13750,12,legacy,40dB,3.5,1.9857825801271003e-05,2.0431950463542504e-05,0.0119327553207241,0.0118682444082595,6.563094251991886e-05,27.66430908584291,27.64076654373728,-27.76454784747971
13750,12,legacy,60dB,3.5,1.9857831211040038e-07,2.043199404127305e-07,0.0118729082228054,0.0118682444082595,6.56309425986506e-07,47.6424635747066,47.64075728101527,-47.76454666435295
13750,12,legacy,clean,0.0,4.480907974592085e-16,2.646824257747197e-16,0.0118682443277794,0.0118682444082595,4.013572652029764e-16,136.5166137218594,136.5166137513095,-134.2302045656266
14000,5,balanced,40dB,3.5,3.926410582989944e-06,2.8005819681545773e-06,0.0114119864946741,0.0114249705721473,9.58487021197688e-05,36.10112960793189,36.10606801876332,-34.63859378492505
14000,5,balanced,60dB,3.5,1.3913458618964223e-06,1.3147892048855104e-07,0.0114284457413381,0.0114249705721473,4.38033782823567e-06,49.39131041103214,49.38998960472976,-39.14419989418774
14000,5,balanced,clean,0.0,1.368317709967617e-06,1.0177080847188087e-07,0.0114305331922289,0.0114249705721473,3.448619969364057e-06,50.50443264518109,50.50231865523888,-39.21668142092922
14000,5,legacy,40dB,3.5,4.4496739717941735e-06,3.2735608756668406e-06,0.0113869546436522,0.0114249705721473,9.527803901579428e-05,35.41387169234616,35.42834668566448,-34.0952689877792
14000,5,legacy,60dB,3.5,1.4173042733410147e-06,2.012639297048736e-07,0.0114052977314592,0.0114249705721473,3.956924778409208e-06,47.53340678778099,47.54089142016045,-39.06391993534056
14000,5,legacy,clean,0.0,1.3838598235576673e-06,1.6819779963121067e-07,0.0114076393378434,0.0114249705721473,3.0376541755696026e-06,48.31375472092554,48.32034780064615,-39.16762989106621
14000,8,balanced,40dB,3.5,6.738168437995665e-06,6.293513444769705e-06,0.0114087606487866,0.0114249705721473,8.293756374281135e-05,32.58345304590246,32.58961925797016,-32.29313227012177
14000,8,balanced,60dB,3.5,6.79298143848437e-08,6.298153370215965e-08,0.0114235760772911,0.0114249705721473,8.314760146573627e-07,52.58588846096593,52.586418579079,-52.25794662207648
14000,8,balanced,clean,0.0,8.461978206391772e-10,1.7051974469817327e-10,0.0114258962900222,0.0114249705721473,1.5965037587384495e-09,78.26115604010246,78.2608041635916,-71.303831876275
14000,8,legacy,40dB,3.5,7.794469678739596e-06,6.851489118072209e-06,0.0114100598002173,0.0114249705721473,8.298626493325735e-05,32.21502948273111,32.22070117817874,-31.66068518170921
14000,8,legacy,60dB,3.5,7.92156678229083e-08,6.889088401963362e-08,0.0114233329045713,0.0114249705721473,8.314217602930473e-07,52.19631075680304,52.1969333238075,-51.5904400225686
14000,8,legacy,clean,0.0,8.92413854581045e-10,2.6725461437045126e-10,0.0114255866211357,0.0114249705721473,1.330039706303901e-09,76.30953294794543,76.30929877713369,-71.07288786094028
14000,12,balanced,40dB,3.5,1.817044079210721e-05,1.6138583758718827e-05,0.0113988430275322,0.0114249705721473,6.507039105311643e-05,28.48995352518657,28.4998966956029,-27.984896272345622
14000,12,balanced,60dB,3.5,1.8170529176651706e-07,1.6138651397782425e-07,0.0114207225772613,0.0114249705721473,6.507037290416157e-07,48.49826341405357,48.49987849375138,-47.98487514747197
14000,12,balanced,clean,0.0,6.411246720822295e-16,2.9851978361453647e-16,0.0114249706814401,0.0114249705721473,6.258798659143098e-16,135.82881976119245,135.82881971964724,-132.50912600165802
14000,12,legacy,40dB,3.5,2.021495333340769e-05,1.861971505200977e-05,0.0114186007111605,0.0114249705721473,6.446608765085164e-05,27.87639856246533,27.878820596668664,-27.521823470158616
14000,12,legacy,60dB,3.5,2.021495710441694e-07,1.861968498315057e-07,0.0114225143893447,0.0114249705721473,6.446609515190448e-07,47.87789384721112,47.87882761006824,-47.52182266000173
14000,12,legacy,clean,0.0,6.038108257987305e-16,3.753771252590376e-16,0.0114249707377684,0.0114249705721473,6.135882499699909e-16,134.83387292362318,134.83387286066602,-132.7695419483371
14250,5,balanced,40dB,3.5,4.535336949663686e-06,2.4639876067006197e-06,0.0110281997502186,0.0110116556012474,9.54411945301612e-05,36.5086610464556,36.50214100914962,-33.85243061812664
14250,5,balanced,60dB,3.5,1.674284924285354e-06,1.0897941983769937e-07,0.011009269587533,0.0110116556012474,5.056974476979724e-06,50.04414014996155,50.04508128443712,-38.18023253261139
14250,5,balanced,clean,0.0,1.647036971857488e-06,8.797637982362386e-08,0.0110074568828405,0.0110116556012474,4.151407555181405e-06,50.97320905920314,50.97486532964419,-38.25149271906745
14250,5,legacy,40dB,3.5,4.481135369794784e-06,2.746100957460152e-06,0.0110390502219117,0.0110116556012474,9.54820404175658e-05,36.042152095950144,36.03136120444341,-33.90464556376607
14250,5,legacy,60dB,3.5,1.724640360884428e-06,1.277160093012685e-07,0.0110197892993869,0.0110116556012474,4.597561674319258e-06,49.359279509689536,49.35607280182643,-38.05154074552769
14250,5,legacy,clean,0.0,1.703812480000584e-06,1.0913672437769265e-07,0.0110179346462265,0.0110116556012474,3.669044038378924e-06,50.04129277234621,50.03881705252641,-38.10430824991509
14250,8,balanced,40dB,3.5,7.207186235469601e-06,7.836637251611281e-06,0.0110342068470202,0.0110116556012474,8.163702764519449e-05,31.48611376702839,31.47722875739161,-31.840868755290536
14250,8,balanced,60dB,3.5,7.331851333242004e-08,7.89121546265469e-08,0.0110137263507045,0.0110116556012474,8.174933158640377e-07,51.447903801393984,51.44708718439527,-51.76638969749175
14250,8,balanced,clean,0.0,1.0743309365962194e-09,2.3963558327575115e-10,0.0110121711477894,0.0110116556012474,2.069477547886216e-09,76.62321645936478,76.62301313500978,-70.1071453808875
14250,8,legacy,40dB,3.5,7.526157999030106e-06,8.700254566527207e-06,0.0110443368615545,0.0110116556012474,8.222265462530448e-05,31.036076844006256,31.02320659894761,-31.652792886481773
14250,8,legacy,60dB,3.5,7.623997492185058e-08,8.722193583249438e-08,0.0110136188564991,0.0110116556012474,8.236522309568789e-07,51.01304321645972,51.01226898690243,-51.596698752352346
14250,8,legacy,clean,0.0,1.0814294061957107e-09,5.278255196486233e-10,0.0110109583549501,0.0110116556012474,1.7581423251363415e-09,73.1933473613426,73.19362236068659,-70.07854445287413
14250,12,balanced,40dB,3.5,1.8822223212648845e-05,2.009720632870154e-05,0.011048647763871,0.0110116556012474,6.290974981908019e-05,27.40173437047501,27.38716928776216,-27.67181700602032
14250,12,balanced,60dB,3.5,1.882221756118545e-07,2.009717920900153e-07,0.0110136599418562,0.0110116556012474,6.290969114410614e-07,47.38796557875924,47.387175148250336,-47.67181831001066
14250,12,balanced,clean,0.0,9.504920928784369e-16,5.2787889320794075e-16,0.0110116546284618,0.0110116556012474,9.360420934067784e-16,133.19318284194037,133.1931832256024,-130.63904111679182
14250,12,legacy,40dB,3.5,1.933611880324238e-05,2.1592529746827398e-05,0.0110718793179617,0.0110116556012474,6.509787365107162e-05,27.09917816811809,27.075490934364502,-27.554833142491063
14250,12,legacy,60dB,3.5,1.9336041441986025e-07,2.159252156057121e-07,0.0110159370163133,0.0110116556012474,6.509795407888396e-07,47.07718082252776,47.07549258088143,-47.55485051807418
14250,12,legacy,clean,0.0,9.477134568187134e-16,6.032524864335091e-16,0.0110116548177599,0.0110116556012474,9.328912021879817e-16,132.61353468487977,132.61353499388352,-130.65175572686212
14500,5,balanced,40dB,3.5,4.955956909480984e-06,3.1690927496335846e-06,0.0106358229861552,0.0106265023509816,9.839154607098602e-05,35.2583615083641,35.25455392794301,-33.312628209755864
14500,5,balanced,60dB,3.5,1.9711438579931184e-06,1.9452770973574638e-07,0.0106325061469721,0.0106265023509816,5.850257070860493e-06,47.37654168791941,47.37408868966341,-37.31672021529428
14500,5,balanced,clean,0.0,1.942405842540269e-06,1.6742136108421407e-07,0.0106324405171643,0.0106265023509816,4.95953581725909e-06,48.02822093458987,48.025794743514574,-37.380503669327375
14500,5,legacy,40dB,3.5,5.301535454945093e-06,4.090551111345009e-06,0.0106214687389685,0.0106265023509816,9.824503549457278e-05,34.14402751700734,34.146085191081696,-33.01988672466023
14500,5,legacy,60dB,3.5,2.010468085331012e-06,2.85733832535253e-07,0.010626629360209,0.0106265023509816,5.37218999176385e-06,45.704338669467255,45.70428676238141,-37.23093159243923
14500,5,legacy,clean,0.0,1.9796938876606584e-06,2.5425867443107334e-07,0.0106275376625235,0.0106265023509816,4.408557645158274e-06,46.21156874240605,46.211145641584,-37.29792300447178
14500,8,balanced,40dB,3.5,6.748285391445335e-06,5.813778784577896e-06,0.0106362484040155,0.0106265023509816,8.507417900660185e-05,32.623299687396845,32.61931839880616,-31.97196901604656
14500,8,balanced,60dB,3.5,6.887456825246266e-08,5.787716209759053e-08,0.0106262750043613,0.0106265023509816,8.532672745643545e-07,52.638738229904725,52.638831145179765,-51.88331453191915
14500,8,balanced,clean,0.0,1.399046903558317e-09,3.3456552699929527e-10,0.010625841530081,0.0106265023509816,2.65974944369216e-09,75.0188214466519,75.0190915259169,-68.8055806802227
14500,8,legacy,40dB,3.5,8.304961872858283e-06,7.899424277382626e-06,0.0106269846163505,0.0106265023509816,8.415512750633134e-05,31.288146115228884,31.287949022686934,-31.07052699644172
14500,8,legacy,60dB,3.5,8.489967894157495e-08,7.959845308301227e-08,0.0106258925540482,0.0106265023509816,8.431173917920335e-07,51.25460792398577,51.2548571490209,-50.97484294729418
14500,8,legacy,clean,0.0,1.4711298684507826e-09,2.605760818732998e-10,0.0106266011254871,0.0106265023509816,2.312329046324959e-09,76.10459829866784,76.10455793070678,-68.5873932955688
14500,12,balanced,40dB,3.5,1.8175491892498912e-05,1.7754075291475054e-05,0.0106700451763453,0.0106265023509816,6.670156764066399e-05,27.78868200901683,27.77092285335221,-27.66904169418654
14500,12,balanced,60dB,3.5,1.8175491798228682e-07,1.775404646472593e-07,0.0106292206247563,0.0106265023509816,6.670149782886619e-07,47.7720406939998,47.77092990486462,-47.669041716711945
14500,12,balanced,clean,0.0,1.4334289975725877e-15,7.77392822184687e-16,0.0106265021126603,0.0106265023509816,1.388146937381413e-15,131.35749806508838,131.35749816248787,-128.70014156850385
14500,12,legacy,40dB,3.5,1.977437820637135e-05,2.0436924379849672e-05,0.0106249042283976,0.0106265023509816,6.648787794228964e-05,27.159094860907192,27.159748046679493,-27.302875063879984
14500,12,legacy,60dB,3.5,1.9774448665620917e-07,2.0437001209091778e-07,0.0106245627306991,0.0106265023509816,6.648784920787357e-07,47.15893894443745,47.15973172012636,-47.30285958930554
14500,12,legacy,clean,0.0,1.3784984530577062e-15,7.047481894383116e-16,0.0106265022235495,0.0106265023509816,1.4050009055351313e-15,131.78356368627877,131.78356373835896,-128.86984059559728
14750,5,balanced,40dB,3.5,5.087466078660914e-06,2.6494769752314643e-06,0.0102703692723061,0.0102677001308641,9.778285827410258e-05,35.88425909271625,35.88313026859608,-33.04971650045725
14750,5,balanced,60dB,3.5,2.3770450834613327e-06,2.0866146356554701e-07,0.0102723367144128,0.0102677001308641,6.790541805073396e-06,46.922269973632496,46.92030927346487,-36.35435757860987
14750,5,balanced,clean,0.0,2.352775793121883e-06,1.9195461919098253e-07,0.0102728322076893,0.0102677001308641,5.886244710915479e-06,47.28491627150305,47.28274609143611,-36.39892633354285
14750,5,legacy,40dB,3.5,5.3065157884116445e-06,3.2331684089692462e-06,0.0102380525437877,0.0102677001308641,9.771514271107486e-05,35.0058902741791,35.018448498834545,-32.866637158552294
14750,5,legacy,60dB,3.5,2.390900827228209e-06,2.3801470789253699e-07,0.0102498551395683,0.0102677001308641,6.225056231102803e-06,46.34113932883655,46.34869381873696,-36.32911614293712
14750,5,legacy,clean,0.0,2.3618434768315832e-06,2.1243119006470107e-07,0.010251461438967,0.0102677001308641,5.269094390874464e-06,46.835675003471096,46.84254894491609,-36.38222063737072
14750,8,balanced,40dB,3.5,6.786772906989268e-06,6.298080863597719e-06,0.0102751067935222,0.0102677001308641,8.302612132259683e-05,32.12578111959286,32.12264944155788,-31.798098591183628
14750,8,balanced,60dB,3.5,6.966379512047648e-08,6.322002807567116e-08,0.0102683042221552,0.0102677001308641,8.337714249372323e-07,52.106440427925776,52.106184922025164,-51.684660464605486
14750,8,balanced,clean,0.0,1.7738240958780683e-09,4.1585909502155307e-10,0.0102682268363781,0.0102677001308641,3.3944193953181534e-09,73.92549250011332,73.92526972439084,-67.62562626454361
14750,8,legacy,40dB,3.5,7.430117332967113e-06,6.924091226120599e-06,0.0102480447356855,0.0102677001308641,8.279705146116394e-05,31.7027823141477,31.711103954266523,-31.40477504582166
14750,8,legacy,60dB,3.5,7.598780997671222e-08,6.931424452039877e-08,0.0102658988366,0.0102677001308641,8.302335331504082e-07,51.70574486194803,51.706506824974994,-51.30729248562413
14750,8,legacy,clean,0.0,1.863390596459557e-09,4.661036376648036e-10,0.0102686256266737,0.0102677001308641,3.0173859086477283e-09,73.43029828288675,73.42990684215081,-67.4116927706857
14750,12,balanced,40dB,3.5,1.7700788361084696e-05,1.5793870353802273e-05,0.0102606957714349,0.0102677001308641,6.528834274333983e-05,28.12688242289985,28.1298460784937,-27.634805670909927
14750,12,balanced,60dB,3.5,1.7700737834807198e-07,1.579379642066103e-07,0.0102654075210699,0.0102677001308641,6.528837931931698e-07,48.128896591480114,48.12986640842532,-47.63481806771078
14750,12,balanced,clean,0.0,2.1016340502854058e-15,1.0228519573159366e-15,0.0102677011282068,0.0102677001308641,2.0544902941184727e-15,130.01660438197425,130.01660396012673,-126.88916080380211
14750,12,legacy,40dB,3.5,1.885176664739368e-05,1.7631258631568786e-05,0.0102654298090788,0.0102677001308641,6.509679000337603e-05,27.65093821695316,27.651898604609997,-27.36121121275463
14750,12,legacy,60dB,3.5,1.8851717131983057e-07,1.7631175608661146e-07,0.0102657764687397,0.0102677001308641,6.509678825194759e-07,47.65110532438479,47.65191905492287,-47.36122261980111
14750,12,legacy,clean,0.0,1.9832808369300717e-15,1.0803056523482628e-15,0.0102677001636967,0.0102677001308641,2.096342819270033e-15,129.7792652956103,129.779265281723,-127.14088960960008
15000,5,balanced,40dB,3.5,5.485312374705513e-06,2.662824906502137e-06,0.0099030289099515,0.0099334399755831,9.921871788102092e-05,35.70425436454975,35.71757061394492,-32.57898307238545
15000,5,balanced,60dB,3.5,2.8447017652306085e-06,2.614344627404104e-07,0.0099259652676472,0.0099334399755831,7.908539744185747e-06,45.7940991474272,45.79736835365362,-35.430629295702154
15000,5,balanced,clean,0.0,2.8204296560392898e-06,2.32715904260076e-07,0.0099287828809052,0.0099334399755831,6.9650710543907895e-06,46.30069948966812,46.30273606993608,-35.46784399313337
15000,5,legacy,40dB,3.5,5.897066891644989e-06,2.749356496398822e-06,0.0099561974301027,0.0099334399755831,9.79330447119206e-05,35.588624435644725,35.57868615368268,-32.26463617731393
15000,5,legacy,60dB,3.5,2.869363982041389e-06,2.138810290775062e-07,0.0099458376404762,0.0099334399755831,7.176630382408056e-06,46.674691003519285,46.66927406810184,-35.393140293460554
15000,5,legacy,clean,0.0,2.837707232039542e-06,1.839625496705812e-07,0.0099449913074243,0.0099334399755831,6.267702086843346e-06,47.328749877123656,47.32370251682596,-35.44132084818985
15000,8,balanced,40dB,3.5,6.635107002170131e-06,7.4434275906374525e-06,0.0099137859019505,0.0099334399755831,8.252331121033549e-05,31.244665677233776,31.25326703902445,-31.75251740848939
15000,8,balanced,60dB,3.5,6.855540077756575e-08,7.441988267431223e-08,0.0099319763605994,0.0099334399755831,8.293203304165431e-07,51.253466962013874,51.25410690824148,-51.61057997743497
15000,8,balanced,clean,0.0,2.277999396633928e-09,5.344469148875238e-10,0.0099346608621148,0.0099334399755831,4.315541408978532e-09,72.69248471824832,72.69195097394261,-66.39546067115974
15000,8,legacy,40dB,3.5,7.435470929597909e-06,8.594126567491055e-06,0.0099381460114484,0.0099334399755831,8.240808016701467e-05,30.631036277797435,30.628979264887185,-31.257911918225076
15000,8,legacy,60dB,3.5,7.64649989820853e-08,8.647431507582042e-08,0.0099326964773452,0.0099334399755831,8.273254446255983e-07,50.60180033684988,50.60212540980301,-51.13636984745904
15000,8,legacy,clean,0.0,2.239161602917242e-09,8.318148738644416e-10,0.0099328344150442,0.0099334399755831,3.904745963652639e-09,70.77046513828316,70.7707299001559,-66.47014233577048
15000,12,balanced,40dB,3.5,1.736963856153752e-05,1.9751766469471734e-05,0.0099229825811988,0.0099334399755831,6.494764049328697e-05,27.010362868237312,27.0149372965696,-27.573088903630197
15000,12,balanced,60dB,3.5,1.7369711528942318e-07,1.975185184056295e-07,0.0099308298478371,0.0099334399755831,6.494764678986946e-07,47.013777215941424,47.01491852553272,-47.5730706595691
15000,12,balanced,clean,0.0,3.1714008786608124e-15,1.5753335055829913e-15,0.0099334387294011,0.0099334399755831,3.040053910868221e-15,127.99727107282108,127.99727161765752,-124.95848529648472
15000,12,legacy,40dB,3.5,1.947766037318365e-05,2.075717700119773e-05,0.0099330774353448,0.0099334399755831,6.490586478245005e-05,26.799155324493785,26.79931383161582,-27.075628829433825
15000,12,legacy,60dB,3.5,1.947768514267011e-07,2.075729095826947e-07,0.0099316502638412,0.0099334399755831,6.490590647293505e-07,46.7985074483249,46.79928998887864,-47.0756233065711
15000,12,legacy,clean,0.0,2.796845010006137e-15,1.6653479355755737e-15,0.0099334394549946,0.0099334399755831,3.106553899123841e-15,127.75594666052464,127.75594688812828,-125.50431271658388
15250,5,balanced,40dB,3.5,6.0484190184903335e-06,3.2562108674732525e-06,0.0096435424102953,0.0096219289812274,0.0001008384466057,34.71524073352281,34.70549625675768,-32.0162027677202
15250,5,balanced,60dB,3.5,3.303396622723291e-06,2.958294719426556e-07,0.0096203678597247,0.0096219289812274,9.14432195449409e-06,45.12150240428146,45.12220708778291,-34.64301426639172
15250,5,balanced,clean,0.0,3.281045531667083e-06,2.879649758782656e-07,0.0096180755610586,0.0096219289812274,8.224921216787573e-06,45.23748515304998,45.23922477752296,-34.67249889870155
15250,5,legacy,40dB,3.5,6.604384610931577e-06,3.96303060250122e-06,0.0096306367532904,0.0096219289812274,9.979483433872174e-05,33.856275765573194,33.852347211149166,-31.634297903132826
15250,5,legacy,60dB,3.5,3.309563705560497e-06,3.656865273156605e-07,0.0096246671201604,0.0096219289812274,8.374479046925839e-06,44.20276757598906,44.20153186799055,-34.63491401872917
15250,5,legacy,clean,0.0,3.278566720086196e-06,3.4464715993970785e-07,0.0096243389218167,0.0096219289812274,7.41632508554126e-06,44.45996204266714,44.458874430346256,-34.67578120930524
15250,8,balanced,40dB,3.5,6.604377722954504e-06,6.322178904224918e-06,0.0096572934960654,0.0096219289812274,8.350159897863596e-05,31.83988649017874,31.82395365793557,-31.63430243256618
15250,8,balanced,60dB,3.5,6.791985003100265e-08,6.23629407216272e-08,0.0096238032468743,0.0096219289812274,8.42020287800977e-07,51.88420149385331,51.88335560945568,-51.512654287795804
15250,8,balanced,clean,0.0,3.027706519571282e-09,7.44472938115658e-10,0.0096207434890287,0.0096219289812274,5.4771213856388705e-09,71.1135971992098,71.11413231481981,-65.02148371071345
15250,8,legacy,40dB,3.5,7.849972739335255e-06,7.261796561927182e-06,0.0096323113624589,0.0096219289812274,8.274095946193481e-05,31.226864345627103,31.22218069025102,-30.88393998511872
15250,8,legacy,60dB,3.5,8.153493777562254e-08,7.323980282271534e-08,0.0096227431078146,0.0096219289812274,8.324524769444763e-07,51.1855172545116,51.18514980664551,-50.719184029820326
15250,8,legacy,clean,0.0,2.9133722277950587e-09,4.770616503318851e-10,0.0096224645065999,0.0096219289812274,5.011081791417177e-09,73.04711811603488,73.04687640853248,-65.18866171156459
15250,12,balanced,40dB,3.5,1.7622391157500896e-05,1.8272848641538655e-05,0.0096704430358456,0.0096219289812274,6.568981447231971e-05,27.23640114175399,27.21455890212851,-27.371973101991887
15250,12,balanced,60dB,3.5,1.7622303829068798e-07,1.827278199768774e-07,0.0096251942091518,0.0096219289812274,6.56896860477656e-07,47.21604828173135,47.21457474153596,-47.371994623674055
15250,12,balanced,clean,0.0,4.6674984921978246e-15,2.6813486832879974e-15,0.0096219288018321,0.0096219289812274,4.480890669698852e-15,125.54908845560652,125.5490885365782,-123.14177960756336
15250,12,legacy,40dB,3.5,2.012360667969654e-05,1.9471152556613257e-05,0.0096456145835566,0.0096219289812274,6.481595410106342e-05,26.94938245040474,26.938704875923925,-26.795563267259112
15250,12,legacy,60dB,3.5,2.012360315046974e-07,1.9471136077069065e-07,0.0096224858532578,0.0096219289812274,6.48155802213869e-07,46.9389598935697,46.938708551606766,-46.79556402891376
15250,12,legacy,clean,0.0,4.125179498104357e-15,2.0929146836237117e-15,0.009621928355047,0.0096219289812274,4.572731889864014e-15,126.625105938657,126.62510622128922,-123.67819296416349
15500,5,balanced,40dB,3.5,6.707454158886812e-06,2.774383868875328e-06,0.0093370259097163,0.0093314036182877,0.0001029143532821,35.27042013269826,35.26780424022242,-31.433892614713685
15500,5,balanced,60dB,3.5,3.9244405963392015e-06,3.860925141960881e-07,0.0093447725254119,0.0093314036182877,1.0628041249120988e-05,43.83877352723283,43.83255593371678,-33.76169215083939
15500,5,balanced,clean,0.0,3.889701953321401e-06,3.66032398123452e-07,0.0093459077455753,0.0093314036182877,9.66955714822934e-06,44.07101962536253,44.064274474961245,-33.80030649723985
15500,5,legacy,40dB,3.5,7.113717920439481e-06,3.595058384421986e-06,0.0093041804854762,0.0093314036182877,0.0001010034125779,34.12972178585755,34.14241026903491,-31.17850334548855
15500,5,legacy,60dB,3.5,4.028605948147231e-06,4.047336330449995e-07,0.0093063957558502,0.0093314036182877,9.617651330273524e-06,43.61612221607424,43.62777679284121,-33.64792185079927
15500,5,legacy,clean,0.0,3.996662232513591e-06,3.636094738677296e-07,0.0093069527435063,0.0093314036182877,8.716048608367783e-06,44.08172318500234,44.093117844360414,-33.682495281581126
15500,8,balanced,40dB,3.5,6.525763237744316e-06,6.426526905331832e-06,0.0093175840067626,0.0093314036182877,8.394053295940358e-05,31.613269869149832,31.619706446026463,-31.553156616730536
15500,8,balanced,60dB,3.5,6.871247750980165e-08,6.554416580148065e-08,0.0093294453386822,0.0093314036182877,8.472704397837212e-07,51.533217840559935,51.53412934253047,-51.32911366878045
15500,8,balanced,clean,0.0,3.6559463886572934e-09,8.801626076289344e-10,0.0093314156580044,0.0093314036182877,6.940467936820248e-09,70.25384620768006,70.25384060425814,-64.0694715615397
15500,8,legacy,40dB,3.5,7.554857106799445e-06,7.473788305366092e-06,0.0093312926044862,0.0093314036182877,8.32868167955599e-05,30.964010156390067,30.964061823824206,-30.91720720232957
15500,8,legacy,60dB,3.5,7.986898157813598e-08,7.635483212608969e-08,0.00933166205527,0.0093314036182877,8.386707951062501e-07,50.87122475849143,50.871104480550684,-50.67568827992473
15500,8,legacy,clean,0.0,3.7566001713110355e-09,8.706893172227228e-10,0.0093324575472119,0.0093314036182877,6.371185737942156e-09,70.3013280703483,70.30083758714923,-63.95152000729698
15500,12,balanced,40dB,3.5,1.7535004913472092e-05,1.594207782427156e-05,0.009328958931129,0.0093314036182877,6.57303366317705e-05,27.672882562957955,27.674020498136063,-27.26041082792544
15500,12,balanced,60dB,3.5,1.7534824750455766e-07,1.59420166463116e-07,0.0093295829815824,0.0093314036182877,6.573025550323844e-07,47.67318973590855,47.67403716428316,-47.26045544964421
15500,12,balanced,clean,0.0,6.658704369060924e-15,2.943734969485783e-15,0.0093314058230215,0.0093314036182877,6.542976029189358e-15,125.01048370314338,125.01048267703447,-121.46557241044668
15500,12,legacy,40dB,3.5,1.907445646773575e-05,1.801952671078739e-05,0.0093513824351206,0.0093314036182877,6.575119511728663e-05,27.151324384171552,27.14203594808061,-26.894948032496004
15500,12,legacy,60dB,3.5,1.9074501843892386e-07,1.8019566238628845e-07,0.0093316857104015,0.0093314036182877,6.575117714821003e-07,47.14215770835512,47.14202642135726,-46.89493770109231
15500,12,legacy,clean,0.0,5.9586387659079524e-15,3.1893523442497878e-15,0.0093314046305813,0.0093314036182877,6.674640182045514e-15,124.66244521165676,124.66244474052344,-121.94799916972592
15750,5,balanced,40dB,3.5,7.298372122075237e-06,3.028009556537407e-06,0.0090578237036534,0.0090601419470212,0.0001050139518946,34.75866622084006,34.75977760423404,-30.939089989424865
15750,5,balanced,60dB,3.5,4.702969390005962e-06,4.686784729053188e-07,0.0090526945395675,0.0090601419470212,1.2318313281072272e-05,42.85902860250456,42.86259995715823,-32.84762849823598
15750,5,balanced,clean,0.0,4.677826228842838e-06,4.417284280811965e-07,0.009052387867367,0.0090601419470212,1.1303495879887293e-05,43.116078040663446,43.11979652090477,-32.87090917237669
15750,5,legacy,40dB,3.5,7.666613316620386e-06,3.8547357249686e-06,0.0090801745535548,0.0090601419470212,0.0001029535193655,33.72099588486045,33.7114039309251,-30.72531442745288
15750,5,legacy,60dB,3.5,4.60416568646621e-06,5.353364391019482e-07,0.0090757493197878,0.0090601419470212,1.1081506913210314e-05,42.29255685980072,42.28508196105643,-32.93984058056229
15750,5,legacy,clean,0.0,4.5764546394509566e-06,4.892857066089441e-07,0.0090755701880589,0.0090601419470212,1.0165571194970098e-05,42.68311390851032,42.67572472906743,-32.96605839793985
15750,8,balanced,40dB,3.5,6.584826138018381e-06,6.9938334441799086e-06,0.0090678871044593,0.0090601419470212,8.419468479492065e-05,31.127908189876955,31.12419716389394,-31.385906893207803
15750,8,balanced,60dB,3.5,7.011425886430442e-08,7.00393365781371e-08,0.0090619053486478,0.0090601419470212,8.528217889678922e-07,51.11877497936839,51.11792978170861,-51.11328654177591
15750,8,balanced,clean,0.0,4.603169565464631e-09,1.188838345981718e-09,0.0090618990548993,0.0090601419470212,8.776297195247396e-09,68.82096415231831,68.82012197095706,-62.94078028753319
15750,8,legacy,40dB,3.5,7.450464093186735e-06,8.960373171347206e-06,0.0090592649087572,0.0090601419470212,8.387652288558124e-05,30.047668623367763,30.04808904869602,-30.84951675892554
15750,8,legacy,60dB,3.5,7.981679831572449e-08,9.13363000219788e-08,0.0090587956214976,0.0090601419470212,8.447819570962888e-07,49.96427046884399,49.96491587285245,-50.55040698926271
15750,8,legacy,clean,0.0,4.599771224041584e-09,1.2055358999067775e-09,0.0090594872222522,0.0090601419470212,8.025655243444594e-09,68.75923468935807,68.7595485405432,-62.9439876992258
15750,12,balanced,40dB,3.5,1.804043644899368e-05,1.767393248541842e-05,0.0090764725389815,0.0090601419470212,6.57318262962409e-05,27.10583906373143,27.098018102551737,-27.008879617666278
15750,12,balanced,60dB,3.5,1.804057406485927e-07,1.7674116830022933e-07,0.0090601507182544,0.0090601419470212,6.573220513421877e-07,47.09797700898026,47.0979728045248,-47.00884648898712
15750,12,balanced,clean,0.0,9.321340437687237e-15,4.18590893539202e-15,0.0090601412247431,0.0090601419470212,9.439717842600489e-15,123.35345191272354,123.3534522589448,-119.87656632167592
15750,12,legacy,40dB,3.5,1.9721190902024816e-05,2.219211859604886e-05,0.0090922075745332,0.0090601419470212,6.596420816544351e-05,26.124705774502416,26.10936237275083,-26.62201864802708
15750,12,legacy,60dB,3.5,1.9721230656427257e-07,2.2192125394348441e-07,0.0090615732313147,0.0090601419470212,6.59642355373902e-07,46.11004706887322,46.10936104233997,-46.62200989343397
15750,12,legacy,clean,0.0,8.277559008176728e-15,4.499882443432811e-15,0.0090601415340583,0.0090601419470212,9.648865854859004e-15,123.03933813855356,123.03933833650574,-120.39232716519795
16000,5,balanced,40dB,3.5,8.43117950838885e-06,3.817075940928268e-06,0.0087930147415411,0.008806474675022,0.0001061453545648,33.62407000909175,33.630712901779,-30.189137545534305
16000,5,balanced,60dB,3.5,5.417942909287316e-06,5.924201755063512e-07,0.0087976156715332,0.008806474675022,1.4071990780030396e-05,41.717351452056455,41.72172250057913,-32.10967666112547
16000,5,balanced,clean,0.0,5.382819852471574e-06,5.475966416011104e-07,0.0087984265669865,0.008806474675022,1.3172755465154993e-05,42.05944237747727,42.06341314573663,-32.13792245055415
16000,5,legacy,40dB,3.5,8.251824045215834e-06,4.104855723678152e-06,0.0087892674138317,0.008806474675022,0.0001058580398362,33.306547808385346,33.31504193262073,-30.28252131646093
16000,5,legacy,60dB,3.5,5.443199612899617e-06,5.921198334507311e-07,0.0087910613509384,0.008806474675022,1.27237240194124e-05,41.71631702602948,41.72392482214275,-32.08947829477652
16000,5,legacy,clean,0.0,5.429267056127205e-06,5.569540583959745e-07,0.0087915588141082,0.008806474675022,1.1772200792604998e-05,41.982465129096894,41.98982717627443,-32.100608861595134
16000,8,balanced,40dB,3.5,7.247410136026234e-06,6.179467269112592e-06,0.0088047089488667,0.008806474675022,8.429294691266826e-05,31.53763968125677,31.538510542801056,-30.84619251481435
16000,8,balanced,60dB,3.5,7.903459634988796e-08,6.291692241385269e-08,0.0088048084291544,0.008806474675022,8.523075576324336e-07,51.45952440310267,51.46034619602219,-50.46984850944739
16000,8,balanced,clean,0.0,6.126621921506219e-09,1.3497667865141763e-09,0.0088055430607164,0.008806474675022,1.10698498623969e-08,68.14497407873114,68.14543353199612,-61.5758101000829
16000,8,legacy,40dB,3.5,6.963340610568279e-06,6.409248813825068e-06,0.0088127053901925,0.008806474675022,8.47373632917865e-05,31.38302120164767,31.379949588417475,-31.019844513921523
16000,8,legacy,60dB,3.5,7.55602495701792e-08,6.517749768368671e-08,0.008807015387738,0.008806474675022,8.547443096544974e-07,51.307310722791215,51.30704407654669,-50.66508706828466
16000,8,legacy,clean,0.0,5.7248177057180115e-09,1.468735332394698e-09,0.0088070786387402,0.008806474675022,1.0041733629167403e-08,67.77888331660482,67.77858547992702,-61.87040428449231
16000,12,balanced,40dB,3.5,1.773001080504247e-05,1.642445188325991e-05,0.008846238338777,0.008806474675022,6.603341645698635e-05,27.312677509212296,27.293112053246983,-26.960930902554843
16000,12,balanced,60dB,3.5,1.773001481989675e-07,1.6424631926841753e-07,0.0088088536513975,0.008806474675022,6.603356882327882e-07,47.29423748884347,47.293064446479896,-46.960929919121234
16000,12,balanced,clean,0.0,1.4664224253643868e-14,8.430752600998056e-15,0.0088064727982948,0.008806474675022,1.3468872733746734e-14,120.18935652782471,120.18935745333955,-117.7854299704194
16000,12,legacy,40dB,3.5,2.027868777001525e-05,2.036583964206048e-05,0.0088234885490372,0.008806474675022,6.601821221196023e-05,26.367380065401523,26.35899770657231,-26.37762242066548
16000,12,legacy,60dB,3.5,2.0278663126832626e-07,2.036597236943074e-07,0.0088063500010446,0.008806474675022,6.601825808379604e-07,46.358907919154376,46.35896940301219,-46.37762769832686
16000,12,legacy,clean,0.0,1.2139723602614143e-14,6.607992441747056e-15,0.0088064735869973,0.008806474675022,1.380105492365604e-14,121.24732499303832,121.24732552960168,-118.60593291695344
16250,5,balanced,40dB,3.5,9.267496667281476e-06,3.7309534510715224e-06,0.0086092705979582,0.0085687950111886,0.0001096606169789,33.63146527705063,33.61099922817567,-29.659573149300464
16250,5,balanced,60dB,3.5,6.260897997355658e-06,7.659050609851674e-07,0.0085909948504602,0.0085687950111886,1.6391739740364947e-05,40.49868519428715,40.4874481416759,-31.3628312514292
16250,5,balanced,clean,0.0,6.227986149510422e-06,7.264191683607337e-07,0.0085892653665204,0.0085687950111886,1.5347454073564075e-05,40.727687249406735,40.71732457858559,-31.38572115388747
16250,5,legacy,40dB,3.5,9.63739090140112e-06,3.900129543317058e-06,0.0085072450158734,0.0085687950111886,0.0001058857362487,33.38709908619981,33.41840721038887,-29.48960278730372
16250,5,legacy,60dB,3.5,6.685284570813448e-06,1.032910144588618e-06,0.0085288551702351,0.0085687950111886,1.4400717606148531e-05,39.1682819684283,39.18857210643083,-31.07799854958865
16250,5,legacy,clean,0.0,6.668853578070416e-06,1.0047821888177397e-06,0.0085315678793193,0.0085687950111886,1.3560441276517816e-05,39.28956922504696,39.30847825474663,-31.088685713375533
16250,8,balanced,40dB,3.5,7.041606374022508e-06,7.071586734715162e-06,0.0085902199093406,0.0085687950111886,8.384161675604132e-05,30.84487409428444,30.83402880984208,-30.8524800911347
16250,8,balanced,60dB,3.5,7.82326544018262e-08,7.183421811557798e-08,0.00856939933024,0.0085687950111886,8.531037221208217e-07,50.766190122179495,50.76588384437188,-50.395316875240624
16250,8,balanced,clean,0.0,7.368462881261773e-09,1.608434537235699e-09,0.0085677887765617,0.0085687950111886,1.3923427796015672e-08,67.26465361252602,67.26516363500406,-60.65542853357015
16250,8,legacy,40dB,3.5,7.890390062740937e-06,7.915321829107525e-06,0.0085493802842127,0.0085687950111886,8.392897120995937e-05,30.334660577857967,30.34451175914694,-30.358212802936148
16250,8,legacy,60dB,3.5,8.606855364008118e-08,8.093341432071455e-08,0.0085669144121615,0.0085687950111886,8.516438143021861e-07,50.246965658315936,50.24791891185594,-49.98075248633587
16250,8,legacy,clean,0.0,7.161957716578458e-09,1.5186201491824903e-09,0.0085696508888387,0.0085687950111886,1.2511360377086142e-08,67.51513972121712,67.51470595616853,-60.77888000797504
16250,12,balanced,40dB,3.5,1.7486535153459702e-05,1.7052672878891747e-05,0.0085915952932958,0.0085687950111886,6.624198284509981e-05,27.02281350340745,27.011272923786454,-26.902159881601836
16250,12,balanced,60dB,3.5,1.7486618840878437e-07,1.7052771518623245e-07,0.0085695049337034,0.0085687950111886,6.624185132091195e-07,47.01160759944861,47.0112478024653,-46.90213909709715
16250,12,balanced,clean,0.0,2.1382071629904047e-14,8.928425311530126e-15,0.0085687991019111,0.0085687950111886,1.9099198646795265e-14,119.82145090789264,119.8214488345815,-116.02869973354755
16250,12,legacy,40dB,3.5,1.996832490540776e-05,1.905787198963249e-05,0.0085588872535763,0.0085687950111886,6.560184954556166e-05,26.523428999462965,26.528453479567723,-26.32578118970855
16250,12,legacy,60dB,3.5,1.9968222793472278e-07,1.9057649617331408e-07,0.0085660097788237,0.0085687950111886,6.560208531231209e-07,46.527092278406776,46.528504154494485,-46.3258033982632
16250,12,legacy,clean,0.0,1.8006692326336522e-14,9.814238602761854e-15,0.008568798004161,0.0085687950111886,1.952595727751809e-14,119.41063292850892,119.41063141157314,-116.7748580944838
16500,5,balanced,40dB,3.5,1.0415035226000022e-05,3.302216465374988e-06,0.0083135555919509,0.0083455672845917,0.0001086357665797,34.009812666848376,34.02650324375894,-29.03795119739714
16500,5,balanced,60dB,3.5,7.49108522500486e-06,7.888971621557776e-07,0.0083340047633866,0.0083455672845917,1.86413774213487e-05,40.23833350540629,40.244354691017215,-30.46911124902627
16500,5,balanced,clean,0.0,7.465566924449338e-06,7.751711089342641e-07,0.0083365762585791,0.0083455672845917,1.7857211219765093e-05,40.31590149277859,40.32058284964607,-30.483930698942707
16500,5,legacy,40dB,3.5,1.0328528211168876e-05,3.67108099973763e-06,0.0083448157127803,0.0083455672845917,0.0001098307848365,33.56622783143507,33.56661895905714,-29.074174228314043
16500,5,legacy,60dB,3.5,7.400139808949307e-06,1.2491718999855415e-06,0.0083519209956199,0.0083455672845917,1.6619436143894e-05,38.25164171250007,38.24833656656909,-30.522159380848407
16500,5,legacy,clean,0.0,7.360272676484955e-06,1.2213355481330651e-06,0.0083529959808476,0.0083455672845917,1.5584966657423884e-05,38.35007274602394,38.34620865070838,-30.545619589373956
16500,8,balanced,40dB,3.5,6.958721992657405e-06,7.420293362452383e-06,0.0083279342127834,0.0083455672845917,8.316968171939747e-05,30.50116210251908,30.510347873895856,-30.789263765302543
16500,8,balanced,60dB,3.5,7.742478895573158e-08,7.551385993692895e-08,0.0083452323382198,0.0083455672845917,8.483033891210102e-07,50.43411762241444,50.434291928456496,-50.32575832676149
16500,8,balanced,clean,0.0,8.82771990629025e-09,2.136999022437516e-09,0.0083478503436663,0.0083455672845917,1.744585151752538e-08,65.91770331138379,65.91651539410256,-59.75607317879384
16500,8,legacy,40dB,3.5,7.313006600307446e-06,7.95062914164092e-06,0.0083416807679616,0.0083455672845917,8.381876130499016e-05,30.208520693955663,30.2105436671283,-30.57359897513792
16500,8,legacy,60dB,3.5,8.25036821465017e-08,8.158876696585016e-08,0.0083432257873779,0.0083455672845917,8.513026061603719e-07,50.09703626999962,50.09825493131517,-50.04982531325012
16500,8,legacy,clean,0.0,9.377631007160847e-09,2.026577995291402e-09,0.0083441277193639,0.0083455672845917,1.552140383316225e-08,66.14617620251639,66.14692540163135,-59.49362722872199
16500,12,balanced,40dB,3.5,1.889302025381947e-05,1.985156268020512e-05,0.0083350748541699,0.0083455672845917,6.46463805712719e-05,26.231148050719447,26.236611635630645,-26.451544727616884
16500,12,balanced,60dB,3.5,1.8892739213730775e-07,1.9851531680502086e-07,0.0083428176339358,0.0083455672845917,6.464664758836122e-07,46.23518729262023,46.23661841746979,-46.45160933087559
16500,12,balanced,clean,0.0,2.8154322725064067e-14,1.3758663634796784e-14,0.0083455672479749,0.0083455672845917,2.711555204764693e-14,117.82879607642064,117.8287960954756,-114.71910778409207
16500,12,legacy,40dB,3.5,2.001742422285172e-05,2.153798111509619e-05,0.0083441094231229,0.0083455672845917,6.480317249461909e-05,25.881749988861166,25.882508710799257,-26.20047669773165
16500,12,legacy,60dB,3.5,2.0017382132610654e-07,2.1537926358592947e-07,0.008343618685121,0.0083455672845917,6.480338376136346e-07,45.88150560305544,45.88251975198149,-46.20048582956522
16500,12,legacy,clean,0.0,2.4945789608362867e-14,1.3465086222303382e-14,0.0083455659015912,0.0083455672845917,2.7403951334910327e-14,117.92246652221289,117.9224672419117,-115.24458607704386
16750,5,balanced,40dB,3.5,1.1451411149946396e-05,4.455660605240733e-06,0.0081329056285772,0.0081353343108366,0.0001119797647729,32.61333630402818,32.61463301875,-28.51516396598536
16750,5,balanced,60dB,3.5,8.510406666743908e-06,7.28998606713161e-07,0.0081195385117888,0.0081353343108366,2.1581286430988346e-05,40.46804647773654,40.476487061182375,-29.804250912114924
16750,5,balanced,clean,0.0,8.473224058227723e-06,6.821197858209739e-07,0.0081183428722575,0.0081353343108366,2.0683232043195366e-05,40.7560674245595,40.76514757377066,-29.82326713751812
16750,5,legacy,40dB,3.5,1.1855481639649304e-05,5.882120071727202e-06,0.0080838976382774,0.0081353343108366,0.0001109206351864,31.38086920142573,31.408415188831302,-28.364562021204897
16750,5,legacy,60dB,3.5,8.829969539902306e-06,1.5385168457717237e-06,0.0080820810258202,0.0081353343108366,1.897245850517824e-05,37.20420944234314,37.23273148543408,-29.644161989723152
16750,5,legacy,clean,0.0,8.799897968953728e-06,1.4770740470095816e-06,0.0080821852764317,0.0081353343108366,1.793145151910736e-05,37.38126534591184,37.40973136980031,-29.65897767677742
16750,8,balanced,40dB,3.5,7.093150721577864e-06,6.757572912127904e-06,0.0081496470019121,0.0081353343108366,8.195004466432206e-05,30.813480575886395,30.80584664099096,-30.59536216176521
16750,8,balanced,60dB,3.5,8.301570149381999e-08,7.015524317654934e-08,0.0081361894136373,0.0081353343108366,8.424335116557826e-07,50.64360916230093,50.64315270052829,-49.912151622972125
16750,8,balanced,clean,0.0,1.1646137002702648e-08,2.5228586942649373e-09,0.0081354016603778,0.0081353343108366,2.1740810956946333e-08,65.08486073460843,65.08482478106068,-58.4419350964781
16750,8,legacy,40dB,3.5,8.109376659647463e-06,7.767518291873748e-06,0.0081400646211958,0.0081353343108366,8.209742027214361e-05,30.20345567962216,30.20093119742281,-30.01387931652328
16750,8,legacy,60dB,3.5,9.29518454708809e-08,8.030997133175216e-08,0.0081350189912902,0.0081353343108366,8.374642216957222e-07,50.05589100262712,50.0560593352214,-49.42117387699432
16750,8,legacy,clean,0.0,1.0965530990371712e-08,3.6401441141563445e-09,0.0081352670932989,0.0081353343108366,1.9148588089235463e-08,63.49253238251565,63.49256826589205,-58.70345737778212
16750,12,balanced,40dB,3.5,1.7410123962406476e-05,1.6562911712617662e-05,0.0081567176349596,0.0081353343108366,6.432598846348675e-05,26.92378741494014,26.912387175074898,-26.69573541035656
16750,12,balanced,60dB,3.5,1.7410397347913109e-07,1.6562836244715546e-07,0.0081359010882011,0.0081353343108366,6.432615489807872e-07,46.91270951983742,46.9124069634845,-46.695667215043855
16750,12,balanced,clean,0.0,4.3966578291190994e-14,2.5484938396119773e-14,0.0081353291479639,0.0081353343108366,3.8600409442045096e-14,115.04091540664568,115.04091816278051,-112.67252736529214
16750,12,legacy,40dB,3.5,2.075550682654284e-05,1.901733492206993e-05,0.0081269126017719,0.0081353343108366,6.537473036198813e-05,26.30775934202852,26.312257493017896,-25.93242061563281
16750,12,legacy,60dB,3.5,2.0755614230410221e-07,1.901705601878822e-07,0.0081326228796947,0.0081353343108366,6.537494143536755e-07,46.310873481664245,46.31232118598273,-45.93239814218197
16750,12,legacy,clean,0.0,3.6532149257132937e-14,2.4729971277620005e-14,0.0081353329045453,0.0081353343108366,3.8334978843926456e-14,115.17151717371028,115.17151792444108,-113.47700181049191
17000,5,balanced,40dB,3.5,1.2539881212027164e-05,3.1912170603916287e-06,0.0079432910435349,0.0079367235022586,0.0001166962141375,33.960441303985554,33.956849056522074,-28.013478281952903
17000,5,balanced,60dB,3.5,9.664955793945638e-06,1.229930206745464e-06,0.0079627015830197,0.0079367235022586,2.473134957644348e-05,38.11179972248867,38.097607829254535,-29.144413787467958
17000,5,balanced,clean,0.0,9.638477857799085e-06,1.2437155921061894e-06,0.0079651512678505,0.0079367235022586,2.3838917020333195e-05,38.06472949004782,38.04920171730402,-29.15632796706931
17000,5,legacy,40dB,3.5,1.3657677969088975e-05,4.6058445529877385e-06,0.007890551239659,0.0079367235022586,0.0001140395124988,32.33798067938666,32.36331974258712,-27.64264382334151
17000,5,legacy,60dB,3.5,1.0639745442221843e-05,1.7759258052880676e-06,0.0079008064265495,0.0079367235022586,2.1576794576157723e-05,36.482466036627,36.50216432871997,-28.72710013206681
17000,5,legacy,clean,0.0,1.0594010147628511e-05,1.7208874608064602e-06,0.0079022354823013,0.0079367235022586,2.067580883024915e-05,36.61997497151754,36.63888780593395,-28.74580866123122
17000,8,balanced,40dB,3.5,6.976549172816054e-06,6.644014469419223e-06,0.0079158764879541,0.0079367235022586,8.458695265820867e-05,30.760684396637004,30.772106811258265,-30.560005911021968
17000,8,balanced,60dB,3.5,8.519170516981102e-08,6.926895199724298e-08,0.0079321342860326,0.0079367235022586,8.71110259021706e-07,50.58851440887486,50.59102633678468,-49.69243939688067
17000,8,balanced,clean,0.0,1.4602832503237229e-08,2.7010280269256172e-09,0.0079346358255539,0.0079367235022586,2.6923487610633654e-08,64.67997908197809,64.68112160097641,-57.35204146905511
17000,8,legacy,40dB,3.5,7.30353015071755e-06,7.204747950679053e-06,0.0079385303823323,0.0079367235022586,8.479935301268893e-05,30.42121319100675,30.420224585653315,-30.36108424241593
17000,8,legacy,60dB,3.5,8.61007137653603e-08,7.46799476561513e-08,0.0079363226252,0.0079367235022586,8.721497957823289e-07,50.26415309448333,50.26437245842031,-49.64634498996632
17000,8,legacy,clean,0.0,1.3598439109172596e-08,3.196956059886573e-09,0.0079368067531814,0.0079367235022586,2.349539848650683e-08,63.949091389398845,63.94904583505045,-57.66152189787539
17000,12,balanced,40dB,3.5,1.7773862531221895e-05,1.6579215378739147e-05,0.0079486281998424,0.0079367235022586,6.655007580342428e-05,26.80728209711418,26.800772772631795,-26.49859433846437
17000,12,balanced,60dB,3.5,1.77740740191657e-07,1.6579488339309508e-07,0.0079363186451815,0.0079367235022586,6.65502535789159e-07,46.80047972898195,46.8007012708804,-46.498542662864665
17000,12,balanced,clean,0.0,6.082459236234938e-14,2.305170350404057e-14,0.0079367283008499,0.0079367235022586,5.466060436769111e-14,115.3693848833889,115.36938225761884,-111.15562043684668
17000,12,legacy,40dB,3.5,1.9753177378786923e-05,1.9194572644083437e-05,0.0079261870480429,0.0079367235022586,6.686659038959208e-05,26.15885869673708,26.16462803469446,-26.04004287105887
17000,12,legacy,60dB,3.5,1.975302078883683e-07,1.91945285120066e-07,0.0079338972656697,0.0079367235022586,6.686678104669958e-07,46.16309123868943,46.16463801998552,-46.04007729915087
17000,12,legacy,clean,0.0,5.5193033899204187e-14,3.0198271866354254e-14,0.0079367292760501,0.0079367235022586,5.353996447439223e-14,114.19659476031148,114.19659160091597,-111.57756983316004
17250,5,balanced,40dB,3.5,1.427247406265414e-05,4.091834496825764e-06,0.0077429826282566,0.0077484517315232,0.0001221543900779,32.76990225497213,32.77296872565926,-27.34715669536652
17250,5,balanced,60dB,3.5,1.1492674189812582e-05,1.269741220724249e-06,0.0077394679898221,0.0077484517315232,2.8431931217275822e-05,37.84995889652508,37.85499713271869,-28.28793837075404
17250,5,balanced,clean,0.0,1.1467934772847054e-05,1.2286753736180985e-06,0.007739361601676,0.0077484517315232,2.741844909891608e-05,37.99267984639268,37.99777778191239,-28.297297178657534
17250,5,legacy,40dB,3.5,1.4775724892389633e-05,4.842498935920454e-06,0.0077151333628899,0.0077484517315232,0.0001178704274617,32.022739036672114,32.04145398013084,-27.196661355475094
17250,5,legacy,60dB,3.5,1.1446538406266583e-05,1.9145918628733814e-06,0.0077242048764493,0.0077484517315232,2.4820209361414177e-05,36.05777575662375,36.07138723169071,-28.305407621840462
17250,5,legacy,clean,0.0,1.142658865615873e-05,1.9013943757767715e-06,0.0077255627822598,0.0077484517315232,2.3840841937880334e-05,36.08857921241593,36.10142727017463,-28.31298338405305
17250,8,balanced,40dB,3.5,6.627414369560168e-06,6.597951026218119e-06,0.0077511206766923,0.0077484517315232,8.53444620346534e-05,30.699554108058138,30.69805844335157,-30.678708068949515
17250,8,balanced,60dB,3.5,8.261794035202524e-08,7.024419893723037e-08,0.007750408449036,0.0077484517315232,8.851590859495563e-07,50.427141263847474,50.42604467788816,-49.72140568068462
17250,8,balanced,clean,0.0,1.656486204944596e-08,3.718782919765322e-09,0.0077509904591547,0.0077484517315232,3.315214170301374e-08,63.18956374714983,63.18814104380644,-56.70027108502384
17250,8,legacy,40dB,3.5,8.20245238986228e-06,8.193881792623578e-06,0.0077319379774922,0.0077484517315232,8.405370444710898e-05,29.747986672332907,29.757252375724583,-29.752712137174967
17250,8,legacy,60dB,3.5,1.0287749879830512e-07,8.885816532756146e-08,0.0077429921423052,0.0077484517315232,8.663307837487932e-07,49.40211476503978,49.40517589941602,-48.768945350178285
17250,8,legacy,clean,0.0,1.870038745942188e-08,5.213661704052112e-09,0.0077450361584943,0.0077484517315232,2.871115387213741e-08,61.71880601724588,61.720720840497485,-56.17364327054756
17250,12,balanced,40dB,3.5,1.751637795072684e-05,1.8940623523121245e-05,0.0077927250286353,0.0077484517315232,6.630537971945127e-05,26.14295080320268,26.118206601470067,-26.45770624584125
17250,12,balanced,60dB,3.5,1.7516264464192844e-07,1.8940403867544781e-07,0.0077513050884538,0.0077484517315232,6.630594811577426e-07,46.11985595635523,46.118256967160406,-46.45773438335649
17250,12,balanced,clean,0.0,7.363862832704047e-14,3.1569684000492254e-14,0.0077484545120078,0.0077484517315232,7.64585123070325e-14,113.89944853011824,113.89944697167928,-110.2210924170611
17250,12,legacy,40dB,3.5,2.1396128140479472e-05,2.185141355108913e-05,0.0077520815164239,0.0077484517315232,6.558490834144659e-05,25.499387944670868,25.49735395583127,-25.58879741771872
17250,12,legacy,60dB,3.5,2.139603666046865e-07,2.1851567199730278e-07,0.0077468837940507,0.0077484517315232,6.558483631222061e-07,45.496444513177806,45.49732341843732,-45.58881598619455
17250,12,legacy,clean,0.0,7.428773084892857e-14,4.0863934028588585e-14,0.0077484458832474,0.0077484517315232,7.44446106111718e-14,112.77874429730414,112.77874757521688,-110.1829783913605
17500,5,balanced,40dB,3.5,1.5607354705355523e-05,4.219628222819507e-06,0.0075318233755463,0.0075693289708132,0.0001237111578749,32.51625938645839,32.53783192103412,-26.857280799177627
17500,5,balanced,60dB,3.5,1.3033466537450574e-05,1.0641446947490232e-06,0.0075389418550205,0.0075693289708132,3.2489135526528456e-05,38.503097095605646,38.520566963146486,-27.63997439273647
17500,5,balanced,clean,0.0,1.3010705634961563e-05,1.0237314413870094e-06,0.007539996023856,0.0075693289708132,3.152792247036846e-05,38.67185075073061,38.68871338755972,-27.64756529392177
17500,5,legacy,40dB,3.5,1.6385496042822533e-05,5.786107480122714e-06,0.0075134225184197,0.0075693289708132,0.0001201216695663,31.13451315495217,31.16670883886456,-26.64597787092901
17500,5,legacy,60dB,3.5,1.3420162517347914e-05,2.949667361901265e-06,0.007492971238097,0.0075693289708132,2.844294267201067e-05,34.0488102280864,34.09284337786163,-27.512996053873017
17500,5,legacy,clean,0.0,1.3403007858927444e-05,2.96773169201251e-06,0.0074910112004611,0.0075693289708132,2.742646265988916e-05,34.02115811926962,34.06632746035838,-27.51855108290366
17500,8,balanced,40dB,3.5,6.474882686621415e-06,5.5658837692212105e-06,0.0075581950385929,0.0075693289708132,8.266234107505218e-05,31.32883961814788,31.33523247688045,-30.678254763521355
17500,8,balanced,60dB,3.5,8.544819818764877e-08,6.050251143729638e-08,0.0075689190978231,0.0075693289708132,8.679215672002612e-07,50.97260460770055,50.97283978098759,-49.47354471174376
17500,8,balanced,clean,0.0,2.1435093891755664e-08,5.508534012431717e-09,0.0075707565840208,0.0075693289708132,4.0626114942148096e-08,61.3810324758758,61.380213452049325,-55.4793199034864
17500,8,legacy,40dB,3.5,7.207736196112707e-06,6.211612400964613e-06,0.0075971922657299,0.0075693289708132,8.334615886206062e-05,30.87448769122437,30.858530322154195,-30.21258497492649
17500,8,legacy,60dB,3.5,9.165042729534161e-08,6.68793940958405e-08,0.0075709548593499,0.0075693289708132,8.667957426206182e-07,50.5385832688702,50.53765050640642,-49.16922886448178
17500,8,legacy,clean,0.0,2.1670107745192144e-08,6.8093953235512716e-09,0.0075687602878513,0.0075693289708132,3.4979032884951246e-08,60.45916202664838,60.45948832393491,-55.43196309866016
17500,12,balanced,40dB,3.5,1.6994711707700922e-05,1.628571383194715e-05,0.007533650238859,0.0075693289708132,6.521028586631634e-05,26.65198654333612,26.6725058131024,-26.487435787686987
17500,12,balanced,60dB,3.5,1.699546709160059e-07,1.6286858660254134e-07,0.0075642261171922,0.0075693289708132,6.521073212943349e-07,46.6692717519887,46.67220053011207,-46.48724275601079
17500,12,balanced,clean,0.0,1.0379847303462937e-13,5.717584727356598e-14,0.0075693228998884,0.0075693289708132,1.0572977833175173e-13,111.21844423188844,111.21844771511682,-108.62866415820012
17500,12,legacy,40dB,3.5,1.9774384586539604e-05,1.6975391420223256e-05,0.0076303080738523,0.0075693289708132,6.517514864672397e-05,26.52722275885589,26.49237583459438,-25.829544041561668
17500,12,legacy,60dB,3.5,1.977406936503658e-07,1.6975285655024748e-07,0.0075736442725432,0.0075693289708132,6.517468663510027e-07,46.49487811639786,46.49240289340207,-45.82961327256601
17500,12,legacy,clean,0.0,9.944571118289995e-14,8.07777566202738e-14,0.0075693257366805,0.0075693289708132,1.0252663711238873e-13,109.71765407303272,109.7176559286348,-108.81471322581248
17750,5,balanced,40dB,3.5,1.754028609156174e-05,4.2052939702465545e-06,0.0074560880712565,0.0073982607406388,0.0001284708979969,32.48714668794085,32.453332728435,-26.25092960642912
17750,5,balanced,60dB,3.5,1.4549941742206286e-05,1.759947104804716e-06,0.0074441473130149,0.0073982607406388,3.717565412424059e-05,36.26315343549665,36.23630018015481,-27.06268378893345
17750,5,balanced,clean,0.0,1.4523500172335008e-05,1.7148917370269211e-06,0.0074431263810126,0.0073982607406388,3.620301920173588e-05,36.37518685420695,36.34892925545719,-27.07058339097429
17750,5,legacy,40dB,3.5,1.9332921011236356e-05,5.236126551536977e-06,0.007359042192258,0.0073982607406388,0.0001233799996501,31.478111584775228,31.5011949887356,-25.828321567649
17750,5,legacy,60dB,3.5,1.5945553115628227e-05,1.6681607494719864e-06,0.0073650287961467,0.0073982607406388,3.247678740127507e-05,36.44936550840612,36.46891734941829,-26.66490044762829
17750,5,legacy,clean,0.0,1.589190488525466e-05,1.5936848740674042e-06,0.0073660167003368,0.0073982607406388,3.14596549534704e-05,36.64830248461995,36.66727182612229,-26.67953676216492
17750,8,balanced,40dB,3.5,6.926489782304747e-06,6.780049402707508e-06,0.0074113236929989,0.0073982607406388,8.288516288874998e-05,30.386629233363877,30.37896774951321,-30.2861643540643
17750,8,balanced,60dB,3.5,9.708099528041345e-08,7.378991627160168e-08,0.0073962717487016,0.0073982607406388,8.769224408087233e-07,50.01015841770506,50.011326157515285,-48.81995413211999
17750,8,balanced,clean,0.0,2.7127270113236048e-08,5.1524892728865755e-09,0.0073952881799197,0.0073982607406388,4.955923539465205e-08,61.56938005987208,61.57112537026609,-54.35723541515867
17750,8,legacy,40dB,3.5,7.216308238747152e-06,8.195410306407006e-06,0.0073939840729558,0.0073982607406388,8.228155067720369e-05,29.55307809171037,29.55558931735704,-30.1081455784256
17750,8,legacy,60dB,3.5,9.79822149478718e-08,9.44871120490885e-08,0.0073955600314363,0.0073982607406388,8.640266545258553e-07,48.9359849148302,48.93757058108232,-48.77982380585257
17750,8,legacy,clean,0.0,2.5683944759256993e-08,9.09631440527902e-09,0.0073964537647777,0.0073982607406388,4.2513525037448687e-08,59.10158083914729,59.10264170402444,-54.59467906139096
17750,12,balanced,40dB,3.5,1.8029371834831757e-05,1.6581551809513365e-05,0.0074033191256011,0.0073982607406388,6.479227520610543e-05,26.49801298153967,26.49504461089027,-26.131490376689797
17750,12,balanced,60dB,3.5,1.803027192984564e-07,1.65819369880926e-07,0.0073971424328946,0.0073982607406388,6.479254779393126e-07,46.494287206977646,46.49494372830067,-46.13127356573052
17750,12,balanced,clean,0.0,1.4526074083819336e-13,4.944679336077051e-14,0.0073982590610326,0.0073982607406388,1.448779864464802e-13,111.7499140199186,111.74991500588516,-107.0698137855077
17750,12,legacy,40dB,3.5,1.9321633970076906e-05,1.92920085231854e-05,0.0074133135665642,0.0073982607406388,6.44856766388627e-05,25.84634925073727,25.83752188188162,-25.830857827520184
17750,12,legacy,60dB,3.5,1.932097422275325e-07,1.9291639321235082e-07,0.0073980309375192,0.0073982607406388,6.448520373669962e-07,45.83747009436415,45.8376049960394,-45.83100612218017
17750,12,legacy,clean,0.0,1.496718133016596e-13,6.743730014184483e-14,0.0073982650385026,0.0073982607406388,1.393157030402411e-13,110.40229710655468,110.40229458361308,-106.9398961306024
18000,5,balanced,40dB,3.5,1.9404646186819916e-05,3.87171775444782e-06,0.0072121481016802,0.0072342494133025,0.0001341829905268,32.70160946370013,32.7148978771735,-25.71487749267709
18000,5,balanced,60dB,3.5,1.696394380180468e-05,1.4547202610424672e-06,0.0072115319430282,0.0072342494133025,4.233377375179477e-05,36.9524804389303,36.96613990098746,-26.298666526814284
18000,5,balanced,clean,0.0,1.6947372652496737e-05,1.4483108643391145e-06,0.0072117180989604,0.0072342494133025,4.144096403512318e-05,36.97176953610376,36.985316892368026,-26.302910985613615
18000,5,legacy,40dB,3.5,2.0774701965175065e-05,6.051294845192619e-06,0.0071606994118319,0.0072342494133025,0.0001282716873563,30.73107129369133,30.77545163590794,-25.418586756473104
18000,5,legacy,60dB,3.5,1.7329180459934833e-05,2.787761354962747e-06,0.0071858794947295,0.0072342494133025,3.6837952711388336e-05,34.11224336491354,34.14137884303199,-26.20615453406802
18000,5,legacy,clean,0.0,1.727916204377445e-05,2.7331207933304763e-06,0.0071890100990247,0.0072342494133025,3.5960546646237344e-05,34.200102674558,34.22734651492426,-26.218708002789928
18000,8,balanced,40dB,3.5,6.389581873258944e-06,6.880191901712572e-06,0.0072450148306864,0.0072342494133025,8.418677670332192e-05,30.22438727109099,30.21792926031376,-30.539210383727543
18000,8,balanced,60dB,3.5,9.379261751342383e-08,7.546289581673174e-08,0.0072362778552577,0.0072342494133025,9.059300787477644e-07,49.81781767525312,49.81660010917912,-48.87224821656521
18000,8,balanced,clean,0.0,3.0401559803419755e-08,7.282986748208784e-09,0.0072359432212919,0.0072342494133025,6.017094012157401e-08,59.97185630664167,59.97083958007125,-53.76497611346683
18000,8,legacy,40dB,3.5,7.808459891793906e-06,8.447813390825511e-06,0.0072086428970208,0.0072342494133025,8.33516367247055e-05,29.31109200016429,29.326491658536277,-29.66828093856289
18000,8,legacy,60dB,3.5,1.1378586558041867e-07,9.759046635122553e-08,0.0072265353569502,0.0072342494133025,8.749804250867306e-07,48.69522738522938,48.69986084389421,-48.033051601592696
18000,8,legacy,clean,0.0,3.5893209344263975e-08,1.2028611077846037e-08,0.0072293004791779,0.0072342494133025,5.157317892307739e-08,57.78880793140286,57.79177994709954,-53.0438118579843
18000,12,balanced,40dB,3.5,1.7552273846115384e-05,1.82810295026426e-05,0.0072432282437557,0.0072342494133025,6.596539043384691e-05,25.979315210792265,25.97392828205776,-26.150600917040236
18000,12,balanced,60dB,3.5,1.755185403481512e-07,1.828070647819959e-07,0.0072335727811736,0.0072342494133025,6.596535232397286e-07,45.97359879995083,45.9740050222504,-46.150704791850494
18000,12,balanced,clean,0.0,1.826934912910395e-13,7.853489332131231e-14,0.0072342551842297,0.0072342494133025,1.9687343274078092e-13,109.64331166040684,109.64330819594124,-105.97670402454634
18000,12,legacy,40dB,3.5,2.1254240191631697e-05,2.199835529094632e-05,0.0072083649334925,0.0072342494133025,6.506697621536652e-05,25.15446553320153,25.17003265770507,-25.319478935590475
18000,12,legacy,60dB,3.5,2.1256779744478987e-07,2.20002574901876e-07,0.0072297274526107,0.0072342494133025,6.5067559454895e-07,45.1669416168398,45.1696571392138,-45.31896005187935
18000,12,legacy,clean,0.0,2.491155997638167e-13,1.493346030908296e-13,0.0072342264618971,0.0072342494133025,1.868642909472184e-13,106.852316478938,106.85233025740204,-104.6299255357842
18250,5,balanced,40dB,3.5,2.186920055311308e-05,4.932425716556899e-06,0.0070280762029135,0.0070763944260913,0.0001395482860006,31.53775908347644,31.5675147834138,-25.099791244116783
18250,5,balanced,60dB,3.5,1.914643483936144e-05,1.5780051761909912e-06,0.0070490525512492,0.0070763944260913,4.821870576064077e-05,36.50022324826398,36.51703608288504,-25.677241136847783
18250,5,balanced,clean,0.0,1.911529910487098e-05,1.5419098637343192e-06,0.0070516546504091,0.0070763944260913,4.727513255023895e-05,36.60232048228208,36.61753045074447,-25.684309337512023
18250,5,legacy,40dB,3.5,2.2646998526244223e-05,8.739467605935525e-06,0.0070117659542143,0.0070763944260913,0.0001330542900474,29.043424344139936,29.08327054810972,-24.948013799126795
18250,5,legacy,60dB,3.5,1.9615088377863297e-05,4.9601576463488245e-06,0.0069935951815486,0.0070763944260913,4.186940334086877e-05,31.492050102391723,31.54316552056028,-25.572217625122065
18250,5,legacy,clean,0.0,1.959233553280849e-05,4.916711812562611e-06,0.0069918903328683,0.0070763944260913,4.0910877913641936e-05,31.52919854450321,31.581372783800624,-25.577258219570037
18250,8,balanced,40dB,3.5,6.911956162671728e-06,5.97194075018346e-06,0.0070703846402267,0.0070763944260913,8.263869817114838e-05,30.733275504742565,30.736965414626948,-30.1021105666506
18250,8,balanced,60dB,3.5,1.0767436195930465e-07,6.981848177352369e-08,0.0070779391003772,0.0070763944260913,8.957342013111571e-07,50.05936420883765,50.05841631041477,-48.17699724777356
18250,8,balanced,clean,0.0,3.820647505255629e-08,9.259567568034031e-09,0.0070794650482626,0.0070763944260913,7.268999298762097e-08,58.8340973683357,58.83221326615409,-52.67675060419553
18250,8,legacy,40dB,3.5,7.562841530838394e-06,7.083831772167925e-06,0.0070983925171399,0.0070763944260913,8.267833169927029e-05,30.008917717399825,29.995437927879344,-29.71127031306752
18250,8,legacy,60dB,3.5,1.165273421522715e-07,8.31997567258714e-08,0.0070779105060279,0.0070763944260913,8.940024404812227e-07,49.29783010637556,49.29689975316322,-47.83384190906939
18250,8,legacy,clean,0.0,4.053753826095074e-08,1.0469490809023537e-08,0.0070763861054548,0.0070763944260913,6.246326343392915e-08,58.29885961107404,58.29886471764166,-52.41954660156335
18250,12,balanced,40dB,3.5,1.7427122324136064e-05,1.629310018233836e-05,0.0070830851268214,0.0070763944260913,6.515368360834164e-05,26.38218733429739,26.37808303849678,-26.085863521436497
18250,12,balanced,60dB,3.5,1.7428513993881366e-07,1.629366934702434e-07,0.007075496994446,0.0070763944260913,6.515298203417201e-07,46.37738052041951,46.377931329637015,-46.08551672272319
18250,12,balanced,clean,0.0,2.5067079242942265e-13,1.4521721280006597e-13,0.0070763965656466,0.0070763944260913,2.6653554288910274e-13,106.87794066101738,106.87793934792369,-104.5070829780658
18250,12,legacy,40dB,3.5,2.0419568992098963e-05,1.9021491527067443e-05,0.0071129834210797,0.0070763944260913,6.412978555859041e-05,25.72807228294481,25.70567463589782,-25.397654608045247
18250,12,legacy,60dB,3.5,2.0417661726058725e-07,1.902045449989509e-07,0.00707820645037,0.0070763944260913,6.413033490540376e-07,45.70702335241063,45.70591141409962,-45.39806027468955
18250,12,legacy,clean,0.0,3.09698602076248e-13,3.2608382359688065e-13,0.0070763843209141,0.0070763944260913,2.4895034578801764e-13,103.36482156753164,103.36482776931403,-103.58872786707988
18500,5,balanced,40dB,3.5,2.4309198604644927e-05,4.266392211582717e-06,0.0069768425192668,0.0069238914682786,0.0001453700149322,32.1359814237043,32.10289473849181,-24.545796099078537
18500,5,balanced,60dB,3.5,2.146492618233953e-05,1.733087892402308e-06,0.0069749609660301,0.0069238914682786,5.461753895544209e-05,36.04721193281631,36.01529663479247,-25.08620852424339
18500,5,balanced,clean,0.0,2.1428498484715327e-05,1.6936287739972492e-06,0.0069750315071309,0.0069238914682786,5.375805820069135e-05,36.14727950171607,36.11532028164586,-25.093585110278603
18500,5,legacy,40dB,3.5,2.655991354626623e-05,4.552826523776792e-06,0.0069127694182306,0.0069238914682786,0.0001372062506878,31.81370968120132,31.82069148995303,-24.16123594658234
18500,5,legacy,60dB,3.5,2.322531903216864e-05,1.6676008994967544e-06,0.0069135512318493,0.0069238914682786,4.717357966543748e-05,36.1760906475628,36.18258130997207,-24.743885633606716
18500,5,legacy,clean,0.0,2.317790055365166e-05,1.6481086224794104e-06,0.0069139611920522,0.0069238914682786,4.63464014733761e-05,36.22741106020812,36.233644202033055,-24.75276156545462
18500,8,balanced,40dB,3.5,6.751712047267747e-06,7.538197841764711e-06,0.006923824956882,0.0069238914682786,8.305408922543708e-05,29.63078548400842,29.63082720284732,-30.109363398543376
18500,8,balanced,60dB,3.5,1.152094231481958e-07,8.420051325320063e-08,0.0069199141156791,0.0069238914682786,9.146287816448052e-07,49.14785965585879,49.15035512912097,-47.78862249583617
18500,8,balanced,clean,0.0,4.808682460072292e-08,1.1197432438298647e-08,0.0069201498443496,0.0069238914682786,8.743297650040174e-08,57.90997047752573,57.9123180097652,-51.58324152195449
18500,8,legacy,40dB,3.5,7.864803722947765e-06,8.57643340080542e-06,0.0069402071852122,0.0069238914682786,8.292858070121825e-05,29.08065716085784,29.07043532201957,-29.4466236303289
18500,8,legacy,60dB,3.5,1.2325582948874393e-07,1.0130921497038239e-07,0.0069220841695581,0.0069238914682786,9.008559981537136e-07,48.345879257372445,48.34701301621535,-47.49542782948104
18500,8,legacy,clean,0.0,4.566489918463443e-08,2.0162938098009673e-08,0.00692085308221,0.0069238914682786,7.558532027675026e-08,55.35605813214524,55.357964349078095,-51.8076774852425
18500,12,balanced,40dB,3.5,1.7774390096754042e-05,1.806866999861432e-05,0.0069575911328369,0.0069238914682786,6.506919946033919e-05,25.855327174528387,25.83424065584401,-25.905555442561536
18500,12,balanced,60dB,3.5,1.7773505536325718e-07,1.806684837751737e-07,0.0069256504407521,0.0069238914682786,6.506869544566281e-07,45.83578167723089,45.83467851865973,-45.90577157896352
18500,12,balanced,clean,0.0,3.776703496693661e-13,1.480856225862532e-13,0.0069238789241807,0.0069238914682786,3.619888998290045e-13,106.6983656933084,106.69837356148116,-102.63237361348264
18500,12,legacy,40dB,3.5,2.0376213454332053e-05,2.022377334974235e-05,0.0069438487987705,0.0069238914682786,6.489507244386796e-05,25.357380661373536,25.34488062268977,-25.31226770206366
18500,12,legacy,60dB,3.5,2.0376836128654515e-07,2.022445869511469e-07,0.006924047694858,0.0069238914682786,6.489477462342755e-07,45.34483144153456,45.34473345100963,-45.31213498854893
18500,12,legacy,clean,0.0,4.579041357486552e-13,2.302132003765973e-13,0.0069238851870858,0.0069238914682786,3.331929093187977e-13,104.78219635363908,104.78220029345906,-101.79575685654294
18750,5,balanced,40dB,3.5,2.70827307481788e-05,4.59375471151666e-06,0.0067332652093976,0.0067760307139249,0.0001520929429093,31.660579189104915,31.688075640109872,-23.982829137908062
18750,5,balanced,60dB,3.5,2.4317726793452652e-05,1.845609108045252e-06,0.0067453868247963,0.0067760307139249,6.179151247078146e-05,35.62867135267689,35.64835641114012,-24.45052390957366
18750,5,balanced,clean,0.0,2.429539761099388e-05,1.8380481284830776e-06,0.0067470185644308,0.0067760307139249,6.091287292446889e-05,35.64755026109536,35.666184868579364,-24.454513548803
18750,5,legacy,40dB,3.5,2.8890061622601346e-05,7.668023613017268e-06,0.0067040878394537,0.0067760307139249,0.0001454464348452,29.4165625436694,29.462919242867272,-23.70226897670389
18750,5,legacy,60dB,3.5,2.5507884095787253e-05,4.437806478052655e-06,0.0067180527396262,0.0067760307139249,5.3478599975230907e-05,31.8007504913618,31.838070060844075,-24.243009309201238
18750,5,legacy,clean,0.0,2.545707937356423e-05,4.399698451734955e-06,0.0067199293879817,0.0067760307139249,5.243397763358636e-05,31.83941797916028,31.875524542072352,-24.251667892008975
18750,8,balanced,40dB,3.5,6.933525804011386e-06,6.905636717742098e-06,0.0067756494678663,0.0067760307139249,8.290934394907139e-05,29.917472022228715,29.917716380208454,-29.900212296923947
18750,8,balanced,60dB,3.5,1.239545223336039e-07,8.452465694491388e-08,0.0067759079995146,0.0067760307139249,9.343211643516134e-07,49.03984083894478,49.03991949070432,-47.37712989755689
18750,8,balanced,clean,0.0,5.4498194980114064e-08,1.4426132103317274e-08,0.0067766238879573,0.0067760307139249,1.0501251598270928e-07,56.718634775577215,56.71825461063273,-50.94593247501717
18750,8,legacy,40dB,3.5,7.544150569333082e-06,7.52795203918151e-06,0.0067555982985859,0.0067760307139249,8.316148626063945e-05,29.529869741221777,29.54298522342953,-29.533650182193306
18750,8,legacy,60dB,3.5,1.3658973821951032e-07,9.299011782484922e-08,0.0067698057901722,0.0067760307139249,9.230747339003834e-07,48.62139411982288,48.625385678742944,-46.95557293183823
18750,8,legacy,clean,0.0,6.085334163788705e-08,1.792223100446342e-08,0.0067721317262665,0.0067760307139249,9.145692099806793e-08,55.77333326316874,55.77583295104788,-50.46690934245284
18750,12,balanced,40dB,3.5,1.7338334092957088e-05,1.8570835001581272e-05,0.0067863555522398,0.0067760307139249,6.494018046105379e-05,25.62805178169709,25.621439344792627,-25.91967998735808
18750,12,balanced,60dB,3.5,1.7337816508456824e-07,1.8570288733494255e-07,0.0067755081239662,0.0067760307139249,6.494279148889008e-07,45.621232140801965,45.62156709602469,-45.91980963501995
18750,12,balanced,clean,0.0,4.725408913507636e-13,2.506554439436585e-13,0.0067760366937908,0.0067760307139249,4.934184457592332e-13,104.31898607712412,104.31898224446496,-101.56535969700045
18750,12,legacy,40dB,3.5,1.958197532082815e-05,2.105184983189542e-05,0.0067763643167809,0.0067760307139249,6.462054078441257e-05,25.07706483442029,25.076851024419632,-25.39118866976921
18750,12,legacy,60dB,3.5,1.9582299130633173e-07,2.1052840134266042e-07,0.0067742680897834,0.0067760307139249,6.462045490567951e-07,45.07551687093577,45.076646732282384,-45.39111685492598
18750,12,legacy,clean,0.0,6.552155786886914e-13,4.292605477247913e-13,0.0067759933702619,0.0067760307139249,4.507071352356569e-13,101.98251997020418,101.98254390485288,-100.1459115101884
19000,5,balanced,40dB,3.5,2.999949535792877e-05,5.711935341881377e-06,0.0066172983307598,0.0066321941792261,0.0001610635330938,30.638974319288543,30.64873950465379,-23.44543283907028
19000,5,balanced,60dB,3.5,2.754645459144001e-05,2.3896611576747856e-06,0.0066167213969904,0.0066321941792261,6.951896730832524e-05,34.42306524199341,34.43320908653825,-23.815915228737783
19000,5,balanced,clean,0.0,2.7531923025631586e-05,2.329234275872898e-06,0.0066169153217576,0.0066321941792261,6.877039651482848e-05,34.53442404560876,34.54444060774727,-23.81820686449885
19000,5,legacy,40dB,3.5,3.139553547943672e-05,1.0196663266169023e-05,0.0065644941302391,0.0066321941792261,0.0001517253867994,28.08743186899332,28.13199155691372,-23.247893383777555
19000,5,legacy,60dB,3.5,2.803071825129552e-05,5.951305037984008e-06,0.0065713075454915,0.0066321941792261,6.015874995177527e-05,30.43039582316855,30.47045022243521,-23.740230069796485
19000,5,legacy,clean,0.0,2.7989300263456425e-05,5.843694444946311e-06,0.0065723970422237,0.0066321941792261,5.934156224256778e-05,30.510362920617435,30.5496973365388,-23.74665191945825
19000,8,balanced,40dB,3.5,6.54968625880104e-06,6.39652312733983e-06,0.0066227152154289,0.0066321941792261,8.53297228388569e-05,30.15092105807616,30.157132586575493,-30.054367360831197
19000,8,balanced,60dB,3.5,1.329403462494404e-07,8.356923157211439e-08,0.0066341197174214,0.0066321941792261,9.783344611427015e-07,48.997368956057855,48.99610824320983,-46.98000427542834
19000,8,balanced,clean,0.0,6.776499381281796e-08,1.6889136680697954e-08,0.006636034680725,0.0066321941792261,1.2644999796230072e-07,55.94301196657368,55.94049782746299,-49.906518301121096
19000,8,legacy,40dB,3.5,8.061945039127318e-06,7.110296268478986e-06,0.0066325488156607,0.0066321941792261,8.412462606683109e-05,29.69792757995272,29.69769536038129,-29.152174000210785
19000,8,legacy,60dB,3.5,1.4414451206880152e-07,8.199716345279685e-08,0.006633346789573,0.0066321941792261,9.553250096693523e-07,49.07933873697565,49.07858404130829,-46.62859120728353
19000,8,legacy,clean,0.0,6.811691043670085e-08,1.2593731986830622e-08,0.0066342391813535,0.0066321941792261,1.1053967066278746e-07,57.21636678258662,57.21502786484992,-49.88402291582325
19000,12,balanced,40dB,3.5,1.755620255102759e-05,1.726979626259053e-05,0.0066074667233397,0.0066321941792261,6.703926421209398e-05,25.82747770522152,25.843700190387437,-25.77226650339114
19000,12,balanced,60dB,3.5,1.7552535619815145e-07,1.7265665781490598e-07,0.0066281543407574,0.0066321941792261,6.704023225916155e-07,45.84209282844456,45.84473903281298,-45.7731737009037
19000,12,balanced,clean,0.0,6.362146416045687e-13,3.7569871946261385e-13,0.0066322086265499,0.0066321941792261,6.704479979772946e-13,102.46818464363038,102.46817518313208,-100.18053573546736
19000,12,legacy,40dB,3.5,2.059915236575596e-05,1.8353506402593045e-05,0.0066531008382826,0.0066321941792261,6.570340790958924e-05,25.593050582647543,25.57938185470978,-25.078078831639942
19000,12,legacy,60dB,3.5,2.059930223011332e-07,1.8356678202510963e-07,0.0066324344786435,0.0066321941792261,6.570272387948343e-07,45.57878873626369,45.57863138438647,-45.07804723566671
19000,12,legacy,clean,0.0,6.635314775349731e-13,5.749276398858289e-13,0.0066321981306963,0.0066321941792261,6.133911044653412e-13,100.62044303840142,100.6204404508698,-99.99795702764344
19250,5,balanced,40dB,3.5,3.3528032742443585e-05,3.997164082268989e-06,0.0065323216104465,0.0064918522887306,0.0001681312221065,32.13315582249367,32.10616653348696,-22.86960557675552
19250,5,balanced,60dB,3.5,3.08169601740915e-05,1.8508512777761188e-06,0.0065339883915137,0.0064918522887306,7.807485301846969e-05,35.47806835449648,35.449971065107306,-23.23578832509916
19250,5,balanced,clean,0.0,3.0784732605886446e-05,1.8467961232643972e-06,0.0065344425921273,0.0064918522887306,7.739017484798843e-05,35.48789592630445,35.45949675397239,-23.24033243928885
19250,5,legacy,40dB,3.5,3.6104032697496287e-05,6.0201678066586425e-06,0.0065088764932626,0.0064918522887306,0.0001602353945924,30.338974338414143,30.327600326330668,-22.548129157905446
19250,5,legacy,60dB,3.5,3.273761418415339e-05,2.922543624672084e-06,0.006504173143173,0.0064918522887306,6.80581574542265e-05,33.47431091222457,33.46607627044461,-22.973216034266905
19250,5,legacy,clean,0.0,3.26846916079002e-05,2.865808722987644e-06,0.0065039716726438,0.0064918522887306,6.70915686763537e-05,33.559314408125346,33.55121429365937,-22.980242380272298
19250,8,balanced,40dB,3.5,6.584132177934189e-06,7.721021553741018e-06,0.0064880822341778,0.0064918522887306,8.420902839135996e-05,29.244415809511285,29.24693864802319,-29.93870088769033
19250,8,balanced,60dB,3.5,1.466808390356073e-07,1.0074293958102309e-07,0.0064869956736873,0.0064918522887306,9.796288225147015e-07,48.08828989292987,48.091540106228656,-46.45995244097256
19250,8,balanced,clean,0.0,8.197872160522079e-08,1.9778197020026106e-08,0.0064875255149974,0.0064918522887306,1.5283703828791326e-07,55.15892380119743,55.16181930829308,-48.98667488073525
19250,8,legacy,40dB,3.5,7.854102581718046e-06,8.797917116381947e-06,0.0064979146026348,0.0064918522887306,8.379758949538883e-05,28.68394133181225,28.6798876337139,-29.172720603680634
19250,8,legacy,60dB,3.5,1.549718774375995e-07,1.218039836669291e-07,0.0064896698487573,0.0064918522887306,9.67750982679694e-07,47.2656111097602,47.26707137248808,-46.22115735203301
19250,8,legacy,clean,0.0,7.744625284081327e-08,3.216046706985966e-08,0.0064895316983357,0.0064918522887306,1.331986021189369e-07,53.048910106729565,53.05046282193314,-49.23368219919072
19250,12,balanced,40dB,3.5,1.748748033027825e-05,1.834778392663036e-05,0.0064822469375017,0.0064918522887306,6.585359332180871e-05,25.481419542073223,25.487850126154463,-25.696413906095582
19250,12,balanced,60dB,3.5,1.748899546555044e-07,1.835022593496386e-07,0.0064892980879673,0.0064918522887306,6.585131321555691e-07,45.48556308251893,45.48727213800221,-45.69603764469504
19250,12,balanced,clean,0.0,9.052012235625702e-13,3.946157160813234e-13,0.0064918302812335,0.0064918522887306,9.041110389089601e-13,102.16192779751375,102.16194252020053,-98.5562349730022
19250,12,legacy,40dB,3.5,2.0454619347272264e-05,2.1664494257013743e-05,0.0064965970582276,0.0064918522887306,6.547199192698538e-05,24.76937375953848,24.76620074442785,-25.01577227766569
19250,12,legacy,60dB,3.5,2.045661403971456e-07,2.1667763359862325e-07,0.0064904804498425,0.0064918522887306,6.547153750456388e-07,44.764627622249705,44.76554545739289,-45.015348783260976
19250,12,legacy,clean,0.0,9.032395654362348e-13,4.75466936580541e-13,0.0064918462673633,0.0064918522887306,8.337609676551637e-13,101.35247904811445,101.35248307631424,-98.56565676484595
19500,5,balanced,40dB,3.5,3.753426891967192e-05,5.834636956339059e-06,0.0063292592328499,0.0063545597391193,0.0001803768386832,30.35339045321766,30.370716283647013,-22.28657505612402
19500,5,balanced,60dB,3.5,3.442895514950506e-05,2.7451560277054237e-06,0.006316811137545,0.0063545597391193,8.762080755776592e-05,33.61930858700227,33.64518433165611,-22.661616239213785
19500,5,balanced,clean,0.0,3.438873421862762e-05,2.71042656098704e-06,0.0063157328297769,0.0063545597391193,8.676155916019465e-05,33.6738610548955,33.70047822283797,-22.666692762557243
19500,5,legacy,40dB,3.5,3.890978167580309e-05,9.118187694246162e-06,0.0062882981825152,0.0063545597391193,0.0001747133472007,28.38624599434943,28.43176939113853,-22.130266728815077
19500,5,legacy,60dB,3.5,3.577457084110551e-05,5.3517182934722015e-06,0.0062870400294365,0.0063545597391193,7.70410826948974e-05,30.69952980758918,30.745922221071275,-22.49511034270241
19500,5,legacy,clean,0.0,3.5738455375908994e-05,5.2854404813319065e-06,0.0062872124759442,0.0063545597391193,7.567615304690627e-05,30.753769508966798,30.80004280194183,-22.499496885800745
19500,8,balanced,40dB,3.5,7.427231644767289e-06,7.413713765868035e-06,0.0063686194732012,0.0063545597391193,8.511935313541137e-05,29.340094859884516,29.330496523946067,-29.32258497697369
19500,8,balanced,60dB,3.5,1.6447649401499824e-07,9.48088766762523e-08,0.0063557538908196,0.0063545597391193,1.031801315965448e-06,48.26318071038719,48.26236465893379,-45.86981626868027
19500,8,balanced,clean,0.0,9.292190870255397e-08,2.1355254542810377e-08,0.0063550597998753,0.0063545597391193,1.8467474414387405e-07,54.73614889192309,54.73580714506527,-48.34967344817001
19500,8,legacy,40dB,3.5,8.428699577166472e-06,8.447126174585981e-06,0.0063625078207173,0.0063545597391193,8.512845868257429e-05,28.769193478939577,28.763764855692976,-28.77324892228334
19500,8,legacy,60dB,3.5,1.7656784539439889e-07,1.0511684655355098e-07,0.0063531324280251,0.0063545597391193,1.0175890393139072e-06,47.81315584271411,47.81413143029774,-45.561738493708425
19500,8,legacy,clean,0.0,9.677967693600465e-08,2.2304656547237123e-08,0.0063529278330833,0.0063545597391193,1.600458338355015e-07,54.54578381685718,54.54689926597532,-48.17301298810228
19500,12,balanced,40dB,3.5,2.038228287803379e-05,2.113467502369128e-05,0.006375979474401,0.0063545597391193,6.594905335178053e-05,24.795513359981136,24.780898925417148,-24.938326421448103
19500,12,balanced,60dB,3.5,2.0379496083108829e-07,2.1133039111419038e-07,0.0063548686671217,0.0063545597391193,6.594782981901673e-07,44.781446228396426,44.781235100527454,-44.938920256992496
19500,12,balanced,clean,0.0,1.127755810423896e-12,6.065388483746283e-13,0.0063545612822483,0.0063545597391193,1.2140928207873353e-12,100.20226949972266,100.2022684450904,-97.5087039350229
19500,12,legacy,40dB,3.5,2.2306113781163635e-05,2.2828565847920348e-05,0.0063965718204022,0.0063545597391193,6.597704441434242e-05,24.474686516912453,24.446068380535063,-24.546615536889856
19500,12,legacy,60dB,3.5,2.230190311082528e-07,2.282456346055279e-07,0.0063567233905462,0.0063545597391193,6.597771768562905e-07,44.44830833717597,44.44682986820478,-44.54743542130791
19500,12,legacy,clean,0.0,1.241287215514653e-12,7.312762533965166e-13,0.0063545264466335,0.0063545597391193,1.1263819355073165e-12,99.39001720624609,99.390039959641,-97.0921318439963
19750,5,balanced,40dB,3.5,4.141790946618203e-05,6.521708168724062e-06,0.0062091858829946,0.0062199507523982,0.0001919675165475,29.78673300179849,29.794255848616466,-21.76598771632801
19750,5,balanced,60dB,3.5,3.870626286999927e-05,3.4670396682147062e-06,0.0062111836258392,0.0062199507523982,9.796884900327584e-05,32.53215558130787,32.53828135422954,-22.06005704339698
19750,5,balanced,clean,0.0,3.870073818311584e-05,3.426395851682417e-06,0.0062117013666457,0.0062199507523982,9.676948827037804e-05,32.58373032853878,32.589494105071346,-22.060676972085385
19750,5,legacy,40dB,3.5,4.214731513717387e-05,8.525913869441066e-06,0.0061856701882753,0.0062199507523982,0.0001774119882339,28.60645819279192,28.630460050982563,-21.69017031627267
19750,5,legacy,60dB,3.5,3.918953540882323e-05,5.703539628060735e-06,0.0061914981861168,0.0062199507523982,8.607023517195862e-05,30.35651286665845,30.37642482736425,-22.00616831142135
19750,5,legacy,clean,0.0,3.9149009522117226e-05,5.710901940442485e-06,0.0061924338577379,0.0062199507523982,8.519822400290626e-05,30.3515667338568,30.37082242961986,-22.010661673036942
19750,8,balanced,40dB,3.5,7.463623940123543e-06,6.463791255483235e-06,0.0062371174389802,0.0062199507523982,8.295750582486211e-05,29.84496598783481,29.83299623402108,-29.208371970375868
19750,8,balanced,60dB,3.5,1.897319428206512e-07,8.81962230381795e-08,0.0062234016116803,0.0062199507523982,1.0475451379008772e-06,48.48577840925695,48.483369590252856,-45.15646492263255
19750,8,balanced,clean,0.0,1.124292858126974e-07,2.1614499161688893e-08,0.0062226085384341,0.0062199507523982,2.2172504218771587e-07,54.59227303796021,54.590417693251695,-47.42907494204825
19750,8,legacy,40dB,3.5,7.385467879936584e-06,6.62068189550618e-06,0.0062165008385955,0.0062199507523982,8.447836067713155e-05,29.72643274774002,29.72884224301291,-29.254089324030534
19750,8,legacy,60dB,3.5,1.8422542446210253e-07,8.60350658348166e-08,0.0062227136064775,0.0062199507523982,1.0358161410813163e-06,48.59304318152755,48.5911145073046,-45.28437380271836
19750,8,legacy,clean,0.0,1.1332089635222626e-07,2.013248773280842e-08,0.0062241331475425,0.0062199507523982,1.9195353724519586e-07,54.90181431431553,54.89889502959308,-47.39476945028383
19750,12,balanced,40dB,3.5,1.8402336978655843e-05,1.6346164979278352e-05,0.0062336582479581,0.0062199507523982,6.482752102120035e-05,25.81327111103805,25.803710682271912,-25.289139669752178
19750,12,balanced,60dB,3.5,1.840385142351e-07,1.6346516735190853e-07,0.0062196898867177,0.0062199507523982,6.482833313914731e-07,45.8034350791212,45.80361722670708,-45.28878227602453
19750,12,balanced,clean,0.0,1.4624429650141479e-12,7.50169177592505e-13,0.006219978064913,0.0062199507523982,1.631080594057949e-12,99.18629636926336,99.18627729893808,-96.28708008412409
19750,12,legacy,40dB,3.5,1.9729042735759613e-05,1.8243389998829263e-05,0.0062111711491593,0.0062199507523982,6.626720020528594e-05,25.32067954038596,25.32681403718216,-24.9868093254708
19750,12,legacy,60dB,3.5,1.9727677539131792e-07,1.824310960030511e-07,0.0062173239295638,0.0062199507523982,6.626790574759794e-07,45.32504627909088,45.32688078819041,-44.98710985595498
19750,12,legacy,clean,0.0,1.4280770254238766e-12,9.10328138233657e-13,0.0062199804927015,0.0062199507523982,1.5110793816186797e-12,98.34591055668182,98.34588979121396,-96.3903531371794
20000,5,balanced,40dB,3.5,4.6386155201086e-05,6.1914078937131e-06,0.0061000934996762,0.0060877338123199,0.0002000023432423,29.93547075205853,29.926662380033655,-21.180672778025325
20000,5,balanced,60dB,3.5,4.379242639825404e-05,3.25519541683724e-06,0.0060987755031764,0.0060877338123199,0.0001083326952048,32.72665581828795,32.71878589163713,-21.430566458163725
20000,5,balanced,clean,0.0,4.376627984870932e-05,3.1780064563508288e-06,0.0060988911046606,0.0060877338123199,0.0001073774348106,32.83096103951655,32.823008793700474,-21.433160215657946
20000,5,legacy,40dB,3.5,4.799735205974037e-05,7.3521508764004626e-06,0.0060750938887537,0.0060877338123199,0.0001892033589782,29.1713858341456,29.180412437444744,-21.03238375866737
20000,5,legacy,60dB,3.5,4.4607104869270137e-05,3.935893249723209e-06,0.0060776245570483,0.0060877338123199,9.681212322569196e-05,31.88690557319706,31.89412343667116,-21.350516173606803
20000,5,legacy,clean,0.0,4.454342748161701e-05,3.857505571408566e-06,0.006078218759159,0.0060877338123199,9.569852762990326e-05,31.9746976458547,31.9814909255442,-21.35672022916395
20000,8,balanced,40dB,3.5,6.679465453199671e-06,7.667939487562547e-06,0.0060898138567825,0.0060877338123199,8.342317578214056e-05,28.999253411162677,28.99776977609005,-29.59713946560757
20000,8,balanced,60dB,3.5,1.948577082594499e-07,1.0400312025453261e-07,0.0060837341057167,0.0060877338123199,1.0988058107149086e-06,47.67123855620344,47.67409285542392,-44.94738064079083
20000,8,balanced,clean,0.0,1.315241039272416e-07,2.8316768896994676e-08,0.0060837157561878,0.0060877338123199,2.6380534997764664e-07,53.32125218320962,53.32411958147588,-46.65450302908927
20000,8,legacy,40dB,3.5,7.877937933394001e-06,8.25440418888527e-06,0.006089116055993,0.0060877338123199,8.26729808983969e-05,28.67868520681806,28.677699236211648,-28.88043099660541
20000,8,legacy,60dB,3.5,2.0857954295488058e-07,1.2587971132953777e-07,0.0060862779338458,0.0060877338123199,1.0512425329031568e-06,46.84396042507866,46.844999162355776,-44.6518394305792
20000,8,legacy,clean,0.0,1.307568798934536e-07,4.383992909223222e-08,0.0060867369152097,0.0060877338123199,2.295166740639993e-07,51.42514687769647,51.42585811504652,-46.679911055991255
20000,12,balanced,40dB,3.5,1.8530014415146696e-05,2.012073652041914e-05,0.0061210564354423,0.0060877338123199,6.460432220158312e-05,24.831825096203403,24.80811780500167,-25.16579897371168
20000,12,balanced,60dB,3.5,1.852969051675307e-07,2.011960941170988e-07,0.0060893720740058,0.0060877338123199,6.460629365135354e-07,44.80952965841132,44.80836109172385,-45.1658748875838
20000,12,balanced,clean,0.0,1.932222518387542e-12,9.112443301296636e-13,0.0060877045963744,0.0060877338123199,2.1859860295139458e-12,98.24818731191226,98.2482081544043,-94.98398515412312
20000,12,legacy,40dB,3.5,2.036799765608682e-05,1.992988769838653e-05,0.0061020074284953,0.0060877338123199,6.454429365053826e-05,24.859678804805448,24.849508030131044,-24.755073182113318
20000,12,legacy,60dB,3.5,2.0370245390489362e-07,1.993037776390299e-07,0.0060873143686559,0.0060877338123199,6.454499423348894e-07,44.84910200234808,44.849401240701965,-44.75459393775922
20000,12,legacy,clean,0.0,1.978098885956729e-12,1.1923641807770112e-12,0.0060877185832204,0.0060877338123199,2.0186354353206987e-12,97.080456469782,97.0804673341239,-94.88207656183889
