frequency_hz,order,method,noise,trial,internal_error_power,external_power,internal_power,true_power,residual_power
3000,5,legacy,clean,0,3.0470336956973795e-14,5.964585951970496e-15,0.0596408561968426,0.0596408615839275,6.626243173086185e-14
3000,5,legacy,60dB,0,3.117436799069044e-08,3.695261098329204e-08,0.0596529454545567,0.0596408615839275,9.741032587435131e-07
3000,5,legacy,60dB,1,2.9611632698615288e-08,4.766792040453256e-08,0.0596420827569586,0.0596408615839275,9.562631114701524e-07
3000,5,legacy,60dB,2,2.5563957806224163e-08,3.0802584053337547e-08,0.0596434149984938,0.0596408615839275,9.510502568083135e-07
3000,5,legacy,60dB,3,3.7811618204939574e-08,4.69400523576045e-08,0.0596414868142615,0.0596408615839275,9.726951554654458e-07
3000,5,legacy,60dB,4,2.7276666277982743e-08,3.386219810184853e-08,0.0596588483848538,0.0596408615839275,9.065808056146992e-07
3000,5,legacy,60dB,5,3.763834117813651e-08,4.961826385509389e-08,0.0596341053959754,0.0596408615839275,9.497366372168968e-07
3000,5,legacy,60dB,6,3.490159477829846e-08,4.5702222844732226e-08,0.059622756389567,0.0596408615839275,9.308678189984008e-07
3000,5,legacy,60dB,7,3.862197519095213e-08,4.25948634131764e-08,0.0596534682562656,0.0596408615839275,9.322483126899928e-07
3000,5,legacy,40dB,0,3.1181973546263576e-06,3.695405732683484e-06,0.059764555227933,0.0596408615839275,9.740979433030356e-05
3000,5,legacy,40dB,1,2.961326215011431e-06,4.766918488289792e-06,0.0596557870081644,0.0596408615839275,9.562565276072246e-05
3000,5,legacy,40dB,2,2.5565599181439696e-06,3.0804239646995525e-06,0.0596687451339688,0.0596408615839275,9.510534631142691e-05
3000,5,legacy,40dB,3,3.781104487662244e-06,4.693712631719567e-06,0.059650565359611,0.0596408615839275,9.726866859025708e-05
3000,5,legacy,40dB,4,2.7274208221434927e-06,3.385872475142675e-06,0.0598232327313892,0.0596408615839275,9.065763285258404e-05
3000,5,legacy,40dB,5,3.763554126460634e-06,4.9624572301575706e-06,0.0595767353591593,0.0596408615839275,9.49742339044838e-05
3000,5,legacy,40dB,6,3.490092625285689e-06,4.570318331530229e-06,0.059462999201039,0.0596408615839275,9.30880081195576e-05
3000,5,legacy,40dB,7,3.862156141234658e-06,4.259117342173972e-06,0.0597704527277367,0.0596408615839275,9.322488247748082e-05
3000,5,balanced,clean,0,2.7505052899322872e-14,1.2947012826714377e-15,0.0596408662090835,0.0596408615839275,7.799049150055261e-14
3000,5,balanced,60dB,0,3.0020504720099384e-08,3.632455939328607e-08,0.059643730751974,0.0596408615839275,9.633872932109522e-07
3000,5,balanced,60dB,1,2.1269379609232198e-08,3.21812468754529e-08,0.059648502707917,0.0596408615839275,9.63384264216098e-07
3000,5,balanced,60dB,2,3.3941964674590653e-08,2.91707799663621e-08,0.0596225625940172,0.0596408615839275,9.373825785839572e-07
3000,5,balanced,60dB,3,1.6882163205131942e-08,3.1830598497386826e-08,0.0596388156995435,0.0596408615839275,9.833511521539563e-07
3000,5,balanced,60dB,4,2.873429118689101e-08,3.8602912604482234e-08,0.0596281510613352,0.0596408615839275,8.89952070783758e-07
3000,5,balanced,60dB,5,2.584275138752389e-08,2.8826386092594664e-08,0.0596380135139298,0.0596408615839275,9.727698191854906e-07
3000,5,balanced,60dB,6,2.4942617968525312e-08,3.5219026190020725e-08,0.0596482982985072,0.0596408615839275,9.434865981700152e-07
3000,5,balanced,60dB,7,2.8827287451445363e-08,2.5277624215891145e-08,0.0596222620739367,0.0596408615839275,9.205170887940508e-07
3000,5,balanced,40dB,0,3.0020448238750578e-06,3.632831789648912e-06,0.059672213478014,0.0596408615839275,9.633840095012894e-05
3000,5,balanced,40dB,1,2.1267367476817907e-06,3.2178613388709246e-06,0.0597191452406182,0.0596408615839275,9.633889011094412e-05
3000,5,balanced,40dB,2,3.3941286300787293e-06,2.9169837491716e-06,0.0594608847676522,0.0596408615839275,9.37392264501585e-05
3000,5,balanced,40dB,3,1.6881996260957091e-06,3.182907320567112e-06,0.059621880491924,0.0596408615839275,9.833700985126716e-05
3000,5,balanced,40dB,4,2.873324304809352e-06,3.8602472156824025e-06,0.0595163007132388,0.0596408615839275,8.899529655015176e-05
3000,5,balanced,40dB,5,2.584533912702237e-06,2.882827381535986e-06,0.0596146653641929,0.0596408615839275,9.727873252762204e-05
3000,5,balanced,40dB,6,2.4941490743151703e-06,3.5217317550488223e-06,0.0597174318264613,0.0596408615839275,9.434847040482906e-05
3000,5,balanced,40dB,7,2.8828549451511834e-06,2.527701715015117e-06,0.0594574194399342,0.0596408615839275,9.20529815625667e-05
3000,8,legacy,clean,0,4.78701515046136e-20,2.215429900323797e-20,0.0596408615886699,0.0596408615839275,5.932714891264654e-20
3000,8,legacy,60dB,0,8.633061557444149e-08,9.219912930316873e-08,0.0596412198753566,0.0596408615839275,8.811123398006121e-07
3000,8,legacy,60dB,1,9.95437235855022e-08,1.0713959493742357e-07,0.059634049055626,0.0596408615839275,8.58902874950659e-07
3000,8,legacy,60dB,2,6.794308322668604e-08,8.319157430329392e-08,0.0596392590753496,0.0596408615839275,8.586985340467879e-07
3000,8,legacy,60dB,3,8.464184125039922e-08,9.404702172647821e-08,0.059641093479747,0.0596408615839275,8.612264056159157e-07
3000,8,legacy,60dB,4,8.217677002846128e-08,8.578754253853135e-08,0.0596509437120385,0.0596408615839275,8.103834103774492e-07
3000,8,legacy,60dB,5,8.694248930879823e-08,9.98102784967403e-08,0.0596407045411977,0.0596408615839275,8.722010886025842e-07
3000,8,legacy,60dB,6,8.946568604670546e-08,1.1954191294444158e-07,0.0596197090309348,0.0596408615839275,8.446927929801318e-07
3000,8,legacy,60dB,7,7.723028097036303e-08,9.107232456596069e-08,0.0596501865656999,0.0596408615839275,8.406197425196569e-07
3000,8,legacy,40dB,0,8.633064487616636e-06,9.21991609927207e-06,0.0596522142138686,0.0596408615839275,8.81112346012664e-05
3000,8,legacy,40dB,1,9.954371821113847e-06,1.071395877443044e-05,0.0595816951928163,0.0596408615839275,8.589028686881949e-05
3000,8,legacy,40dB,2,6.794308450794761e-06,8.319158592240829e-06,0.0596309513330849,0.0596408615839275,8.586985139036027e-05
3000,8,legacy,40dB,3,8.464184393842223e-06,9.404702427715862e-06,0.059650798265423,0.0596408615839275,8.612264016572336e-05
3000,8,legacy,40dB,4,8.217677018483551e-06,8.578754943043506e-06,0.0597490787316735,0.0596408615839275,8.103834064646376e-05
3000,8,legacy,40dB,5,8.694247276115987e-06,9.981026361530692e-06,0.0596471159363318,0.0596408615839275,8.722010871666648e-05
3000,8,legacy,40dB,6,8.946570992744874e-06,1.1954194196659709e-05,0.0594373879254535,0.0596408615839275,8.446927866676213e-05
3000,8,legacy,40dB,7,7.723029525203294e-06,9.107233354372312e-06,0.0597410620856858,0.0596408615839275,8.406197358847893e-05
3000,8,balanced,clean,0,3.035966770079742e-20,6.546888544411188e-21,0.0596408615868732,0.0596408615839275,7.723493779508228e-20
3000,8,balanced,60dB,0,6.486531891856658e-08,6.642063207732815e-08,0.0596457492519056,0.0596408615839275,8.792874373535991e-07
3000,8,balanced,60dB,1,5.835992792599906e-08,6.758178626608941e-08,0.0596497955046662,0.0596408615839275,8.759108812053577e-07
3000,8,balanced,60dB,2,7.007322293882677e-08,7.381010658725538e-08,0.0596212057784514,0.0596408615839275,8.323820178030302e-07
3000,8,balanced,60dB,3,4.83607128893734e-08,6.61893329580658e-08,0.0596377170344778,0.0596408615839275,8.897432095436245e-07
3000,8,balanced,60dB,4,5.668300410467312e-08,6.46626943206475e-08,0.0596247178415795,0.0596408615839275,8.036850735295601e-07
3000,8,balanced,60dB,5,6.015434177900203e-08,6.536783808101997e-08,0.059637527241554,0.0596408615839275,8.779409974579998e-07
3000,8,balanced,60dB,6,5.698624743526251e-08,6.88490776170363e-08,0.0596485950823338,0.0596408615839275,8.468458233369201e-07
3000,8,balanced,60dB,7,6.277962938105544e-08,5.509208834239775e-08,0.0596238690684177,0.0596408615839275,8.348884173865479e-07
3000,8,balanced,40dB,0,6.48653213709304e-06,6.642063516509172e-06,0.0596955761161441,0.0596408615839275,8.79287433170907e-05
3000,8,balanced,40dB,1,5.835992647239456e-06,6.758178602662335e-06,0.0597354531581712,0.0596408615839275,8.759108657122939e-05
3000,8,balanced,40dB,2,7.00732281201925e-06,7.381010808305838e-06,0.0594506100932392,0.0596408615839275,8.323820121393362e-05
3000,8,balanced,40dB,3,4.836071306684462e-06,6.618933434385309e-06,0.0596137685270983,0.0596408615839275,8.897432092740167e-05
3000,8,balanced,40dB,4,5.668300116761658e-06,6.46626931725874e-06,0.0594845256040115,0.0596408615839275,8.036850724147879e-05
3000,8,balanced,40dB,5,6.015434229754869e-06,6.5367841732342265e-06,0.0596129320244932,0.0596408615839275,8.779410077424071e-05
3000,8,balanced,40dB,6,5.698624642247544e-06,6.8849069070881e-06,0.0597233253036472,0.0596408615839275,8.468458474253918e-05
3000,8,balanced,40dB,7,6.277962830588216e-06,5.509208677722192e-06,0.0594765865688548,0.0596408615839275,8.34888410201298e-05
3000,12,legacy,clean,0,8.332028578884677e-31,5.572222404795457e-31,0.0596408615839275,0.0596408615839275,1.3721772469789385e-30
3000,12,legacy,60dB,0,3.1811550965291497e-07,2.841518240051876e-07,0.0596275854775064,0.0596408615839275,6.70811143604398e-07
3000,12,legacy,60dB,1,2.54661857796698e-07,2.329964811177155e-07,0.0596280061183655,0.0596408615839275,6.823440717414318e-07
3000,12,legacy,60dB,2,2.1023948816095937e-07,1.995209337933834e-07,0.0596249740568376,0.0596408615839275,6.868746033771282e-07
3000,12,legacy,60dB,3,2.409037316614462e-07,2.159143317155711e-07,0.059633776884985,0.0596408615839275,6.828995770487776e-07
3000,12,legacy,60dB,4,2.637978475126568e-07,2.586937056977844e-07,0.0596625714346957,0.0596408615839275,6.404463170694851e-07
3000,12,legacy,60dB,5,2.472063499851947e-07,2.369949944877455e-07,0.0596333552981585,0.0596408615839275,6.894731155759255e-07
3000,12,legacy,60dB,6,2.3935247270764134e-07,2.575428658698334e-07,0.0596412791405965,0.0596408615839275,6.769563969640257e-07
3000,12,legacy,60dB,7,2.526281536705213e-07,2.689810788113668e-07,0.0596547296499177,0.0596408615839275,6.558098174131645e-07
3000,12,legacy,40dB,0,3.18115509652837e-05,2.841518240050344e-05,0.0595367309155857,0.0596408615839275,6.708111436043797e-05
3000,12,legacy,40dB,1,2.546618577966407e-05,2.3299648111767987e-05,0.0595352264955096,0.0596408615839275,6.823440717414012e-05
3000,12,legacy,40dB,2,2.10239488161013e-05,1.9952093379331063e-05,0.0595009078669634,0.0596408615839275,6.868746033771364e-05
3000,12,legacy,40dB,3,2.409037316615609e-05,2.159143317156231e-05,0.0595916959303515,0.0596408615839275,6.828995770487677e-05
3000,12,legacy,40dB,4,2.6379784751283425e-05,2.5869370569796504e-05,0.0598817018978853,0.0596408615839275,6.40446317069452e-05
3000,12,legacy,40dB,5,2.472063499853158e-05,2.3699499448783663e-05,0.0595880472977363,0.0596408615839275,6.894731155759608e-05
3000,12,legacy,40dB,6,2.3935247270754647e-05,2.575428658697971e-05,0.0596665788731611,0.0596408615839275,6.769563969640435e-05
3000,12,legacy,40dB,7,2.526281536705521e-05,2.6898107881136623e-05,0.059802278777659,0.0596408615839275,6.558098174131958e-05
3000,12,balanced,clean,0,7.298479971643109e-31,2.9500180812507096e-31,0.0596408615839275,0.0596408615839275,1.7905334356754316e-30
3000,12,balanced,60dB,0,1.789953123935088e-07,1.5534910541921186e-07,0.0596527383669613,0.0596408615839275,6.77677826144019e-07
3000,12,balanced,60dB,1,1.575677948613957e-07,1.453837742273866e-07,0.0596541556183982,0.0596408615839275,7.004142289808339e-07
3000,12,balanced,60dB,2,1.644945366594109e-07,1.5966244217952626e-07,0.0596245153262567,0.0596408615839275,6.594646559328327e-07
3000,12,balanced,60dB,3,1.521276879980812e-07,1.4643430245637485e-07,0.0596309728011184,0.0596408615839275,6.963860204562231e-07
3000,12,balanced,60dB,4,1.577818722200881e-07,1.6869203130866536e-07,0.0596208533158324,0.0596408615839275,6.219969691900451e-07
3000,12,balanced,60dB,5,1.7807251000213665e-07,1.7228845196689818e-07,0.0596322563186606,0.0596408615839275,6.756324429413297e-07
3000,12,balanced,60dB,6,1.6655150972152025e-07,1.6910698399806826e-07,0.0596521310427617,0.0596408615839275,6.569206639024682e-07
3000,12,balanced,60dB,7,1.692608266222968e-07,1.534070535691498e-07,0.059619564129839,0.0596408615839275,6.592518061174535e-07
3000,12,balanced,40dB,0,1.789953123935181e-05,1.5534910541918507e-05,0.059775738992381,0.0596408615839275,6.776778261440372e-05
3000,12,balanced,40dB,1,1.575677948613587e-05,1.4538377422738167e-05,0.0597879830301716,0.0596408615839275,7.004142289808423e-05
3000,12,balanced,40dB,2,1.6449453665940004e-05,1.5966244217955008e-05,0.0594922035155196,0.0596408615839275,6.594646559328713e-05
3000,12,balanced,40dB,3,1.5212768799804344e-05,1.4643430245634764e-05,0.0595556652477569,0.0596408615839275,6.963860204561995e-05
3000,12,balanced,40dB,4,1.5778187222008337e-05,1.6869203130866413e-05,0.0594549792714767,0.0596408615839275,6.219969691900012e-05
3000,12,balanced,40dB,5,1.7807251000212403e-05,1.7228845196688843e-05,0.059570835457159,0.0596408615839275,6.756324429413427e-05
3000,12,balanced,40dB,6,1.665515097215606e-05,1.6910698399807464e-05,0.0597685458081454,0.0596408615839275,6.56920663902495e-05
3000,12,balanced,40dB,7,1.6926082662235072e-05,1.53407053569175e-05,0.0594431205174386,0.0596408615839275,6.592518061174407e-05
3250,5,legacy,clean,0,7.590425355788245e-14,1.1409313863678961e-14,0.0586175471268,0.0586175451001247,1.6838591572482162e-13
3250,5,legacy,60dB,0,3.97411099691199e-08,4.47067681691432e-08,0.0586097646221662,0.0586175451001247,9.629606552788676e-07
3250,5,legacy,60dB,1,2.388676534881229e-08,2.956432278101148e-08,0.0586083384363717,0.0586175451001247,8.816127229290754e-07
3250,5,legacy,60dB,2,3.1424966162934994e-08,2.351486108580988e-08,0.0586396366612933,0.0586175451001247,9.270956973547332e-07
3250,5,legacy,60dB,3,3.733701457181215e-08,3.223643176101898e-08,0.0586271698990886,0.0586175451001247,8.994241669563548e-07
3250,5,legacy,60dB,4,2.6597641438099793e-08,3.274437616626761e-08,0.0586317741503504,0.0586175451001247,9.5098971457807e-07
3250,5,legacy,60dB,5,3.90475504222294e-08,4.5688524004879075e-08,0.0586017211626519,0.0586175451001247,9.180472097149512e-07
3250,5,legacy,60dB,6,4.410302756076204e-08,2.2791191662625494e-08,0.0586175857643775,0.0586175451001247,9.615666225801922e-07
3250,5,legacy,60dB,7,3.0065771597619334e-08,2.458033110716521e-08,0.0586088635012649,0.0586175451001247,9.360413767200588e-07
3250,5,legacy,40dB,0,3.973643284417952e-06,4.469777074675898e-06,0.0585432983133302,0.0586175451001247,9.629801871666128e-05
3250,5,legacy,40dB,1,2.3886688663141057e-06,2.956663659920461e-06,0.0585276100244119,0.0586175451001247,8.816504435122166e-05
3250,5,legacy,40dB,2,3.1426413798349564e-06,2.35189246440964e-06,0.0588412708641352,0.0586175451001247,9.270882961117852e-05
3250,5,legacy,40dB,3,3.733366603053572e-06,3.223363848417265e-06,0.0587171348468269,0.0586175451001247,8.994230660937592e-05
3250,5,legacy,40dB,4,2.660052021128033e-06,3.2748005942272977e-06,0.0587622114385932,0.0586175451001247,9.510011147555986e-05
3250,5,legacy,40dB,5,3.904185272499421e-06,4.568766571277565e-06,0.0584628011957684,0.0586175451001247,9.180703816773664e-05
3250,5,legacy,40dB,6,4.410274966946756e-06,2.27869579161217e-06,0.0586219027479503,0.0586175451001247,9.61580931100122e-05
3250,5,legacy,40dB,7,3.0071321183009747e-06,2.4581805905834343e-06,0.0585334173465335,0.0586175451001247,9.360321207171891e-05
3250,5,balanced,clean,0,7.088540874527344e-14,2.1674364311607984e-15,0.0586175444769382,0.0586175451001247,1.9845837982063962e-13
3250,5,balanced,60dB,0,2.8186278869806753e-08,2.319241547427798e-08,0.0586367133669011,0.0586175451001247,9.765590663670957e-07
3250,5,balanced,60dB,1,2.5518582155351362e-08,2.6459535350531652e-08,0.0586217232048252,0.0586175451001247,8.831857836630317e-07
3250,5,balanced,60dB,2,3.1065404034559543e-08,2.5754769364588177e-08,0.0586087624742331,0.0586175451001247,9.26216162369336e-07
3250,5,balanced,60dB,3,2.23616807917904e-08,1.9655467248866942e-08,0.0586237412476383,0.0586175451001247,9.151487853095822e-07
3250,5,balanced,60dB,4,2.4133476583657265e-08,1.8990890492058167e-08,0.0586330331688028,0.0586175451001247,9.67900059871189e-07
3250,5,balanced,60dB,5,3.5686651788739596e-08,2.5208506241689723e-08,0.058618858403769,0.0586175451001247,9.35332162838925e-07
3250,5,balanced,60dB,6,1.6467310356309436e-08,1.7497129275164456e-08,0.0586200352446941,0.0586175451001247,9.843618311876665e-07
3250,5,balanced,60dB,7,1.954775382280525e-08,1.6490502410901266e-08,0.0586168311422756,0.0586175451001247,9.389464829978884e-07
3250,5,balanced,40dB,0,2.8185371165841166e-06,2.3191922702655976e-06,0.0588117700515332,0.0586175451001247,9.765803309209568e-05
3250,5,balanced,40dB,1,2.5518233090307816e-06,2.6459725587922963e-06,0.0586616283939326,0.0586175451001247,8.832003543355626e-05
3250,5,balanced,40dB,2,3.10631853500112e-06,2.5755138647971826e-06,0.0585325201150185,0.0586175451001247,9.262130194736424e-05
3250,5,balanced,40dB,3,2.2358909227779955e-06,1.965358779033252e-06,0.0586815244586911,0.0586175451001247,9.151389223539332e-05
3250,5,balanced,40dB,4,2.4133400902230096e-06,1.8989080866980888e-06,0.0587746034015462,0.0586175451001247,9.678969687252088e-05
3250,5,balanced,40dB,5,3.568566399029873e-06,2.520818464648621e-06,0.0586338954457643,0.0586175451001247,9.353417934528996e-05
3250,5,balanced,40dB,6,1.6464674585058046e-06,1.7497314842603102e-06,0.0586439339494899,0.0586175451001247,9.84366846466924e-05
3250,5,balanced,40dB,7,1.9547495119122213e-06,1.6489419669246002e-06,0.058612170402923,0.0586175451001247,9.389367104328933e-05
3250,8,legacy,clean,0,1.5932897262732697e-19,8.335727006417158e-20,0.0586175450705974,0.0586175451001247,2.0438141993944976e-19
3250,8,legacy,60dB,0,8.252350940024907e-08,8.306199701448132e-08,0.058604689375722,0.0586175451001247,8.693871306718103e-07
3250,8,legacy,60dB,1,5.956384010372067e-08,5.821074542347967e-08,0.0586115910612902,0.0586175451001247,8.019699229723294e-07
3250,8,legacy,60dB,2,7.915714012287e-08,5.2137390051011776e-08,0.0586365509521557,0.0586175451001247,8.327715478357558e-07
3250,8,legacy,60dB,3,8.43343931185648e-08,8.513473916332397e-08,0.0586346202960416,0.0586175451001247,8.039470384148286e-07
3250,8,legacy,60dB,4,7.73684571006228e-08,6.783088665705962e-08,0.0586366241310418,0.0586175451001247,8.544815876882021e-07
3250,8,legacy,60dB,5,9.074946878523815e-08,8.206835617235692e-08,0.0585987888091116,0.0586175451001247,8.167701195997787e-07
3250,8,legacy,60dB,6,9.020285762034014e-08,5.6838729499444494e-08,0.0586186744278105,0.0586175451001247,8.76302901863495e-07
3250,8,legacy,60dB,7,7.55162557229612e-08,5.808022491664806e-08,0.0586117679793471,0.0586175451001247,8.372891395901544e-07
3250,8,legacy,40dB,0,8.252351076180634e-06,8.30619900151188e-06,0.0584964152378254,0.0586175451001247,8.69387138735617e-05
3250,8,legacy,40dB,1,5.9563822608267176e-06,5.8210708750693326e-06,0.0585633657213863,0.0586175451001247,8.019698866941933e-05
3250,8,legacy,40dB,2,7.915713553256903e-06,5.21373859182969e-06,0.0588147280283321,0.0586175451001247,8.327715102851956e-05
3250,8,legacy,40dB,3,8.433439650970691e-06,8.513474883060092e-06,0.0587958874207584,0.0586175451001247,8.039470257325427e-05
3250,8,legacy,40dB,4,7.736845515644117e-06,6.783089066930442e-06,0.0588152988359858,0.0586175451001247,8.544816017688773e-05
3250,8,legacy,40dB,5,9.07494571193504e-06,8.206832688666478e-06,0.0584381499067633,0.0586175451001247,8.167701363365246e-05
3250,8,legacy,40dB,6,9.020285139926248e-06,5.683871503110283e-06,0.0586369568992916,0.0586175451001247,8.763029352721722e-05
3250,8,legacy,40dB,7,7.551625353519135e-06,5.808022379255432e-06,0.0585665706208919,0.0586175451001247,8.37289141156031e-05
3250,8,balanced,clean,0,1.0579951169691312e-19,1.6202101753539364e-20,0.058617545092948,0.0586175451001247,2.622824411755436e-19
3250,8,balanced,60dB,0,6.157364418912889e-08,5.788364893322147e-08,0.0586393151558103,0.0586175451001247,8.729109208717138e-07
3250,8,balanced,60dB,1,6.015158527609622e-08,4.7909512830705706e-08,0.0586210696436298,0.0586175451001247,7.904068809370863e-07
3250,8,balanced,60dB,2,7.137295227490798e-08,5.9424549761838e-08,0.0586095400221491,0.0586175451001247,8.266884882161228e-07
3250,8,balanced,60dB,3,5.4900755596062056e-08,4.552309791628764e-08,0.0586240117135147,0.0586175451001247,8.280653532905107e-07
3250,8,balanced,60dB,4,5.782931987347898e-08,4.240343490014371e-08,0.058634798087579,0.0586175451001247,8.752092749906073e-07
3250,8,balanced,60dB,5,7.338396163577923e-08,5.2915893053635335e-08,0.0586204892930693,0.0586175451001247,8.398848308729008e-07
3250,8,balanced,60dB,6,5.5354891900524564e-08,4.669951704313992e-08,0.0586219710398432,0.0586175451001247,8.892839858583703e-07
3250,8,balanced,60dB,7,5.6074771722059464e-08,5.2136847941134675e-08,0.058615574269322,0.0586175451001247,8.399525272355276e-07
3250,8,balanced,40dB,0,6.157363989722777e-06,5.788364877920267e-06,0.0588407873491175,0.0586175451001247,8.729109117335351e-05
3250,8,balanced,40dB,1,6.015158757730013e-06,4.790950907060431e-06,0.0586582042426709,0.0586175451001247,7.904068918270827e-05
3250,8,balanced,40dB,2,7.137294401363131e-06,5.942453968400209e-06,0.0585439179498373,0.0586175451001247,8.266884441953556e-05
3250,8,balanced,40dB,3,5.490074882776067e-06,4.552309289655152e-06,0.0586871523659413,0.0586175451001247,8.280653402809519e-05
3250,8,balanced,40dB,4,5.782932694240213e-06,4.240344486051276e-06,0.0587952796787536,0.0586175451001247,8.752092763785973e-05
3250,8,balanced,40dB,5,7.338395015081074e-06,5.291588945795584e-06,0.0586535916495596,0.0586175451001247,8.398848332803913e-05
3250,8,balanced,40dB,6,5.5354891426245e-06,4.66995162570487e-06,0.0586667865021229,0.0586175451001247,8.89283985977096e-05
3250,8,balanced,40dB,7,5.607476970607583e-06,5.213684845425418e-06,0.058602883585941,0.0586175451001247,8.39952539643893e-05
3250,12,legacy,clean,0,2.4195663011836636e-30,1.7978296234065754e-30,0.0586175451001248,0.0586175451001247,2.161415260929051e-30
3250,12,legacy,60dB,0,2.2185551485534126e-07,2.560034161275025e-07,0.0586049163182517,0.0586175451001247,6.961486591798476e-07
3250,12,legacy,60dB,1,2.1724505546090318e-07,2.227673781744046e-07,0.0586065543010775,0.0586175451001247,6.384741249435691e-07
3250,12,legacy,60dB,2,2.742686255184391e-07,2.461995926297637e-07,0.0586418618951423,0.0586175451001247,6.477706544417797e-07
3250,12,legacy,60dB,3,2.2661260571875562e-07,2.3581953190381266e-07,0.0586300626894547,0.0586175451001247,6.353715435897798e-07
3250,12,legacy,60dB,4,2.850036976048657e-07,2.706602638895365e-07,0.0586591746095404,0.0586175451001247,6.502710255077676e-07
3250,12,legacy,60dB,5,2.35415447310655e-07,2.419526701954532e-07,0.0585959939709089,0.0586175451001247,6.506784851871204e-07
3250,12,legacy,60dB,6,2.3025746157702042e-07,2.572431237552121e-07,0.0586269629511623,0.0586175451001247,6.936875065217338e-07
3250,12,legacy,60dB,7,2.351859369463984e-07,2.448642208030126e-07,0.0586130880450458,0.0586175451001247,6.461177778738249e-07
3250,12,legacy,40dB,0,2.218555148553404e-05,2.560034161275631e-05,0.0585112242777311,0.0586175451001247,6.961486591798936e-05
3250,12,legacy,40dB,1,2.1724505546117105e-05,2.227673781747276e-05,0.0585271891646434,0.0586175451001247,6.384741249436011e-05
3250,12,legacy,40dB,2,2.742686255184188e-05,2.46199592629846e-05,0.0588853972265969,0.0586175451001247,6.477706544417245e-05
3250,12,legacy,40dB,3,2.2661260571892272e-05,2.3581953190393732e-05,0.0587631161279394,0.0586175451001247,6.353715435898684e-05
3250,12,legacy,40dB,4,2.85003697604627e-05,2.7066026388939053e-05,0.0590594905270656,0.0586175451001247,6.502710255077816e-05
3250,12,legacy,40dB,5,2.3541544731068077e-05,2.4195267019554537e-05,0.0584232211982251,0.0586175451001247,6.506784851871332e-05
3250,12,legacy,40dB,6,2.302574615768456e-05,2.572431237550022e-05,0.0587324467820429,0.0586175451001247,6.936875065216748e-05
3250,12,legacy,40dB,7,2.351859369464472e-05,2.448642208032183e-05,0.058594141283661,0.0586175451001247,6.461177778738778e-05
3250,12,balanced,clean,0,1.5010544028427215e-30,7.889061695344823e-31,0.0586175451001248,0.0586175451001247,3.177303038820365e-30
3250,12,balanced,60dB,0,1.6630310226096559e-07,1.849484499095953e-07,0.0586438218932387,0.0586175451001247,6.603190790129302e-07
3250,12,balanced,60dB,1,1.5520907203351137e-07,1.5708810791434864e-07,0.0586287749140205,0.0586175451001247,6.100224789525172e-07
3250,12,balanced,60dB,2,1.550539738573851e-07,1.6604043038810816e-07,0.0586145062732125,0.0586175451001247,6.427935605187629e-07
3250,12,balanced,60dB,3,1.3928440546944006e-07,1.63141649184732e-07,0.0586349150549977,0.0586175451001247,6.564961303075438e-07
3250,12,balanced,60dB,4,1.379732165459745e-07,1.394162568950187e-07,0.0586344114375604,0.0586175451001247,7.090720990478036e-07
3250,12,balanced,60dB,5,1.4849583147589077e-07,1.690384897385089e-07,0.0586283412282719,0.0586175451001247,6.633635694988079e-07
3250,12,balanced,60dB,6,1.7309285237415006e-07,2.0321141523398849e-07,0.0586223431011422,0.0586175451001247,6.778744978491246e-07
3250,12,balanced,60dB,7,1.487612047544291e-07,1.515105453072309e-07,0.0586201673560393,0.0586175451001247,6.59742843396685e-07
3250,12,balanced,40dB,0,1.663031022610027e-05,1.8494844990966835e-05,0.0588952803104653,0.0586175451001247,6.603190790128856e-05
3250,12,balanced,40dB,1,1.552090720335314e-05,1.570881079144087e-05,0.0587438120555647,0.0586175451001247,6.100224789524599e-05
3250,12,balanced,40dB,2,1.5505397385734563e-05,1.660404303880866e-05,0.0586011116886485,0.0586175451001247,6.427935605186902e-05
3250,12,balanced,40dB,3,1.3928440546946706e-05,1.631416491847687e-05,0.0588037802453442,0.0586175451001247,6.56496130307633e-05
3250,12,balanced,40dB,4,1.379732165459917e-05,1.3941625689500464e-05,0.0587986260639704,0.0586175451001247,7.090720990478349e-05
3250,12,balanced,40dB,5,1.4849583147591757e-05,1.6903848973853624e-05,0.058738871006429,0.0586175451001247,6.633635694987956e-05
3250,12,balanced,40dB,6,1.730928523741292e-05,2.0321141523396e-05,0.058681103467011,0.0586175451001247,6.77874497849162e-05
3250,12,balanced,40dB,7,1.4876120475455366e-05,1.5151054530728202e-05,0.058657156167697,0.0586175451001247,6.597428433965909e-05
3500,5,legacy,clean,0,1.916953517106401e-13,2.966276256366326e-14,0.0575296250765091,0.0575296100224906,3.977724081004919e-13
3500,5,legacy,60dB,0,3.2864205956141403e-08,2.0027949816343712e-08,0.0575206927859133,0.0575296100224906,9.51510553857841e-07
3500,5,legacy,60dB,1,3.63779480740705e-08,3.1219500863799015e-08,0.0575155642979909,0.0575296100224906,9.280783829325984e-07
3500,5,legacy,60dB,2,2.1728398201431842e-08,1.5072812137945412e-08,0.0575329509411552,0.0575296100224906,9.007110147924916e-07
3500,5,legacy,60dB,3,3.2624530438639954e-08,2.5896031984259186e-08,0.0575285731607999,0.0575296100224906,9.558673363471437e-07
3500,5,legacy,60dB,4,4.1302728954548065e-08,2.752623614144128e-08,0.0575346448522249,0.0575296100224906,9.02408777111174e-07
3500,5,legacy,60dB,5,2.997440419454051e-08,3.2519048460647616e-08,0.0575339089387621,0.0575296100224906,9.165749376384462e-07
3500,5,legacy,60dB,6,2.4662111329056976e-08,2.7349401783094623e-08,0.0575491823887457,0.0575296100224906,9.656340913425274e-07
3500,5,legacy,60dB,7,4.107814056107646e-08,3.3020738623410873e-08,0.0575430111514212,0.0575296100224906,8.958393520504766e-07
3500,5,legacy,40dB,0,3.2863207677639e-06,2.002994924660402e-06,0.0574432598509836,0.0575296100224906,9.515109134615433e-05
3500,5,legacy,40dB,1,3.6376991904066497e-06,3.121795875942159e-06,0.0573922912127609,0.0575296100224906,9.280828356551224e-05
3500,5,legacy,40dB,2,2.1730823726068504e-06,1.5074770122918143e-06,0.0575648395230851,0.0575296100224906,9.007391040368136e-05
3500,5,legacy,40dB,3,3.262667312059213e-06,2.590431339870849e-06,0.0575220423431494,0.0575296100224906,9.558605273303634e-05
3500,5,legacy,40dB,4,4.129905088418745e-06,2.7516588950513098e-06,0.0575835397131896,0.0575296100224906,9.023734030923748e-05
3500,5,legacy,40dB,5,2.998110157596876e-06,3.252858548551819e-06,0.0575751620668789,0.0575296100224906,9.1654673578733e-05
3500,5,legacy,40dB,6,2.4654841705994985e-06,2.733604119833222e-06,0.0577274170636565,0.0575296100224906,9.656679401204364e-05
3500,5,legacy,40dB,7,4.106981637237812e-06,3.3013606436391494e-06,0.0576671820275852,0.0575296100224906,8.95861843847352e-05
3500,5,balanced,clean,0,1.712346878530544e-13,7.344350231980905e-15,0.0575296119797402,0.0575296100224906,4.711215834924034e-13
3500,5,balanced,60dB,0,3.6637299869089465e-08,3.5071667613986504e-08,0.0575297937867025,0.0575296100224906,9.319073096132928e-07
3500,5,balanced,60dB,1,3.4426570499111024e-08,2.6496187877997482e-08,0.057537099702791,0.0575296100224906,9.276705088292924e-07
3500,5,balanced,60dB,2,3.143113481450986e-08,2.390894813047065e-08,0.0575367474858446,0.0575296100224906,8.821108163592608e-07
3500,5,balanced,60dB,3,2.8198975024979923e-08,2.7241624720713074e-08,0.0575257305526079,0.0575296100224906,9.544306960939064e-07
3500,5,balanced,60dB,4,2.4677626749934425e-08,2.6629372846845107e-08,0.0575270582660062,0.0575296100224906,9.18331673363146e-07
3500,5,balanced,60dB,5,2.745284098161008e-08,2.6596978021431485e-08,0.0575390370503194,0.0575296100224906,9.134040699434924e-07
3500,5,balanced,60dB,6,2.8223320370881274e-08,1.984458127858529e-08,0.0575254230854182,0.0575296100224906,9.56322615386089e-07
3500,5,balanced,60dB,7,1.7996532525520604e-08,2.7331262297218785e-08,0.057530151192736,0.0575296100224906,9.259747579560132e-07
3500,5,balanced,40dB,0,3.6636667377167048e-06,3.507176304840578e-06,0.057534727344642,0.0575296100224906,9.31912913995429e-05
3500,5,balanced,40dB,1,3.442672325119282e-06,2.649553185427999e-06,0.0576075876184087,0.0575296100224906,9.27667240600766e-05
3500,5,balanced,40dB,2,3.143005226162955e-06,2.3911037256290504e-06,0.0576037957362028,0.0575296100224906,8.821349313355277e-05
3500,5,balanced,40dB,3,2.8201313166795483e-06,2.7244947690616084e-06,0.0574933358515247,0.0575296100224906,9.544153007253529e-05
3500,5,balanced,40dB,4,2.467674329904121e-06,2.6627919015263182e-06,0.0575062957420032,0.0575296100224906,9.183058159893792e-05
3500,5,balanced,40dB,5,2.7449901503443244e-06,2.6597386706980263e-06,0.0576263331488134,0.0575296100224906,9.134366158277838e-05
3500,5,balanced,40dB,6,2.822188175221316e-06,1.984564772100186e-06,0.0574902629930307,0.0575296100224906,9.563446007944964e-05
3500,5,balanced,40dB,7,1.79972237414882e-06,2.73339363823996e-06,0.0575366238682879,0.0575296100224906,9.260026882042232e-05
3500,8,legacy,clean,0,4.526181123988205e-19,2.2615877085508056e-19,0.0575296100411582,0.0575296100224906,6.4489710012698e-19
3500,8,legacy,60dB,0,9.965927218664532e-08,9.66467483444158e-08,0.0575164628860987,0.0575296100224906,8.378205408942983e-07
3500,8,legacy,60dB,1,9.428377041601013e-08,9.627243981247017e-08,0.057521590421392,0.0575296100224906,8.44874747413018e-07
3500,8,legacy,60dB,2,7.35918001602233e-08,6.40238913653349e-08,0.0575330941974118,0.0575296100224906,7.880483063131376e-07
3500,8,legacy,60dB,3,7.609674753533474e-08,8.375468913603969e-08,0.0575315040746065,0.0575296100224906,8.750109384509836e-07
3500,8,legacy,60dB,4,8.99340095978013e-08,8.29275575878918e-08,0.0575379930493271,0.0575296100224906,8.224508194991366e-07
3500,8,legacy,60dB,5,6.817301813770635e-08,8.656312037905422e-08,0.0575311013248915,0.0575296100224906,8.325292857123463e-07
3500,8,legacy,60dB,6,6.519948577204369e-08,8.57188765703454e-08,0.0575426124376982,0.0575296100224906,8.791825329467171e-07
3500,8,legacy,60dB,7,7.881548097949945e-08,7.909168161769344e-08,0.0575375416595064,0.0575296100224906,8.243183125686708e-07
3500,8,legacy,40dB,0,9.965933271087785e-06,9.664682099401818e-06,0.0574071078311113,0.0575296100224906,8.378205372041466e-05
3500,8,legacy,40dB,1,9.4283846853617e-06,9.627253982234147e-06,0.0574578993904764,0.0575296100224906,8.448747622187889e-05
3500,8,legacy,40dB,2,7.359175525715528e-06,6.402384887688795e-06,0.0575710748612171,0.0575296100224906,7.880483112755988e-05
3500,8,legacy,40dB,3,7.609672615638465e-06,8.375469274149982e-06,0.0575553990807804,0.0575296100224906,8.750109669928567e-05
3500,8,legacy,40dB,4,8.993398582995365e-06,8.292754593764083e-06,0.0576215341813322,0.0575296100224906,8.224507694156428e-05
3500,8,legacy,40dB,5,6.817303554190793e-06,8.65631438189562e-06,0.0575506584518635,0.0575296100224906,8.325292993786828e-05
3500,8,legacy,40dB,6,6.519951040433958e-06,8.571888356592733e-06,0.0576655019627417,0.0575296100224906,8.791824912561048e-05
3500,8,legacy,40dB,7,7.881549734351896e-06,7.909169208398829e-06,0.0576160196195634,0.0575296100224906,8.243182945727177e-05
3500,8,balanced,clean,0,3.288606798389725e-19,5.018249057780643e-20,0.0575296100234174,0.0575296100224906,8.18918526273626e-19
3500,8,balanced,60dB,0,7.496801491259782e-08,8.773851055984842e-08,0.057525307052544,0.0575296100224906,8.321664851082571e-07
3500,8,balanced,60dB,1,6.481147719030271e-08,7.192341015499696e-08,0.0575360364476859,0.0575296100224906,8.444725106785136e-07
3500,8,balanced,60dB,2,7.415198251514024e-08,5.943087034012704e-08,0.057535212363826,0.0575296100224906,7.912915180225436e-07
3500,8,balanced,60dB,3,6.106968694852126e-08,5.4258884606160096e-08,0.0575288641022713,0.0575296100224906,8.707057274602087e-07
3500,8,balanced,60dB,4,5.144510742313553e-08,5.7537433976148426e-08,0.057524443187871,0.0575296100224906,8.225746460358793e-07
3500,8,balanced,60dB,5,5.77853623627696e-08,7.237153768815554e-08,0.0575420484093062,0.0575296100224906,8.228435851971441e-07
3500,8,balanced,60dB,6,6.55062879004379e-08,5.88465883950364e-08,0.0575216933455185,0.0575296100224906,8.606268665567438e-07
3500,8,balanced,60dB,7,4.9034266334599196e-08,6.01110136598555e-08,0.0575297602007749,0.0575296100224906,8.37182855269821e-07
3500,8,balanced,40dB,0,7.49680020001253e-06,8.773850139287318e-06,0.0574933274347367,0.0575296100224906,8.321664887104463e-05
3500,8,balanced,40dB,1,6.481149317261234e-06,7.19234146854572e-06,0.057599707300648,0.0575296100224906,8.444725089024097e-05
3500,8,balanced,40dB,2,7.415198200108611e-06,5.94308768210414e-06,0.0575923071058798,0.0575296100224906,7.912915219045348e-05
3500,8,balanced,40dB,3,6.1069695321918735e-06,5.42588931275164e-06,0.0575276470846199,0.0575296100224906,8.707057314207757e-05
3500,8,balanced,40dB,4,5.14451010272619e-06,5.753744272676109e-06,0.0574825717269832,0.0575296100224906,8.22574610558412e-05
3500,8,balanced,40dB,5,5.778535961852235e-06,7.237153902057354e-06,0.0576591945646428,0.0575296100224906,8.228436299348998e-05
3500,8,balanced,40dB,6,6.550628784908819e-06,5.884658769803104e-06,0.057456338810335,0.0575296100224906,8.606269394865659e-05
3500,8,balanced,40dB,7,4.903425210419612e-06,6.011101426040849e-06,0.0575355248795394,0.0575296100224906,8.371828297144779e-05
3500,12,legacy,clean,0,9.10568882416896e-30,8.092972183706105e-30,0.0575296100224907,0.0575296100224906,6.426156275162647e-30
3500,12,legacy,60dB,0,2.491622022872335e-07,2.486384571705e-07,0.0575154216049594,0.0575296100224906,6.552676788850564e-07
3500,12,legacy,60dB,1,2.4795419328998e-07,2.1242039201103905e-07,0.0575133555849145,0.0575296100224906,6.647144294223343e-07
3500,12,legacy,60dB,2,2.094447262898256e-07,1.908774996220889e-07,0.0575234484729805,0.0575296100224906,6.154042423355049e-07
3500,12,legacy,60dB,3,2.339008320482509e-07,1.8436708138446323e-07,0.057539490392482,0.0575296100224906,6.978668705959834e-07
3500,12,legacy,60dB,4,2.3275376107768478e-07,1.966112121100985e-07,0.0575309874081622,0.0575296100224906,6.463678690265466e-07
3500,12,legacy,60dB,5,2.212431922640202e-07,2.279827802828484e-07,0.0575287487921239,0.0575296100224906,6.497385235435385e-07
3500,12,legacy,60dB,6,2.3353896212113085e-07,2.157832480959133e-07,0.0575493855173265,0.0575296100224906,6.880262159022349e-07
3500,12,legacy,60dB,7,2.1637009614689497e-07,2.077022358084277e-07,0.0575393172075184,0.0575296100224906,6.481608197794082e-07
3500,12,legacy,40dB,0,2.4916220228707175e-05,2.48638457170062e-05,0.0574101504453847,0.0575296100224906,6.552676788849172e-05
3500,12,legacy,40dB,1,2.479541932895008e-05,2.124203920104427e-05,0.0573893815241251,0.0575296100224906,6.647144294226137e-05
3500,12,legacy,40dB,2,2.0944472629036248e-05,1.9087749962272336e-05,0.0574868445527545,0.0575296100224906,6.154042423354118e-05
3500,12,legacy,40dB,3,2.3390083204876065e-05,1.8436708138463413e-05,0.0576494647972881,0.0575296100224906,6.978668705960208e-05
3500,12,legacy,40dB,4,2.327537610776975e-05,1.966112121100085e-05,0.0575643317177025,0.0575296100224906,6.463678690266415e-05
3500,12,legacy,40dB,5,2.2124319226410023e-05,2.2798278028309696e-05,0.0575409096061285,0.0575296100224906,6.497385235435793e-05
3500,12,legacy,40dB,6,2.3353896212140915e-05,2.157832480961987e-05,0.0577483834774398,0.0575296100224906,6.880262159023811e-05
3500,12,legacy,40dB,7,2.163700961469452e-05,2.0770223580855127e-05,0.0576461551814213,0.0575296100224906,6.481608197793237e-05
3500,12,balanced,clean,0,4.981307077858606e-30,2.8072988861851648e-30,0.0575296100224907,0.0575296100224906,7.794630926270689e-30
3500,12,balanced,60dB,0,1.6158866204374877e-07,1.584271168128145e-07,0.057532344434847,0.0575296100224906,6.507192759559901e-07
3500,12,balanced,60dB,1,1.6202742300568973e-07,1.6481896018776076e-07,0.0575345915097228,0.0575296100224906,6.564729023576872e-07
3500,12,balanced,60dB,2,1.495536929160422e-07,1.2513550879235348e-07,0.0575380484005537,0.0575296100224906,6.34746935517936e-07
3500,12,balanced,60dB,3,1.5118717975967865e-07,1.1563235485997077e-07,0.0575311127402156,0.0575296100224906,6.686847396219211e-07
3500,12,balanced,60dB,4,1.442185262374594e-07,1.400412642404629e-07,0.057522582701456,0.0575296100224906,6.455171381062522e-07
3500,12,balanced,60dB,5,1.3786220183704125e-07,1.5199366306921442e-07,0.0575476298924621,0.0575296100224906,6.460813162822803e-07
3500,12,balanced,60dB,6,1.7593833032330533e-07,1.5761675195229624e-07,0.0575232384080814,0.0575296100224906,6.515905379129338e-07
3500,12,balanced,60dB,7,1.2862295772546252e-07,1.150402802367645e-07,0.0575298223473088,0.0575296100224906,6.642389602752905e-07
3500,12,balanced,40dB,0,1.6158866204361358e-05,1.584271168125706e-05,0.0575714971256395,0.0575296100224906,6.507192759559895e-05
3500,12,balanced,40dB,1,1.6202742300581976e-05,1.6481896018777926e-05,0.0575940073628833,0.0575296100224906,6.564729023576133e-05
3500,12,balanced,40dB,2,1.495536929158724e-05,1.2513550879232922e-05,0.0576274536354832,0.0575296100224906,6.347469355179153e-05
3500,12,balanced,40dB,3,1.5118717975963244e-05,1.1563235485990338e-05,0.057558244045919,0.0575296100224906,6.686847396219162e-05
3500,12,balanced,40dB,4,1.4421852623741552e-05,1.4004126424039066e-05,0.0574723164795074,0.0575296100224906,6.455171381063416e-05
3500,12,balanced,40dB,5,1.3786220183712027e-05,1.5199366306921388e-05,0.0577222163203716,0.0575296100224906,6.460813162824391e-05
3500,12,balanced,40dB,6,1.7593833032323426e-05,1.5761675195219394e-05,0.0574817283281282,0.0575296100224906,6.515905379128767e-05
3500,12,balanced,40dB,7,1.2862295772542642e-05,1.150402802367119e-05,0.0575433093368679,0.0575296100224906,6.642389602751424e-05
3750,5,legacy,clean,0,4.300922302382596e-13,9.526456670077768e-14,0.0563824705550157,0.0563824811644714,8.833279194429972e-13
3750,5,legacy,60dB,0,2.773099934838957e-08,1.9064883868583756e-08,0.0563860849717182,0.0563824811644714,9.479027946784608e-07
3750,5,legacy,60dB,1,4.5209307569751994e-08,3.886268592610519e-08,0.0563659109287493,0.0563824811644714,8.966277925724165e-07
3750,5,legacy,60dB,2,3.0619255914475315e-08,4.3027958149456905e-08,0.056388911813376,0.0563824811644714,9.145767299134244e-07
3750,5,legacy,60dB,3,3.8153197722590735e-08,3.9465380077645715e-08,0.056374705192052,0.0563824811644714,9.392378539345422e-07
3750,5,legacy,60dB,4,2.8641227967887037e-08,3.666432285307171e-08,0.056371295078655,0.0563824811644714,8.95567198097278e-07
3750,5,legacy,60dB,5,2.988779933552165e-08,2.5931593827088385e-08,0.0563907709388074,0.0563824811644714,8.981918140985155e-07
3750,5,legacy,60dB,6,2.7591221508645257e-08,3.41455724268914e-08,0.0563810154854278,0.0563824811644714,9.309868091772492e-07
3750,5,legacy,60dB,7,2.5799731832281673e-08,3.5359081522015826e-08,0.0563856414526401,0.0563824811644714,8.934982729658442e-07
3750,5,legacy,40dB,0,2.771972703632238e-06,1.90593365638312e-06,0.0564211093886212,0.0563824811644714,9.478780979227096e-05
3750,5,legacy,40dB,1,4.520424833546855e-06,3.887608481501917e-06,0.0562209426279796,0.0563824811644714,8.966037939653946e-05
3750,5,legacy,40dB,2,3.062286543099073e-06,4.305738654707586e-06,0.0564496392364724,0.0563824811644714,9.145621221444572e-05
3750,5,legacy,40dB,3,3.8145288860005697e-06,3.945792424574903e-06,0.0563082499261584,0.0563824811644714,9.391860446449411e-05
3750,5,legacy,40dB,4,2.864141960930459e-06,3.6669012043228154e-06,0.0562732935249605,0.0563824811644714,8.955137254008962e-05
3750,5,legacy,40dB,5,2.988312371151793e-06,2.591659329473922e-06,0.0564681638311825,0.0563824811644714,8.982219551169701e-05
3750,5,legacy,40dB,6,2.7593268728707465e-06,3.4169675712941363e-06,0.0563704032776648,0.0563824811644714,9.309653038333648e-05
3750,5,legacy,40dB,7,2.58007255491994e-06,3.5381643427848983e-06,0.0564165016103669,0.0563824811644714,8.935171874356478e-05
3750,5,balanced,clean,0,3.894305964357907e-13,2.0852283652492802e-14,0.0563824843608807,0.0563824811644714,1.0538711723397778e-12
3750,5,balanced,60dB,0,3.1329422954770923e-08,2.758534085641024e-08,0.0563757765633764,0.0563824811644714,9.380105908389404e-07
3750,5,balanced,60dB,1,3.1782502098335265e-08,4.0340671750832776e-08,0.0563924197556405,0.0563824811644714,8.936876734732922e-07
3750,5,balanced,60dB,2,3.056752084918087e-08,3.806234766238967e-08,0.0563957998125863,0.0563824811644714,9.109539310991592e-07
3750,5,balanced,60dB,3,3.3044225428156424e-08,3.680153789692901e-08,0.0563695764899505,0.0563824811644714,9.333010638052792e-07
3750,5,balanced,60dB,4,2.0619422281255513e-08,2.3011064075037832e-08,0.0563973365819735,0.0563824811644714,8.97692401681564e-07
3750,5,balanced,60dB,5,2.7158723363411353e-08,2.5642690358372894e-08,0.0564078383516166,0.0563824811644714,9.014099938754118e-07
3750,5,balanced,60dB,6,3.314319371128086e-08,2.8867007760519426e-08,0.0563790530884201,0.0563824811644714,9.289117977674704e-07
3750,5,balanced,60dB,7,2.456463762639676e-08,2.1331968582337562e-08,0.0563809060405241,0.0563824811644714,8.894565135176397e-07
3750,5,balanced,40dB,0,3.133808849226836e-06,2.7586995339821832e-06,0.0563182269039619,0.0563824811644714,9.380158793633143e-05
3750,5,balanced,40dB,1,3.178883521571666e-06,4.03470204037082e-06,0.0564846993704834,0.0563824811644714,8.936449115434652e-05
3750,5,balanced,40dB,2,3.056275188432492e-06,3.806497735238272e-06,0.056518389481422,0.0563824811644714,9.109459508445906e-05
3750,5,balanced,40dB,3,3.3042016272437237e-06,3.681017767287341e-06,0.0562563794144553,0.0563824811644714,9.333095566292271e-05
3750,5,balanced,40dB,4,2.062211964187982e-06,2.301087470913388e-06,0.0565328625930548,0.0563824811644714,8.977113723722529e-05
3750,5,balanced,40dB,5,2.715678122835581e-06,2.5640034158973096e-06,0.0566384683626336,0.0563824811644714,9.014114757598938e-05
3750,5,balanced,40dB,6,3.3148286789281047e-06,2.8871152686172462e-06,0.0563511550365212,0.0563824811644714,9.289534970212611e-05
3750,5,balanced,40dB,7,2.456740512817175e-06,2.134034737020184e-06,0.0563689122549562,0.0563824811644714,8.895373850958005e-05
3750,8,legacy,clean,0,1.4222545653461509e-18,5.20208152881858e-19,0.0563824812173301,0.0563824811644714,1.885453042679261e-18
3750,8,legacy,60dB,0,7.554801469921391e-08,6.057605793708727e-08,0.0563850494211883,0.0563824811644714,8.519362026537082e-07
3750,8,legacy,60dB,1,8.937603991270153e-08,7.439709470983085e-08,0.0563610016115853,0.0563824811644714,8.068317600828932e-07
3750,8,legacy,60dB,2,5.9104020622347873e-08,7.149799867482558e-08,0.056391458129088,0.0563824811644714,8.347624029140903e-07
3750,8,legacy,60dB,3,7.171649271185774e-08,7.433833205161455e-08,0.0563730104548435,0.0563824811644714,8.525082584990595e-07
3750,8,legacy,60dB,4,7.048059275333127e-08,7.298632010540503e-08,0.0563778533799683,0.0563824811644714,8.15829097786529e-07
3750,8,legacy,60dB,5,6.914034550930719e-08,7.114875084325231e-08,0.0563931650819923,0.0563824811644714,8.122636033088275e-07
3750,8,legacy,60dB,6,7.748540438446847e-08,7.677498175882151e-08,0.0563805739830284,0.0563824811644714,8.294049109715503e-07
3750,8,legacy,60dB,7,7.22439419111094e-08,8.194597226436687e-08,0.0563847569585276,0.0563824811644714,8.088627582762321e-07
3750,8,legacy,40dB,0,7.554803746406638e-06,6.057606366031482e-06,0.0564149625795116,0.0563824811644714,8.519363034566778e-05
3750,8,legacy,40dB,1,8.937597933667286e-06,7.439706669149206e-06,0.0561757289974161,0.0563824811644714,8.068317422541217e-05
3750,8,legacy,40dB,2,5.910401427822382e-06,7.149801790241198e-06,0.0564775696961304,0.0563824811644714,8.347624057373015e-05
3750,8,legacy,40dB,3,7.171655139008665e-06,7.433838299214809e-06,0.0562942280826753,0.0563824811644714,8.52508176692695e-05
3750,8,legacy,40dB,4,7.04805982938583e-06,7.298635065901604e-06,0.0563425460976143,0.0563824811644714,8.1582910414451e-05
3750,8,legacy,40dB,5,6.914026388197822e-06,7.1148657830158975e-06,0.0564955424868834,0.0563824811644714,8.122636323218229e-05
3750,8,legacy,40dB,6,7.748543145412734e-06,7.677501248034667e-06,0.0563703825634142,0.0563824811644714,8.294049083830575e-05
3750,8,legacy,40dB,7,7.22439877574274e-06,8.19460506050314e-06,0.0564117405886611,0.0563824811644714,8.088627945271585e-05
3750,8,balanced,clean,0,9.881683160711121e-19,1.2994260050470538e-19,0.0563824811588887,0.0563824811644714,2.37002284024612e-18
3750,8,balanced,60dB,0,7.255343963489829e-08,5.7437682492184e-08,0.0563753984361204,0.0563824811644714,8.426215339244834e-07
3750,8,balanced,60dB,1,6.271698231701671e-08,6.786157649947868e-08,0.056390665408505,0.0563824811644714,8.010581858500999e-07
3750,8,balanced,60dB,2,5.6969415871789095e-08,5.961425374444e-08,0.0563957754432388,0.0563824811644714,8.354103866209656e-07
3750,8,balanced,60dB,3,7.503566299751763e-08,7.158400237565294e-08,0.056370243481674,0.0563824811644714,8.336638502763706e-07
3750,8,balanced,60dB,4,5.118709374089791e-08,4.2744441515101865e-08,0.0563974096571179,0.0563824811644714,8.112850748311078e-07
3750,8,balanced,60dB,5,5.8480639176942476e-08,5.2599762644950684e-08,0.0564055718408854,0.0563824811644714,8.06610197739249e-07
3750,8,balanced,60dB,6,7.278695432650904e-08,4.9180384193634416e-08,0.0563805586767397,0.0563824811644714,8.445153077345138e-07
3750,8,balanced,60dB,7,6.418947759933422e-08,5.275550672405549e-08,0.0563786796097315,0.0563824811644714,7.901098368838327e-07
3750,8,balanced,40dB,0,7.255343969859709e-06,5.743768476545667e-06,0.0563181837407794,0.0563824811644714,8.426215153022873e-05
3750,8,balanced,40dB,1,6.2716971527685726e-06,6.786158181387556e-06,0.0564699681823802,0.0563824811644714,8.010583159096835e-05
3750,8,balanced,40dB,2,5.696941958056211e-06,5.961426356992274e-06,0.0565205512501893,0.0563824811644714,8.354104068225275e-05
3750,8,balanced,40dB,3,7.50356572479253e-06,7.158399461815601e-06,0.0562668575958379,0.0563824811644714,8.336639222229546e-05
3750,8,balanced,40dB,4,5.118709879541235e-06,4.274444927397832e-06,0.0565363729801227,0.0563824811644714,8.11285013060946e-05
3750,8,balanced,40dB,5,5.848066141869769e-06,5.2599754858738495e-06,0.0566186512386061,0.0563824811644714,8.066101738812883e-05
3750,8,balanced,40dB,6,7.278700157806969e-06,4.91804001948868e-06,0.0563698071680128,0.0563824811644714,8.445153823745724e-05
3750,8,balanced,40dB,7,6.418947870579119e-06,5.2755516568222e-06,0.0563502427204109,0.0563824811644714,7.901097656335674e-05
3750,12,legacy,clean,0,4.057914329861204e-29,2.918862421825e-29,0.0563824811644715,0.0563824811644714,2.5177651721950387e-29
3750,12,legacy,60dB,0,2.34544561008622e-07,2.1648457535733643e-07,0.0563850453364652,0.0563824811644714,6.865328163422615e-07
3750,12,legacy,60dB,1,1.9244203446120387e-07,1.9677972951979557e-07,0.056366327862516,0.0563824811644714,6.506282141399537e-07
3750,12,legacy,60dB,2,1.7790104377013892e-07,2.0515270105661826e-07,0.0563966776393756,0.0563824811644714,6.496134065852163e-07
3750,12,legacy,60dB,3,1.8176581244200796e-07,1.8630540317269525e-07,0.0563816616680948,0.0563824811644714,6.770331929007558e-07
3750,12,legacy,60dB,4,2.363021346630449e-07,2.5781877113878524e-07,0.0563807780288479,0.0563824811644714,6.24000594025086e-07
3750,12,legacy,60dB,5,2.2042856770346042e-07,2.1548501222980098e-07,0.0564016770063199,0.0563824811644714,6.163285290957591e-07
3750,12,legacy,60dB,6,1.9638949211390042e-07,2.243546245823789e-07,0.0563795125019006,0.0563824811644714,6.340025371828805e-07
3750,12,legacy,60dB,7,2.2526807281562759e-07,2.576237762434509e-07,0.0563688444910321,0.0563824811644714,6.431288656192295e-07
3750,12,legacy,40dB,0,2.345445610086311e-05,2.1648457535749684e-05,0.0564292318948995,0.0563824811644714,6.865328163421783e-05
3750,12,legacy,40dB,1,1.924420344621762e-05,1.967797295207737e-05,0.0562382679280193,0.0563824811644714,6.506282141399923e-05
3750,12,legacy,40dB,2,1.7790104377095773e-05,2.0515270105735863e-05,0.056540457007453,0.0563824811644714,6.496134065851479e-05
3750,12,legacy,40dB,3,1.817658124423926e-05,1.863054031731877e-05,0.0563906451238236,0.0563824811644714,6.770331929007767e-05
3750,12,legacy,40dB,4,2.3630213466335607e-05,2.578187711386562e-05,0.0563867170003556,0.0563824811644714,6.240005940250012e-05
3750,12,legacy,40dB,5,2.204285677037374e-05,2.154850122304585e-05,0.0565942781540506,0.0563824811644714,6.163285290958764e-05
3750,12,legacy,40dB,6,1.9638949211401755e-05,2.2435462458277745e-05,0.0563704695930534,0.0563824811644714,6.340025371826868e-05
3750,12,legacy,40dB,7,2.252680728136e-05,2.576237762415113e-05,0.0562663885566311,0.0563824811644714,6.431288656193178e-05
3750,12,balanced,clean,0,2.200197975948575e-29,1.1735521240945269e-29,0.0563824811644715,0.0563824811644714,3.0706970592558925e-29
3750,12,balanced,60dB,0,1.603182834647839e-07,1.5539053394823646e-07,0.0563694708437759,0.0563824811644714,6.448530000395123e-07
3750,12,balanced,60dB,1,1.4769793510165577e-07,1.4962621826907305e-07,0.0563910163214652,0.0563824811644714,6.327639902052074e-07
3750,12,balanced,60dB,2,1.6020382317310885e-07,1.4948323492528266e-07,0.0563992518423233,0.0563824811644714,6.563520065559962e-07
3750,12,balanced,60dB,3,1.5966877055322322e-07,1.7350848548758941e-07,0.0563677436799213,0.0563824811644714,6.586791496504484e-07
3750,12,balanced,60dB,4,1.310930654968943e-07,1.3372206443187558e-07,0.0563931727099947,0.0563824811644714,6.483356616239005e-07
3750,12,balanced,60dB,5,1.489492628336046e-07,1.4116065813154234e-07,0.0563987781534596,0.0563824811644714,6.241051934797814e-07
3750,12,balanced,60dB,6,1.5475040070011672e-07,1.4703394340370834e-07,0.0563868176253608,0.0563824811644714,6.579509530234365e-07
3750,12,balanced,60dB,7,1.5241310109624346e-07,1.457941977447482e-07,0.056374604482571,0.0563824811644714,6.27155912129813e-07
3750,12,balanced,40dB,0,1.603182834649887e-05,1.5539053394845567e-05,0.0562668066030278,0.0563824811644714,6.448530000395324e-05
3750,12,balanced,40dB,1,1.47697935101748e-05,1.4962621826936273e-05,0.0564811255485677,0.0563824811644714,6.327639902051075e-05
3750,12,balanced,40dB,2,1.6020382317318597e-05,1.4948323492531548e-05,0.0565646062870758,0.0563824811644714,6.56352006555851e-05
3750,12,balanced,40dB,3,1.596687705532216e-05,1.7350848548732522e-05,0.0562494765083196,0.0563824811644714,6.586791496504523e-05
3750,12,balanced,40dB,4,1.3109306549716846e-05,1.337220644318714e-05,0.056501194995597,0.0563824811644714,6.483356616238208e-05
3750,12,balanced,40dB,5,1.4894926283344769e-05,1.411606581317244e-05,0.0565588564880073,0.0563824811644714,6.24105193479981e-05
3750,12,balanced,40dB,6,1.5475040070004718e-05,1.4703394340360922e-05,0.0564397733094264,0.0563824811644714,6.579509530231886e-05
3750,12,balanced,40dB,7,1.524131010963354e-05,1.4579419774495797e-05,0.0563174315245641,0.0563824811644714,6.271559121297669e-05
4000,5,legacy,clean,0,8.881991890118807e-13,1.687278976017042e-13,0.0551815098190581,0.0551815005324882,1.8663962683251837e-12
4000,5,legacy,60dB,0,3.3979335511172896e-08,1.8710155352398512e-08,0.055172881386256,0.0551815005324882,8.714546415821048e-07
4000,5,legacy,60dB,1,3.249110561469722e-08,2.4769479841868715e-08,0.0551786557215269,0.0551815005324882,9.57639019489559e-07
4000,5,legacy,60dB,2,3.3543548557115414e-08,2.4878952664523157e-08,0.0551732612803643,0.0551815005324882,9.02747667536354e-07
4000,5,legacy,60dB,3,3.493170140296567e-08,3.242188894770568e-08,0.0551697950269619,0.0551815005324882,9.420154797244018e-07
4000,5,legacy,60dB,4,3.71005277501576e-08,3.041237282024052e-08,0.0551819590972657,0.0551815005324882,9.618776500734116e-07
4000,5,legacy,60dB,5,2.7881390152562617e-08,3.2877801728475775e-08,0.0551808309109187,0.0551815005324882,8.953566479194743e-07
4000,5,legacy,60dB,6,2.385409074433292e-08,3.038266828522427e-08,0.0551919803954791,0.0551815005324882,1.0043795679034106e-06
4000,5,legacy,60dB,7,3.5970786583672527e-08,2.3174694427423988e-08,0.0551767173533079,0.0551815005324882,8.793998377888355e-07
4000,5,legacy,40dB,0,3.394973949419424e-06,1.8739050463868936e-06,0.0550982806796252,0.0551815005324882,8.714057112837174e-05
4000,5,legacy,40dB,1,3.247672702518314e-06,2.479766721020204e-06,0.0551558916133876,0.0551815005324882,9.576355707649038e-05
4000,5,legacy,40dB,2,3.3527753720635147e-06,2.488396997235024e-06,0.0551020417800007,0.0551815005324882,9.027880050512592e-05
4000,5,legacy,40dB,3,3.491859943671773e-06,3.242849218713489e-06,0.0550675044490197,0.0551815005324882,9.42036120823652e-05
4000,5,legacy,40dB,4,3.709624992458027e-06,3.0428177783850004e-06,0.0551893412288423,0.0551815005324882,9.61917265492262e-05
4000,5,legacy,40dB,5,2.789037325266304e-06,3.2870355111975486e-06,0.0551772309690817,0.0551815005324882,8.95395949566605e-05
4000,5,legacy,40dB,6,2.3871104101666277e-06,3.042994068308893e-06,0.0552883641607638,0.0551815005324882,0.0001004362344988
4000,5,legacy,40dB,7,3.5963587120539e-06,2.318287146997192e-06,0.0551368218203964,0.0551815005324882,8.793009050857617e-05
4000,5,balanced,clean,0,8.259928413350334e-13,4.4130767208305466e-14,0.0551815072622402,0.0551815005324882,2.24058236855352e-12
4000,5,balanced,60dB,0,2.2136618946293452e-08,2.1422473749350325e-08,0.0551816560611421,0.0551815005324882,8.768867611034601e-07
4000,5,balanced,60dB,1,4.010699429790475e-08,3.4400445385404276e-08,0.0551665373556502,0.0551815005324882,9.447234384618744e-07
4000,5,balanced,60dB,2,1.8252378193010408e-08,2.2115240347195847e-08,0.0551793544616021,0.0551815005324882,9.12871429031585e-07
4000,5,balanced,60dB,3,2.4856857509631898e-08,2.4686246086182518e-08,0.0551918639312986,0.0551815005324882,9.472704672405084e-07
4000,5,balanced,60dB,4,2.8459421904927562e-08,2.9915615324294744e-08,0.0551676680528649,0.0551815005324882,9.641361560271572e-07
4000,5,balanced,60dB,5,2.8470227857094712e-08,2.973440976928557e-08,0.0551903814415656,0.0551815005324882,8.755540051088038e-07
4000,5,balanced,60dB,6,2.4618236855793453e-08,2.688169905017364e-08,0.0551907668443645,0.0551815005324882,1.0007282961110572e-06
4000,5,balanced,60dB,7,2.062021392169276e-08,2.3413449547597245e-08,0.0551929884159173,0.0551815005324882,9.004088607193882e-07
4000,5,balanced,40dB,0,2.213589370453376e-06,2.14260861528419e-06,0.0551849874818734,0.0551815005324882,8.769278680558442e-05
4000,5,balanced,40dB,1,4.010982023729084e-06,3.4409925616215e-06,0.0550354181158542,0.0551815005324882,9.446996611816058e-05
4000,5,balanced,40dB,2,1.8264328917894567e-06,2.21301446555266e-06,0.0551616231724025,0.0551815005324882,9.129800273046106e-05
4000,5,balanced,40dB,3,2.485950435288471e-06,2.4668257032009404e-06,0.0552873113421186,0.0551815005324882,9.47266200672662e-05
4000,5,balanced,40dB,4,2.845726341285272e-06,2.993517708032282e-06,0.0550456763080452,0.0551815005324882,9.640136398093347e-05
4000,5,balanced,40dB,5,2.8471821884875825e-06,2.973181130463485e-06,0.0552728115428365,0.0551815005324882,8.755724383078212e-05
4000,5,balanced,40dB,6,2.461208222395514e-06,2.6870894487365044e-06,0.0552763181167705,0.0551815005324882,0.000100074686498
4000,5,balanced,40dB,7,2.06246132438364e-06,2.3414093086877675e-06,0.05529817506563,0.0551815005324882,9.004846650099105e-05
4000,8,legacy,clean,0,3.7509599901292144e-18,1.75220752788721e-18,0.0551815004360852,0.0551815005324882,5.155771587945711e-18
4000,8,legacy,60dB,0,8.245171115108852e-08,7.364431206905874e-08,0.0551708500240311,0.0551815005324882,7.79805135773677e-07
4000,8,legacy,60dB,1,7.346788957610189e-08,5.542383354842109e-08,0.0551810098439661,0.0551815005324882,8.595606213831652e-07
4000,8,legacy,60dB,2,6.349101877048459e-08,5.238052452193741e-08,0.0551767929275467,0.0551815005324882,8.296594099035151e-07
4000,8,legacy,60dB,3,7.498804086097022e-08,8.07794342318e-08,0.0551687345807721,0.0551815005324882,8.613164090005146e-07
4000,8,legacy,60dB,4,8.373905617106439e-08,6.76855663209736e-08,0.0551841610832306,0.0551815005324882,8.766517980586755e-07
4000,8,legacy,60dB,5,7.206384291731881e-08,7.024554569839085e-08,0.0551834543031752,0.0551815005324882,8.038801436436001e-07
4000,8,legacy,60dB,6,7.030705276785756e-08,8.083563118884857e-08,0.0551929512484588,0.0551815005324882,9.077727380090084e-07
4000,8,legacy,60dB,7,8.545478272893373e-08,6.950701615471968e-08,0.055175737717696,0.0551815005324882,7.73996815463169e-07
4000,8,legacy,40dB,0,8.245156107755428e-06,7.364406911389406e-06,0.055082416954539,0.0551815005324882,7.798050803564346e-05
4000,8,legacy,40dB,1,7.346781415510351e-06,5.542374653819654e-06,0.0551832066174142,0.0551815005324882,8.595606161296977e-05
4000,8,legacy,40dB,2,6.34909861622465e-06,5.238048830916208e-06,0.0551401395391279,0.0551815005324882,8.296594272095481e-05
4000,8,legacy,40dB,3,7.498800526478466e-06,8.077933553082268e-06,0.0550605908030712,0.0551815005324882,8.613163918134405e-05
4000,8,legacy,40dB,4,8.373909000551353e-06,6.768551272555784e-06,0.0552156434259765,0.0551815005324882,8.766516967542869e-05
4000,8,legacy,40dB,5,7.206386647666756e-06,7.024563259488056e-06,0.0552075248552019,0.0551815005324882,8.038800341128185e-05
4000,8,legacy,40dB,6,7.030710877466673e-06,8.083556016844566e-06,0.0553023362001695,0.0551815005324882,9.077726971545172e-05
4000,8,legacy,40dB,7,8.545484918100678e-06,6.950703611846706e-06,0.0551315641892825,0.0551815005324882,7.739967234795031e-05
4000,8,balanced,clean,0,2.7505371358541516e-18,3.920198493740352e-19,0.0551815005149491,0.0551815005324882,6.41780417215266e-18
4000,8,balanced,60dB,0,5.5603546249100777e-08,5.1466531222542885e-08,0.0551840096079218,0.0551815005324882,7.972079226011956e-07
4000,8,balanced,60dB,1,7.554459441284807e-08,6.957606192989541e-08,0.0551686521316166,0.0551815005324882,8.610906872733324e-07
4000,8,balanced,60dB,2,5.2397970157947326e-08,4.9309761945575056e-08,0.055183090237818,0.0551815005324882,8.406884864983777e-07
4000,8,balanced,60dB,3,5.545225397539201e-08,5.516475773166084e-08,0.0551941691197131,0.0551815005324882,8.656885093255943e-07
4000,8,balanced,60dB,4,7.249586728130714e-08,6.248011399398795e-08,0.0551660964497124,0.0551815005324882,8.568757229625473e-07
4000,8,balanced,60dB,5,6.74958213707405e-08,6.85366444223658e-08,0.0551920322959049,0.0551815005324882,7.706308962402852e-07
4000,8,balanced,60dB,6,6.591682908080151e-08,6.367808715942537e-08,0.0551892331852056,0.0551815005324882,8.998727688807415e-07
4000,8,balanced,60dB,7,5.642815074856417e-08,5.654286084903502e-08,0.0551933390775968,0.0551815005324882,8.055768267496349e-07
4000,8,balanced,40dB,0,5.560349746343466e-06,5.146648972043566e-06,0.0552115957589597,0.0551815005324882,7.972078387400274e-05
4000,8,balanced,40dB,1,7.554458124839119e-06,6.957605396779796e-06,0.0550598156938058,0.0551815005324882,8.610906589382677e-05
4000,8,balanced,40dB,2,5.2397988381144685e-06,4.930977685433104e-06,0.0552021135627738,0.0551815005324882,8.406885409464791e-05
4000,8,balanced,40dB,3,5.545226947786717e-06,5.5164789575613205e-06,0.0553131772669978,0.0551815005324882,8.656886563967735e-05
4000,8,balanced,40dB,4,7.249582123608475e-06,6.248010220336284e-06,0.0550339844860336,0.0551815005324882,8.568756253624565e-05
4000,8,balanced,40dB,5,6.749578114976723e-06,6.853658893823679e-06,0.0552928929444072,0.0551815005324882,7.706309234774621e-05
4000,8,balanced,40dB,6,6.591685278023261e-06,6.367807753622684e-06,0.0552647597345017,0.0551815005324882,8.998728196169007e-05
4000,8,balanced,40dB,7,5.642814200888271e-06,5.6542885190135845e-06,0.0553049646741201,0.0551815005324882,8.055769935987911e-05
4000,12,legacy,clean,0,1.4694804307273255e-28,1.4149832633521672e-28,0.0551815005324885,0.0551815005324882,1.039377709557941e-28
4000,12,legacy,60dB,0,1.921525130035135e-07,1.982716481643166e-07,0.0551719402913734,0.0551815005324882,6.050117595806753e-07
4000,12,legacy,60dB,1,2.257857916707356e-07,2.365058233155613e-07,0.0551803638095349,0.0551815005324882,6.616053393804854e-07
4000,12,legacy,60dB,2,1.7847503570493225e-07,1.903719420289911e-07,0.0551799920171389,0.0551815005324882,6.274464800913027e-07
4000,12,legacy,60dB,3,2.0092527006714537e-07,2.2683434258287e-07,0.0551722845958753,0.0551815005324882,6.70124876349374e-07
4000,12,legacy,60dB,4,2.2375843375530925e-07,2.5060736081006165e-07,0.0551824170879195,0.0551815005324882,6.826172412332855e-07
4000,12,legacy,60dB,5,1.8914631397128706e-07,1.9356138701037499e-07,0.0551834622808905,0.0551815005324882,6.430888112998304e-07
4000,12,legacy,60dB,6,2.068251715645295e-07,2.432003405256663e-07,0.0551946579839408,0.0551815005324882,6.770769747737288e-07
4000,12,legacy,60dB,7,2.3940323350026577e-07,2.2160661504549699e-07,0.05516911786814,0.0551815005324882,6.002446833880809e-07
4000,12,legacy,40dB,0,1.9215251300414097e-05,1.982716481667974e-05,0.0551031918475076,0.0551815005324882,6.050117595807152e-05
4000,12,legacy,40dB,1,2.2578579167043896e-05,2.365058233158257e-05,0.0551904540242029,0.0551815005324882,6.61605339380623e-05
4000,12,legacy,40dB,2,1.784750357051937e-05,1.9037194202936065e-05,0.0551824781322057,0.0551815005324882,6.274464800921368e-05
4000,12,legacy,40dB,3,2.009252700680892e-05,2.268343425846601e-05,0.0551074244406627,0.0551815005324882,6.701248763490621e-05
4000,12,legacy,40dB,4,2.2375843375409587e-05,2.506073608090401e-05,0.0552108043458356,0.0551815005324882,6.826172412328456e-05
4000,12,legacy,40dB,5,1.891463139700644e-05,1.935613870082764e-05,0.0552181411847662,0.0551815005324882,6.430888112994012e-05
4000,12,legacy,40dB,6,2.068251715642589e-05,2.4320034052677952e-05,0.0553316893124532,0.0551815005324882,6.77076974772989e-05
4000,12,legacy,40dB,7,2.3940323349958077e-05,2.216066150456861e-05,0.0550792201800187,0.0551815005324882,6.002446833886079e-05
4000,12,balanced,clean,0,9.450652725378095e-29,5.16960483004683e-29,0.0551815005324882,0.0551815005324882,1.2739298613765572e-28
4000,12,balanced,60dB,0,1.2880586955797297e-07,1.4350723207254338e-07,0.0551796206411449,0.0551815005324882,6.30989594561191e-07
4000,12,balanced,60dB,1,1.983748810947845e-07,2.047740104159018e-07,0.0551735429680236,0.0551815005324882,6.448584908445101e-07
4000,12,balanced,60dB,2,1.304554589225693e-07,1.461289959051869e-07,0.0551863512446727,0.0551815005324882,6.551775238887229e-07
4000,12,balanced,60dB,3,1.696818241758088e-07,1.6713341911122244e-07,0.0551965259948684,0.0551815005324882,6.583248528555015e-07
4000,12,balanced,60dB,4,1.5727805915909702e-07,1.3940365838501782e-07,0.055164786546292,0.0551815005324882,6.717967446568255e-07
4000,12,balanced,60dB,5,1.519404072284229e-07,1.6665247784872877e-07,0.0551944882828188,0.0551815005324882,6.050016972014751e-07
4000,12,balanced,60dB,6,1.5444856772583518e-07,1.6816906052928729e-07,0.0551874863350981,0.0551815005324882,7.101322476751987e-07
4000,12,balanced,60dB,7,1.336429512045058e-07,1.5723946077312437e-07,0.0551922657638402,0.0551815005324882,6.476435174119918e-07
4000,12,balanced,40dB,0,1.288058695577036e-05,1.4350723207205071e-05,0.0551742941473155,0.0551815005324882,6.309895945613245e-05
4000,12,balanced,40dB,1,1.9837488109499247e-05,2.0477401041634567e-05,0.0551197786271404,0.0551815005324882,6.448584908442314e-05
4000,12,balanced,40dB,2,1.304554589223802e-05,1.4612899590460407e-05,0.0552417486456368,0.0551815005324882,6.551775238891159e-05
4000,12,balanced,40dB,3,1.696818241761445e-05,1.6713341911124712e-05,0.0553470265204661,0.0551815005324882,6.583248528546595e-05
4000,12,balanced,40dB,4,1.572780591587206e-05,1.3940365838481664e-05,0.0550285156958506,0.0551815005324882,6.717967446566946e-05
4000,12,balanced,40dB,5,1.51940407228398e-05,1.6665247784844052e-05,0.0553250526724446,0.0551815005324882,6.050016972011084e-05
4000,12,balanced,40dB,6,1.544485677255492e-05,1.681690605288132e-05,0.055255258929682,0.0551815005324882,7.101322476751114e-05
4000,12,balanced,40dB,7,1.3364295120480602e-05,1.5723946077377645e-05,0.0553011807116157,0.0551815005324882,6.476435174122346e-05
4250,5,legacy,clean,0,1.9209358409389288e-12,3.6515687642741954e-13,0.0539320216103657,0.0539319846360787,3.782930323695272e-12
4250,5,legacy,60dB,0,2.909417859073885e-08,3.217022092396106e-08,0.0539150543671575,0.0539319846360787,9.607328393490036e-07
4250,5,legacy,60dB,1,4.135606136590417e-08,3.1379032680522896e-08,0.0539151115439002,0.0539319846360787,8.988367584728221e-07
4250,5,legacy,60dB,2,3.5606379192898234e-08,3.013030970589548e-08,0.0539545721757729,0.0539319846360787,9.258502812617852e-07
4250,5,legacy,60dB,3,3.877371902604231e-08,3.08869555774504e-08,0.0539236600858485,0.0539319846360787,8.897939840156077e-07
4250,5,legacy,60dB,4,3.6764604137766446e-08,3.1415578787855274e-08,0.0539256071092659,0.0539319846360787,9.46247440171636e-07
4250,5,legacy,60dB,5,3.436669726454151e-08,2.885498780091588e-08,0.0539303970288811,0.0539319846360787,9.772932496388516e-07
4250,5,legacy,60dB,6,3.009058032043994e-08,2.5886759007735404e-08,0.0539243755527639,0.0539319846360787,9.273142778255734e-07
4250,5,legacy,60dB,7,3.56276058760883e-08,3.139778644829521e-08,0.0539244739832716,0.0539319846360787,8.788098945619253e-07
4250,5,legacy,40dB,0,2.9054185550436538e-06,3.217452888683777e-06,0.0537649636723408,0.0539319846360787,9.607840806733507e-05
4250,5,legacy,40dB,1,4.1417259718687856e-06,3.1437985799985645e-06,0.0537666491283569,0.0539319846360787,8.988317163446876e-05
4250,5,legacy,40dB,2,3.55912653990006e-06,3.012618503974632e-06,0.0541607303444735,0.0539319846360787,9.257226174552782e-05
4250,5,legacy,40dB,3,3.876903024098609e-06,3.0884649648119528e-06,0.0538518955483153,0.0539319846360787,8.896867061611466e-05
4250,5,legacy,40dB,4,3.6739202091594137e-06,3.1425775143677166e-06,0.0538711828908226,0.0539319846360787,9.461945784847752e-05
4250,5,legacy,40dB,5,3.433584900177642e-06,2.885087110798952e-06,0.0539188657307356,0.0539319846360787,9.77188981498972e-05
4250,5,legacy,40dB,6,3.010394970687593e-06,2.5888897926046224e-06,0.0538582705408035,0.0539319846360787,9.27388278736048e-05
4250,5,legacy,40dB,7,3.5629219077012837e-06,3.138351252663401e-06,0.0538597520025629,0.0539319846360787,8.787461149295044e-05
4250,5,balanced,clean,0,1.7159095839981568e-12,9.657736579195033e-14,0.0539319847175873,0.0539319846360787,4.556380633996365e-12
4250,5,balanced,60dB,0,2.214830027669041e-08,1.8661037263457547e-08,0.0539313746335902,0.0539319846360787,9.712504122586263e-07
4250,5,balanced,60dB,1,2.877785811267424e-08,2.7639421547224533e-08,0.0539382704945645,0.0539319846360787,9.013079748244728e-07
4250,5,balanced,60dB,2,3.2219384410566315e-08,2.733974280090997e-08,0.0539325645931063,0.0539319846360787,9.138137569639846e-07
4250,5,balanced,60dB,3,3.1211802650207635e-08,2.7285460541460342e-08,0.0539143132894354,0.0539319846360787,8.835815406477787e-07
4250,5,balanced,60dB,4,2.6391551217544165e-08,2.9126614696254372e-08,0.0539329287372802,0.0539319846360787,9.449678831565912e-07
4250,5,balanced,60dB,5,2.5353596918315333e-08,2.7419879357444222e-08,0.0539503058977248,0.0539319846360787,9.78860727181438e-07
4250,5,balanced,60dB,6,2.4662602917464712e-08,2.7835068272299344e-08,0.0539378590488458,0.0539319846360787,9.25211900799934e-07
4250,5,balanced,60dB,7,1.7601304151644783e-08,2.565796574294905e-08,0.0539337940067125,0.0539319846360787,8.907694659727761e-07
4250,5,balanced,40dB,0,2.213839361187893e-06,1.8655321903109848e-06,0.0539278762494188,0.0539319846360787,9.711887774016382e-05
4250,5,balanced,40dB,1,2.877982032287257e-06,2.7639164761522266e-06,0.0539974327062544,0.0539319846360787,9.014598300627504e-05
4250,5,balanced,40dB,2,3.2216953510935584e-06,2.734106969461046e-06,0.0539406829897269,0.0539319846360787,9.138107480707778e-05
4250,5,balanced,40dB,3,3.123269001522363e-06,2.729284288044259e-06,0.0537580816024862,0.0539319846360787,8.83482421716333e-05
4250,5,balanced,40dB,4,2.6398362818224697e-06,2.9142971281359026e-06,0.0539438008507295,0.0539319846360787,9.451341642183975e-05
4250,5,balanced,40dB,5,2.53729536298345e-06,2.743774580073148e-06,0.054117480293799,0.0539319846360787,9.788596743327092e-05
4250,5,balanced,40dB,6,2.4656598762995067e-06,2.78368493069313e-06,0.0539929470794615,0.0539319846360787,9.251347120896364e-05
4250,5,balanced,40dB,7,1.7606361899991658e-06,2.565656357270387e-06,0.0539516622474301,0.0539319846360787,8.905944958557365e-05
4250,8,legacy,clean,0,8.85573072489169e-18,3.698861659211727e-18,0.053931984672336,0.0539319846360787,1.3258123530174024e-17
4250,8,legacy,60dB,0,8.051011414054275e-08,8.992355679384687e-08,0.0539077838233071,0.0539319846360787,8.58534174153248e-07
4250,8,legacy,60dB,1,9.076447873826933e-08,9.195084202137532e-08,0.0539146083134391,0.0539319846360787,8.155895652463374e-07
4250,8,legacy,60dB,2,8.029549743479279e-08,8.521091906291659e-08,0.0539589773445802,0.0539319846360787,8.424074882536776e-07
4250,8,legacy,60dB,3,8.936493831041655e-08,8.777061571080644e-08,0.0539263635510365,0.0539319846360787,7.9920250176339e-07
4250,8,legacy,60dB,4,9.132787986207405e-08,8.193899982021284e-08,0.0539242893982144,0.0539319846360787,8.533940108312105e-07
4250,8,legacy,60dB,5,8.406885118654893e-08,8.17303303764711e-08,0.053933097620861,0.0539319846360787,8.837866638586967e-07
4250,8,legacy,60dB,6,5.8293296475131544e-08,6.332676490850366e-08,0.0539292039013153,0.0539319846360787,8.554622785234021e-07
4250,8,legacy,60dB,7,8.083982666549337e-08,8.671530572438947e-08,0.0539267519757838,0.0539319846360787,7.836961474365796e-07
4250,8,legacy,40dB,0,8.05100902414344e-06,8.992346498662272e-06,0.05369722208993,0.0539319846360787,8.585342649298747e-05
4250,8,legacy,40dB,1,9.076457138647512e-06,9.195080971512512e-06,0.0537663898957196,0.0539319846360787,8.155897052830325e-05
4250,8,legacy,40dB,2,8.029525694411744e-06,8.52106588237293e-06,0.0542091379654977,0.0539319846360787,8.424075722473233e-05
4250,8,legacy,40dB,3,8.936498484442313e-06,8.777066087159856e-06,0.0538838163084421,0.0539319846360787,7.992023655280144e-05
4250,8,legacy,40dB,4,9.132797574551202e-06,8.193906574780137e-06,0.0538632514498965,0.0539319846360787,8.53393956306646e-05
4250,8,legacy,40dB,5,8.406871775277071e-06,8.173011490209532e-06,0.0539506803408495,0.0539319846360787,8.837866356396505e-05
4250,8,legacy,40dB,6,5.829331708321058e-06,6.332673218930112e-06,0.053909423360874,0.0539319846360787,8.554623719289503e-05
4250,8,legacy,40dB,7,8.083990767123138e-06,8.671550540390344e-06,0.0538869332993134,0.0539319846360787,7.836961663864819e-05
4250,8,balanced,clean,0,7.174277122690647e-18,1.3355282820497078e-18,0.0539319846418349,0.0539319846360787,1.638632974273514e-17
4250,8,balanced,60dB,0,6.289149455441363e-08,5.884789503147671e-08,0.0539299267523627,0.0539319846360787,8.721891008115524e-07
4250,8,balanced,60dB,1,7.993204530561283e-08,7.38616053641008e-08,0.0539346511179948,0.0539319846360787,7.924034898502557e-07
4250,8,balanced,60dB,2,6.366202795299515e-08,6.350350554288167e-08,0.0539313164724221,0.0539319846360787,8.308973370592395e-07
4250,8,balanced,60dB,3,7.051295724448398e-08,7.942319370268279e-08,0.0539148380253491,0.0539319846360787,8.019997443435837e-07
4250,8,balanced,60dB,4,6.398310203817936e-08,8.408966393098596e-08,0.0539315096780705,0.0539319846360787,8.55076937211317e-07
4250,8,balanced,60dB,5,6.406451611942462e-08,8.404883627589045e-08,0.0539472647224548,0.0539319846360787,8.661307553078989e-07
4250,8,balanced,60dB,6,6.350376096611126e-08,8.572390504981727e-08,0.0539372160746566,0.0539319846360787,8.298906573349304e-07
4250,8,balanced,60dB,7,5.8435853604884496e-08,6.920254829599455e-08,0.0539350372910125,0.0539319846360787,7.949616667190725e-07
4250,8,balanced,40dB,0,6.289149679003581e-06,5.884795993023807e-06,0.0539170659818459,0.0539319846360787,8.721891780244988e-05
4250,8,balanced,40dB,1,7.993204396915588e-06,7.386156282116862e-06,0.0539658432873769,0.0539319846360787,7.924033551984466e-05
4250,8,balanced,40dB,2,6.366202654565615e-06,6.3503481215659234e-06,0.0539310325300804,0.0539319846360787,8.308972247271803e-05
4250,8,balanced,40dB,3,7.0513061914313226e-06,7.942320507858012e-06,0.0537668646535941,0.0539319846360787,8.019997712537062e-05
4250,8,balanced,40dB,4,6.3983064698838135e-06,8.408961274621651e-06,0.053932993479641,0.0539319846360787,8.550767467350893e-05
4250,8,balanced,40dB,5,6.406448220625921e-06,8.404887765341233e-06,0.054090551251093,0.0539319846360787,8.661309463008569e-05
4250,8,balanced,40dB,6,6.35037587188257e-06,8.57239174256158e-06,0.0539900143083129,0.0539319846360787,8.298904642001028e-05
4250,8,balanced,40dB,7,5.843585473015599e-06,6.920251415650729e-06,0.0539677703605471,0.0539319846360787,7.949617566344566e-05
4250,12,legacy,clean,0,6.189476420208984e-28,4.880585675099084e-28,0.0539319846360793,0.0539319846360787,4.174384730401302e-28
4250,12,legacy,60dB,0,1.9868896180490714e-07,1.8622131523912213e-07,0.0539110233336346,0.0539319846360787,6.538934862874932e-07
4250,12,legacy,60dB,1,2.2598508847878378e-07,2.1927396444761666e-07,0.0539077028077995,0.0539319846360787,6.391871531442939e-07
4250,12,legacy,60dB,2,1.8761607026952725e-07,1.7664988848625086e-07,0.0539683284478784,0.0539319846360787,6.549764543060185e-07
4250,12,legacy,60dB,3,2.0009678820033859e-07,1.7935519733868333e-07,0.0539302027071381,0.0539319846360787,6.063790750456635e-07
4250,12,legacy,60dB,4,2.368930187978879e-07,1.944842940870845e-07,0.0539235896321652,0.0539319846360787,6.643606750626838e-07
4250,12,legacy,60dB,5,2.392302297614925e-07,2.325966191123001e-07,0.0539346559623194,0.0539319846360787,6.880883382452985e-07
4250,12,legacy,60dB,6,1.8612707642105306e-07,1.682528931804888e-07,0.0539329226738006,0.0539319846360787,6.687041528823575e-07
4250,12,legacy,60dB,7,2.0400909522098654e-07,1.9140735333279215e-07,0.0539265458697856,0.0539319846360787,6.005526017012187e-07
4250,12,legacy,40dB,0,1.986889618067411e-05,1.8622131524107024e-05,0.053740253618195,0.0539319846360787,6.538934862871728e-05
4250,12,legacy,40dB,1,2.2598508847961294e-05,2.1927396444920683e-05,0.0537095050112436,0.0539319846360787,6.391871531437293e-05
4250,12,legacy,40dB,2,1.876160702673908e-05,1.766498884850304e-05,0.0543123082003956,0.0539319846360787,6.549764543074539e-05
4250,12,legacy,40dB,3,2.000967882037568e-05,1.7935519734083228e-05,0.0539321740576059,0.0539319846360787,6.0637907504493816e-05
4250,12,legacy,40dB,4,2.3689301879525663e-05,1.9448429408470144e-05,0.05386935496863,0.0539319846360787,6.643606750625358e-05
4250,12,legacy,40dB,5,2.392302297633644e-05,2.325966191157529e-05,0.0539802286191593,0.0539319846360787,6.880883382442072e-05
4250,12,legacy,40dB,6,1.861270764208783e-05,1.682528931812106e-05,0.0539581164501684,0.0539319846360787,6.687041528838699e-05
4250,12,legacy,40dB,7,2.0400909521713248e-05,1.9140735332804768e-05,0.0538959577917127,0.0539319846360787,6.005526017005872e-05
4250,12,balanced,clean,0,3.8328136103892742e-28,1.8703403387837403e-28,0.0539319846360783,0.0539319846360787,4.969623937710867e-28
4250,12,balanced,60dB,0,1.901437482382601e-07,1.450322771328953e-07,0.0539267398898375,0.0539319846360787,6.620721964657455e-07
4250,12,balanced,60dB,1,1.6798159236890345e-07,1.476856533019475e-07,0.0539286295209606,0.0539319846360787,6.160679980754178e-07
4250,12,balanced,60dB,2,1.5362921063989586e-07,1.3598867028863906e-07,0.0539265222250197,0.0539319846360787,6.643755517610136e-07
4250,12,balanced,60dB,3,1.5723603554338713e-07,1.5471621564001368e-07,0.0539097611107104,0.0539319846360787,6.25906672328413e-07
4250,12,balanced,60dB,4,1.40299208045903e-07,1.74717638957051e-07,0.0539283384830222,0.0539319846360787,6.725899305896174e-07
4250,12,balanced,60dB,5,1.7100678322756093e-07,1.812392611811023e-07,0.0539398643710034,0.0539319846360787,6.446997423685718e-07
4250,12,balanced,60dB,6,1.6016497484359316e-07,1.7117806956875034e-07,0.053940028295299,0.0539319846360787,6.556426406208445e-07
4250,12,balanced,60dB,7,1.2748065270565e-07,1.2028757548132572e-07,0.0539358901476679,0.0539319846360787,6.486861772792767e-07
4250,12,balanced,40dB,0,1.901437482384712e-05,1.450322771328616e-05,0.0538966501110119,0.0539319846360787,6.620721964661857e-05
4250,12,balanced,40dB,1,1.679815923686177e-05,1.47685653301534e-05,0.053913551828213,0.0539319846360787,6.160679980760465e-05
4250,12,balanced,40dB,2,1.53629210640066e-05,1.3598867028854277e-05,0.0538911871544504,0.0539319846360787,6.643755517609547e-05
4250,12,balanced,40dB,3,1.5723603554252175e-05,1.5471621564058278e-05,0.0537239006255993,0.0539319846360787,6.259066723296916e-05
4250,12,balanced,40dB,4,1.4029920804674958e-05,1.747176389574774e-05,0.0539081500342419,0.0539319846360787,6.72589930589205e-05
4250,12,balanced,40dB,5,1.710067832264343e-05,1.8123926117999878e-05,0.0540261725958196,0.0539319846360787,6.446997423685365e-05
4250,12,balanced,40dB,6,1.6016497484245422e-05,1.7117806956767536e-05,0.0540268360760222,0.0539319846360787,6.556426406203555e-05
4250,12,balanced,40dB,7,1.2748065270675431e-05,1.202875754824453e-05,0.0539825130107159,0.0539319846360787,6.486861772789739e-05
4500,5,legacy,clean,0,3.835321779272868e-12,8.727590108406956e-13,0.0526392201221099,0.0526392482206334,7.382569807658358e-12
4500,5,legacy,60dB,0,3.3894015881355954e-08,3.534546199391405e-08,0.0526206169445784,0.0526392482206334,9.273577490913912e-07
4500,5,legacy,60dB,1,3.285006265848412e-08,3.99503728475252e-08,0.0526343900784065,0.0526392482206334,9.683586781135492e-07
4500,5,legacy,60dB,2,2.889458420093168e-08,4.3479836876444886e-08,0.0526387030674537,0.0526392482206334,9.051936528060798e-07
4500,5,legacy,60dB,3,3.8572512103174166e-08,5.8912994866481225e-08,0.0526553766972564,0.0526392482206334,9.67405069973953e-07
4500,5,legacy,60dB,4,2.4900992684509423e-08,3.683160545284874e-08,0.0526305341292735,0.0526392482206334,9.267302183082004e-07
4500,5,legacy,60dB,5,2.4774184503594763e-08,4.890316724534914e-08,0.052627432733353,0.0526392482206334,9.440516337052416e-07
4500,5,legacy,60dB,6,2.5788558609906803e-08,3.71936879428115e-08,0.0526498525007744,0.0526392482206334,9.410625457134248e-07
4500,5,legacy,60dB,7,4.471322310309059e-08,5.3363106609411215e-08,0.0526541635528951,0.0526392482206334,9.4087870087862e-07
4500,5,legacy,40dB,0,3.3847817534862168e-06,3.5312794844040064e-06,0.0524562342229084,0.0526392482206334,9.271680480955016e-05
4500,5,legacy,40dB,1,3.283553578200666e-06,3.993653819642112e-06,0.0525938747725461,0.0526392482206334,9.683177092129836e-05
4500,5,legacy,40dB,2,2.889313531011528e-06,4.3549627127847964e-06,0.0526366499777554,0.0526392482206334,9.051199955091228e-05
4500,5,legacy,40dB,3,3.859693111059022e-06,5.9036159495720274e-06,0.0528042598760831,0.0526392482206334,9.67371278307048e-05
4500,5,legacy,40dB,4,2.4864554369230694e-06,3.681963171362136e-06,0.0525545976737746,0.0526392482206334,9.266532799287024e-05
4500,5,legacy,40dB,5,2.477392831467449e-06,4.900327726318658e-06,0.0525235759200449,0.0526392482206334,9.439422469376944e-05
4500,5,legacy,40dB,6,2.576513730734003e-06,3.71928461217697e-06,0.0527478625714172,0.0526392482206334,9.41192975635208e-05
4500,5,legacy,40dB,7,4.469844679185619e-06,5.335683926713246e-06,0.052792677176928,0.0526392482206334,9.40663305674527e-05
4500,5,balanced,clean,0,3.3915081975333653e-12,1.8349411444605294e-13,0.0526392472136109,0.0526392482206334,8.904386638657663e-12
4500,5,balanced,60dB,0,2.1790349460373002e-08,2.8830126162410585e-08,0.052649673799385,0.0526392482206334,9.448104468062084e-07
4500,5,balanced,60dB,1,2.445280414236033e-08,3.7988665685662536e-08,0.0526496971233768,0.0526392482206334,9.520999351573146e-07
4500,5,balanced,60dB,2,2.5058700905369873e-08,3.3536110623981484e-08,0.0526330384579768,0.0526392482206334,9.148917512165352e-07
4500,5,balanced,60dB,3,3.183100367187868e-08,2.590017700287673e-08,0.0526554157200445,0.0526392482206334,9.791161529195784e-07
4500,5,balanced,60dB,4,3.443266146726715e-08,4.735028973595953e-08,0.052642176867279,0.0526392482206334,9.034813259621628e-07
4500,5,balanced,60dB,5,2.7548262934034263e-08,2.7382522748280044e-08,0.0526300919046152,0.0526392482206334,9.469963014206578e-07
4500,5,balanced,60dB,6,2.778823283339895e-08,3.087297489206409e-08,0.0526360831020337,0.0526392482206334,9.385979002137356e-07
4500,5,balanced,60dB,7,2.9261227332116572e-08,2.8243595234126575e-08,0.0526420981782927,0.0526392482206334,9.546952663445223e-07
4500,5,balanced,40dB,0,2.1752180449701887e-06,2.8779659596434656e-06,0.0527454704164245,0.0526392482206334,9.447767932019632e-05
4500,5,balanced,40dB,1,2.4463168610899285e-06,3.797952445843395e-06,0.0527459481306136,0.0526392482206334,9.521691750294004e-05
4500,5,balanced,40dB,2,2.505691874450092e-06,3.354066551298812e-06,0.0525794147926589,0.0526392482206334,9.149441452292644e-05
4500,5,balanced,40dB,3,3.1845220527049314e-06,2.588501448702574e-06,0.0528037985204857,0.0526392482206334,9.788579984711324e-05
4500,5,balanced,40dB,4,3.440877078318636e-06,4.733050518082358e-06,0.0526716403312781,0.0526392482206334,9.034024885502688e-05
4500,5,balanced,40dB,5,2.7534737115525226e-06,2.737761393196272e-06,0.0525501721452577,0.0526392482206334,9.468449867773388e-05
4500,5,balanced,40dB,6,2.7786392551115137e-06,3.090723737550688e-06,0.0526101068852872,0.0526392482206334,9.385223299494974e-05
4500,5,balanced,40dB,7,2.9272873314216926e-06,2.8255590073503584e-06,0.0526703915660089,0.0526392482206334,9.548258179083696e-05
4500,8,legacy,clean,0,2.2730853256698854e-17,9.522870407441987e-18,0.0526392485155809,0.0526392482206334,3.218475933406072e-17
4500,8,legacy,60dB,0,8.805095963069394e-08,7.6021647403842e-08,0.0526185462498577,0.0526392482206334,8.206766202877695e-07
4500,8,legacy,60dB,1,8.035621942974216e-08,6.786663008910133e-08,0.0526312906936598,0.0526392482206334,8.795082453108901e-07
4500,8,legacy,60dB,2,6.993449806037004e-08,6.922283559252082e-08,0.0526353882611756,0.0526392482206334,8.185000972122933e-07
4500,8,legacy,60dB,3,7.494199513491426e-08,8.17002569400248e-08,0.0526579005359368,0.0526392482206334,8.626324806704322e-07
4500,8,legacy,60dB,4,6.374454408505916e-08,6.401883011399002e-08,0.0526314994504953,0.0526392482206334,8.520403374130491e-07
4500,8,legacy,60dB,5,7.233767726747818e-08,7.89182660407774e-08,0.0526310447503166,0.0526392482206334,8.445864773807784e-07
4500,8,legacy,60dB,6,6.951843628342778e-08,7.282129067759284e-08,0.052651051981654,0.0526392482206334,8.446899118450342e-07
4500,8,legacy,60dB,7,1.0063307971481589e-07,1.0155836887388095e-07,0.0526569868313184,0.0526392482206334,8.403982778723355e-07
4500,8,legacy,40dB,0,8.805124023979044e-06,7.602175590671204e-06,0.0524401504727774,0.0526392482206334,8.206766552602472e-05
4500,8,legacy,40dB,1,8.035597423958682e-06,6.786643389679344e-06,0.0525669023316003,0.0526392482206334,8.795077315367915e-05
4500,8,legacy,40dB,2,6.9934636327155305e-06,6.9222980754135805e-06,0.0526069400901817,0.0526392482206334,8.185004118676466e-05
4500,8,legacy,40dB,3,7.49420929010329e-06,8.170054996590557e-06,0.0528325135084797,0.0526392482206334,8.626323427976426e-05
4500,8,legacy,40dB,4,6.374456237550473e-06,6.401893571924543e-06,0.0525674948755237,0.0526392482206334,8.520403573213129e-05
4500,8,legacy,40dB,5,7.233762451513141e-06,7.891849433621458e-06,0.0525637212486184,0.0526392482206334,8.445863552031271e-05
4500,8,legacy,40dB,6,6.951852234429408e-06,7.282158742794046e-06,0.0527635398441845,0.0526392482206334,8.44689959224852e-05
4500,8,legacy,40dB,7,1.006330792473091e-05,1.0155830580612727e-05,0.0528256886500835,0.0526392482206334,8.403985743730077e-05
4500,8,balanced,clean,0,1.809106024952385e-17,2.6364866171857538e-18,0.0526392481776117,0.0526392482206334,3.9648626911578335e-17
4500,8,balanced,60dB,0,5.444650341613564e-08,5.250518765527826e-08,0.0526462583679174,0.0526392482206334,8.70808587504535e-07
4500,8,balanced,60dB,1,6.431730018289966e-08,6.307948031959261e-08,0.0526500996808445,0.0526392482206334,8.559998023571923e-07
4500,8,balanced,60dB,2,6.707853108301135e-08,7.244478367276127e-08,0.0526337022618102,0.0526392482206334,8.247584042523365e-07
4500,8,balanced,60dB,3,7.331768664650619e-08,6.49927321884957e-08,0.052655525501353,0.0526392482206334,8.61863718758296e-07
4500,8,balanced,60dB,4,6.404051373809488e-08,7.123838416511951e-08,0.0526443704747267,0.0526392482206334,8.314804192321624e-07
4500,8,balanced,60dB,5,8.22471688521594e-08,6.990183678974669e-08,0.05263038669421,0.0526392482206334,8.285452279519577e-07
4500,8,balanced,60dB,6,6.111266045846812e-08,6.645480232782568e-08,0.0526315087875261,0.0526392482206334,8.493600649689943e-07
4500,8,balanced,60dB,7,6.988403255856755e-08,6.44424045887987e-08,0.0526439961385057,0.0526392482206334,8.476529430860783e-07
4500,8,balanced,40dB,0,5.444644191446412e-06,5.250519309574726e-06,0.0527142502598259,0.0526392482206334,8.708084574867364e-05
4500,8,balanced,40dB,1,6.431737191507312e-06,6.307952494045959e-06,0.0527535517741285,0.0526392482206334,8.560003868046556e-05
4500,8,balanced,40dB,2,6.70786399445349e-06,7.24447678159754e-06,0.0525898260982789,0.0526392482206334,8.24758133877646e-05
4500,8,balanced,40dB,3,7.3317734644747985e-06,6.499278993248892e-06,0.0528086200116215,0.0526392482206334,8.618635998957614e-05
4500,8,balanced,40dB,4,6.4040664020607536e-06,7.123847820485416e-06,0.0526962348100259,0.0526392482206334,8.314804964975327e-05
4500,8,balanced,40dB,5,8.224703549677546e-06,6.990183866567547e-06,0.0525580355754549,0.0526392482206334,8.2854521632229e-05
4500,8,balanced,40dB,6,6.111277352134699e-06,6.645494234491474e-06,0.0525673544275025,0.0526392482206334,8.493600067463877e-05
4500,8,balanced,40dB,7,6.988405998319631e-06,6.444241746590246e-06,0.0526930173522235,0.0526392482206334,8.476527341338052e-05
4500,12,legacy,clean,0,2.2427771202664663e-27,1.6472242993597327e-27,0.0526392482206323,0.0526392482206334,1.5771758832928687e-27
4500,12,legacy,60dB,0,2.3092743149070653e-07,2.2347433556930067e-07,0.0526158046976167,0.0526392482206334,6.231042148445019e-07
4500,12,legacy,60dB,1,2.0552606628813955e-07,2.2547330550844425e-07,0.0526250575110744,0.0526392482206334,6.73660374835126e-07
4500,12,legacy,60dB,2,2.2577083716819137e-07,2.2163755103480466e-07,0.0526392560056323,0.0526392482206334,6.227285531728027e-07
4500,12,legacy,60dB,3,1.8456159827153638e-07,2.070988717041268e-07,0.0526625873472075,0.0526392482206334,6.855282858525843e-07
4500,12,legacy,60dB,4,2.0709063825159334e-07,2.1833674729424875e-07,0.0526361549246117,0.0526392482206334,6.544266654151013e-07
4500,12,legacy,60dB,5,2.025877189623376e-07,2.24102115160839e-07,0.0526137685260807,0.0526392482206334,6.721358666726172e-07
4500,12,legacy,60dB,6,2.051358565822519e-07,2.313709995720851e-07,0.052641483705722,0.0526392482206334,6.472875807445232e-07
4500,12,legacy,60dB,7,2.388761929745304e-07,2.62122608481872e-07,0.0526583151681622,0.0526392482206334,6.674160455895945e-07
4500,12,legacy,40dB,0,2.3092743148624664e-05,2.234743355684126e-05,0.0524255964593096,0.0526392482206334,6.231042148441454e-05
4500,12,legacy,40dB,1,2.0552606628804887e-05,2.254733055120808e-05,0.0525158384710193,0.0526392482206334,6.736603748344155e-05
4500,12,legacy,40dB,2,2.257708371632086e-05,2.216375510320854e-05,0.0526596454459783,0.0526392482206334,6.227285531739981e-05
4500,12,legacy,40dB,3,1.8456159827136607e-05,2.070988717061593e-05,0.0528892500302288,0.0526392482206334,6.855282858514744e-05
4500,12,legacy,40dB,4,2.0709063825222205e-05,2.183367472948173e-05,0.0526269534178677,0.0526392482206334,6.544266654157443e-05
4500,12,legacy,40dB,5,2.0258771896222208e-05,2.241021151586982e-05,0.0524026841698217,0.0526392482206334,6.721358666722443e-05
4500,12,legacy,40dB,6,2.0513585657827903e-05,2.313709995662417e-05,0.0526800652986209,0.0526392482206334,6.472875807428634e-05
4500,12,legacy,40dB,7,2.3887619297349043e-05,2.621226084851888e-05,0.0528514165532986,0.0526392482206334,6.674160455883675e-05
4500,12,balanced,clean,0,1.616160751060062e-27,8.64821293421249e-28,0.0526392482206336,0.0526392482206334,1.812566298864312e-27
4500,12,balanced,60dB,0,1.2487622935141938e-07,1.4885183552751854e-07,0.0526489551876422,0.0526392482206334,6.912026303763614e-07
4500,12,balanced,60dB,1,1.7357251582689794e-07,1.8874991438208693e-07,0.0526488244349069,0.0526392482206334,6.533310030746004e-07
4500,12,balanced,60dB,2,1.861148574141898e-07,1.9414857601835525e-07,0.0526339408941509,0.0526392482206334,6.373894419462267e-07
4500,12,balanced,60dB,3,1.7750570302396117e-07,2.0580580853245746e-07,0.0526577859902674,0.0526392482206334,6.51316203632824e-07
4500,12,balanced,60dB,4,1.4042638469682754e-07,1.589810587237332e-07,0.052643868955138,0.0526392482206334,6.755370102951807e-07
4500,12,balanced,60dB,5,2.049249482139957e-07,1.859745134898644e-07,0.052624762914047,0.0526392482206334,6.420248594535983e-07
4500,12,balanced,60dB,6,1.663192355609179e-07,1.675252044467224e-07,0.0526301371971092,0.0526392482206334,6.711893516951039e-07
4500,12,balanced,60dB,7,1.6378754719385125e-07,1.719520727506561e-07,0.0526454568047152,0.0526392482206334,6.773283779907448e-07
4500,12,balanced,40dB,0,1.2487622935505565e-05,1.488518355303641e-05,0.0527475567513631,0.0526392482206334,6.912026303764896e-05
4500,12,balanced,40dB,1,1.7357251582466828e-05,1.8874991437897623e-05,0.052750631889791,0.0526392482206334,6.533310030755833e-05
4500,12,balanced,40dB,2,1.861148574163724e-05,1.941485760221044e-05,0.0526029252929735,0.0526392482206334,6.373894419430632e-05
4500,12,balanced,40dB,3,1.775057030242814e-05,2.058058085330457e-05,0.0528406014302438,0.0526392482206334,6.513162036303209e-05
4500,12,balanced,40dB,4,1.4042638469768558e-05,1.5898105872517065e-05,0.0526980939403018,0.0526392482206334,6.755370102942712e-05
4500,12,balanced,40dB,5,2.0492494821368223e-05,1.8597451348729223e-05,0.0525128384001079,0.0526392482206334,6.420248594543768e-05
4500,12,balanced,40dB,6,1.6631923555933926e-05,1.6752520444540293e-05,0.0525631067165909,0.0526392482206334,6.711893516957802e-05
4500,12,balanced,40dB,7,1.6378754719649015e-05,1.7195207275220984e-05,0.0527160749406989,0.0526392482206334,6.773283779906846e-05
4750,5,legacy,clean,0,6.811946143531867e-12,1.640047928782419e-12,0.0513086268284554,0.0513086081425828,1.3916343230230843e-11
4750,5,legacy,60dB,0,3.612592200135847e-08,2.745735092310492e-08,0.0512972106569705,0.0513086081425828,8.820010915992188e-07
4750,5,legacy,60dB,1,2.5263046323908053e-08,1.97499316336336e-08,0.0513043764468787,0.0513086081425828,9.283413311959956e-07
4750,5,legacy,60dB,2,3.9647213775667096e-08,3.87324192967193e-08,0.0513067420938654,0.0513086081425828,9.518036077838438e-07
4750,5,legacy,60dB,3,3.417167876297529e-08,3.63516048302057e-08,0.0512992920979024,0.0513086081425828,9.27649907346565e-07
4750,5,legacy,60dB,4,3.4253941524842176e-08,3.606828499171178e-08,0.0513139846900149,0.0513086081425828,9.221877360931492e-07
4750,5,legacy,60dB,5,3.268561061652179e-08,2.993446196570297e-08,0.051315820492056,0.0513086081425828,9.5468351378108e-07
4750,5,legacy,60dB,6,2.010130465684213e-08,1.398069561439659e-08,0.051310094768904,0.0513086081425828,9.034259087919152e-07
4750,5,legacy,60dB,7,2.2901228556836052e-08,2.6557356422888245e-08,0.0513135104137963,0.0513086081425828,9.046340169824216e-07
4750,5,legacy,40dB,0,3.611246506855159e-06,2.75224461222446e-06,0.0511977151622014,0.0513086081425828,8.818553976748572e-05
4750,5,legacy,40dB,1,2.52118325914101e-06,1.974313714918945e-06,0.051268391626793,0.0513086081425828,9.280033189937056e-05
4750,5,legacy,40dB,2,3.973047159963443e-06,3.886962907964464e-06,0.0512933561188859,0.0513086081425828,9.517793274138412e-05
4750,5,legacy,40dB,3,3.415691776038662e-06,3.620650977455549e-06,0.0512183535592229,0.0513086081425828,9.279340321409852e-05
4750,5,legacy,40dB,4,3.425836902498926e-06,3.606111260587038e-06,0.0513652888028463,0.0513086081425828,9.22025396998891e-05
4750,5,legacy,40dB,5,3.2745716053416437e-06,2.997218812145132e-06,0.0513835112412696,0.0513086081425828,9.548126861364203e-05
4750,5,legacy,40dB,6,2.0138930809515524e-06,1.3903293557624846e-06,0.0513251191742835,0.0513086081425828,9.033349053294856e-05
4750,5,legacy,40dB,7,2.2888728102499574e-06,2.6550790774617245e-06,0.0513595226036981,0.0513086081425828,9.045450154473542e-05
4750,5,balanced,clean,0,6.30449162178112e-12,4.21496096147696e-13,0.0513086261672783,0.0513086081425828,1.6789866038836212e-11
4750,5,balanced,60dB,0,2.759490579737998e-08,2.2726783344205258e-08,0.0513011752231306,0.0513086081425828,8.784613351383982e-07
4750,5,balanced,60dB,1,2.7012520290828757e-08,1.9300880568372372e-08,0.0513335503526943,0.0513086081425828,9.074570385962822e-07
4750,5,balanced,60dB,2,3.20468219551149e-08,2.4391641421243625e-08,0.0513073623695555,0.0513086081425828,9.410448630158808e-07
4750,5,balanced,60dB,3,2.89680241627462e-08,2.2953361486800892e-08,0.0513002854169989,0.0513086081425828,9.493056396249536e-07
4750,5,balanced,60dB,4,2.9370710757439472e-08,2.12853825085211e-08,0.0513092345717175,0.0513086081425828,9.239343030792992e-07
4750,5,balanced,60dB,5,2.8168504905973688e-08,2.03277540200426e-08,0.0513160811414,0.0513086081425828,9.657284639116331e-07
4750,5,balanced,60dB,6,3.272376361273265e-08,2.3847797184159383e-08,0.0513191268966671,0.0513086081425828,8.929337147289245e-07
4750,5,balanced,60dB,7,3.1082134199646536e-08,2.4841538672195063e-08,0.0513152439037098,0.0513086081425828,8.863776254201478e-07
4750,5,balanced,40dB,0,2.756478079297424e-06,2.2710550001617024e-06,0.0512365973115645,0.0513086081425828,8.7852976822448e-05
4750,5,balanced,40dB,1,2.701144228688787e-06,1.9336762917605423e-06,0.0515602990972047,0.0513086081425828,9.07641469100446e-05
4750,5,balanced,40dB,2,3.203823900039905e-06,2.4408403764290547e-06,0.0512988716024706,0.0513086081425828,9.412530705943922e-05
4750,5,balanced,40dB,3,2.895006837460118e-06,2.291146567463792e-06,0.0512278240478213,0.0513086081425828,9.49500090917316e-05
4750,5,balanced,40dB,4,2.937396236533169e-06,2.1287211285370782e-06,0.0513173539575406,0.0513086081425828,9.238879539387618e-05
4750,5,balanced,40dB,5,2.81377712410629e-06,2.03054055906341e-06,0.0513857080573115,0.0513086081425828,9.656176981218096e-05
4750,5,balanced,40dB,6,3.2704230362280723e-06,2.3898971718570984e-06,0.0514165767033068,0.0513086081425828,8.935698229293443e-05
4750,5,balanced,40dB,7,3.109048935141111e-06,2.485502152632553e-06,0.051377601815927,0.0513086081425828,8.86541802971782e-05
4750,8,legacy,clean,0,5.459727407662476e-17,1.792598491183241e-17,0.0513086078199393,0.0513086081425828,7.435967562783572e-17
4750,8,legacy,60dB,0,7.573854185250608e-08,6.854165592613849e-08,0.0512924584116545,0.0513086081425828,8.000805604476434e-07
4750,8,legacy,60dB,1,7.784308612746395e-08,6.829029593495856e-08,0.0512958126848907,0.0513086081425828,8.216964319034678e-07
4750,8,legacy,60dB,2,8.729645888243356e-08,9.116063217023081e-08,0.0513045203544051,0.0513086081425828,8.572182445220265e-07
4750,8,legacy,60dB,3,7.589842248777404e-08,9.538729852558119e-08,0.0512942971691518,0.0513086081425828,8.328118729574677e-07
4750,8,legacy,60dB,4,8.03835379993729e-08,8.970245752891675e-08,0.0513149682909036,0.0513086081425828,8.197938413005208e-07
4750,8,legacy,60dB,5,7.680515226353175e-08,7.45615931168564e-08,0.0513135032993875,0.0513086081425828,8.633010343731869e-07
4750,8,legacy,60dB,6,6.003924585432078e-08,5.2921132374691156e-08,0.0513091802766422,0.0513086081425828,8.15409469554968e-07
4750,8,legacy,60dB,7,6.587160936910299e-08,7.503343947084208e-08,0.0513101593217927,0.0513086081425828,8.137560510549521e-07
4750,8,legacy,40dB,0,7.573811263016349e-06,6.854153238306476e-06,0.0511539301629357,0.0513086081425828,8.000809899690336e-05
4750,8,legacy,40dB,1,7.784279632943515e-06,6.828984079401528e-06,0.0511876623182241,0.0513086081425828,8.216965595207498e-05
4750,8,legacy,40dB,2,8.729641127091772e-06,9.116003882065415e-06,0.0512755898411342,0.0513086081425828,8.572186546079626e-05
4750,8,legacy,40dB,3,7.589833110235944e-06,9.538746281123984e-06,0.0511723321609496,0.0513086081425828,8.328119903745797e-05
4750,8,legacy,40dB,4,8.038389008995176e-06,8.970221963782646e-06,0.0513794470832116,0.0513086081425828,8.19793991716451e-05
4750,8,legacy,40dB,5,7.680493702264403e-06,7.456132638776373e-06,0.0513644750566011,0.0513086081425828,8.633007227779402e-05
4750,8,legacy,40dB,6,6.00393363973842e-06,5.292139668589531e-06,0.0513197359281494,0.0513086081425828,8.154096055669138e-05
4750,8,legacy,40dB,7,6.587149977652411e-06,7.503299389133154e-06,0.0513300512723573,0.0513086081425828,8.137562940204571e-05
4750,8,balanced,clean,0,4.2991591424235936e-17,7.745536636499893e-18,0.0513086080926548,0.0513086081425828,9.139275003696524e-17
4750,8,balanced,60dB,0,5.3476088185858745e-08,5.4836204614683526e-08,0.051301735361623,0.0513086081425828,7.95419304352357e-07
4750,8,balanced,60dB,1,6.48236121912225e-08,6.771351296870167e-08,0.0513347383534625,0.0513086081425828,8.082711997806614e-07
4750,8,balanced,60dB,2,6.510122227679895e-08,6.242360669244377e-08,0.051308235650631,0.0513086081425828,8.532630739492604e-07
4750,8,balanced,60dB,3,6.791695530785134e-08,6.807209083221434e-08,0.0512989363378464,0.0513086081425828,8.481864241391752e-07
4750,8,balanced,60dB,4,6.25985302312447e-08,5.870001891959935e-08,0.0513105764275966,0.0513086081425828,8.325278914170202e-07
4750,8,balanced,60dB,5,6.326087581723983e-08,5.0871048977989536e-08,0.0513131700861038,0.0513086081425828,8.804289379928251e-07
4750,8,balanced,60dB,6,7.19926313313062e-08,6.874694134217079e-08,0.0513208635847387,0.0513086081425828,8.033061164298671e-07
4750,8,balanced,60dB,7,6.748591316090484e-08,5.565990167121633e-08,0.0513130050065097,0.0513086081425828,8.149976567072881e-07
4750,8,balanced,40dB,0,5.347619095455054e-06,5.4836164805645694e-06,0.0512446936405524,0.0513086081425828,7.95419039857134e-05
4750,8,balanced,40dB,1,6.482361040010411e-06,6.7713471563412215e-06,0.0515757448256514,0.0513086081425828,8.082712254940588e-05
4750,8,balanced,40dB,2,6.51011299377005e-06,6.242359354676176e-06,0.0513107427731893,0.0513086081425828,8.532636709352092e-05
4750,8,balanced,40dB,3,6.791699341788294e-06,6.807225234848075e-06,0.0512180030743607,0.0513086081425828,8.481863445291569e-05
4750,8,balanced,40dB,4,6.259863643667872e-06,5.870008917044608e-06,0.0513339253204164,0.0513086081425828,8.325275722064504e-05
4750,8,balanced,40dB,5,6.326077322313585e-06,5.0870956562558e-06,0.05135992149571,0.0513086081425828,8.804294955797661e-05
4750,8,balanced,40dB,6,7.19925621796235e-06,6.874665618130784e-06,0.0514376423433995,0.0513086081425828,8.03305762304543e-05
4750,8,balanced,40dB,7,6.748587678374179e-06,5.565987694941258e-06,0.0513586509597528,0.0513086081425828,8.149980418047467e-05
4750,12,legacy,clean,0,7.579737636006638e-27,5.801994255427504e-27,0.051308608142584,0.0513086081425828,5.584065400549222e-27
4750,12,legacy,60dB,0,1.693312792045776e-07,1.614092957594789e-07,0.05129031271041,0.0513086081425828,6.543724112029812e-07
4750,12,legacy,60dB,1,1.793149918763783e-07,1.7589439761166365e-07,0.0512982801073028,0.0513086081425828,6.427885307367587e-07
4750,12,legacy,60dB,2,2.390387276470649e-07,2.381914593802417e-07,0.0513119247603911,0.0513086081425828,6.78071858371784e-07
4750,12,legacy,60dB,3,1.8731318981950557e-07,2.3099924854012246e-07,0.0512861405810716,0.0513086081425828,6.525770936602621e-07
4750,12,legacy,60dB,4,1.8971344184288017e-07,2.2195460467427798e-07,0.0513098623086256,0.0513086081425828,6.505909880849034e-07
4750,12,legacy,60dB,5,2.0335194493956798e-07,1.857794011490047e-07,0.051310203043677,0.0513086081425828,6.813832217906387e-07
4750,12,legacy,60dB,6,1.8519707448108201e-07,1.576884789794137e-07,0.0513232668870982,0.0513086081425828,6.387252239784529e-07
4750,12,legacy,60dB,7,1.911845335943869e-07,2.035448004985982e-07,0.0513152594385867,0.0513086081425828,6.288371077328125e-07
4750,12,legacy,40dB,0,1.693312792036988e-05,1.614092957542957e-05,0.0511408936359724,0.0513086081425828,6.54372411203886e-05
4750,12,legacy,40dB,1,1.793149918794595e-05,1.7589439761013995e-05,0.0512214661390401,0.0513086081425828,6.42788530733182e-05
4750,12,legacy,40dB,2,2.390387276564132e-05,2.381914593826155e-05,0.0513632878061442,0.0513086081425828,6.780718583742178e-05
4750,12,legacy,40dB,3,1.87313189822675e-05,2.309992485407751e-05,0.0511007907145439,0.0513086081425828,6.525770936597894e-05
4750,12,legacy,40dB,4,1.897134418446045e-05,2.2195460467963875e-05,0.0513382240127653,0.0513086081425828,6.505909880849551e-05
4750,12,legacy,40dB,5,2.033519449528285e-05,1.8577940115726158e-05,0.0513428588285597,0.0513086081425828,6.813832217889186e-05
4750,12,legacy,40dB,6,1.851970744809264e-05,1.5768847898155156e-05,0.0514718633244299,0.0513086081425828,6.387252239795098e-05
4750,12,legacy,40dB,7,1.9118453359421885e-05,2.03544800506392e-05,0.0513923277106354,0.0513086081425828,6.288371077332689e-05
4750,12,balanced,clean,0,6.226138946270541e-27,3.647813803849568e-27,0.0513086081425852,0.0513086081425828,6.218824102518673e-27
4750,12,balanced,60dB,0,1.4564974406247073e-07,1.3780871659819705e-07,0.0513000153976904,0.0513086081425828,6.158115275178692e-07
4750,12,balanced,60dB,1,1.6120490195304018e-07,1.7702726288704486e-07,0.0513400198287084,0.0513086081425828,6.368399869547701e-07
4750,12,balanced,60dB,2,1.6543163369519159e-07,1.6206725999669737e-07,0.0513076843240768,0.0513086081425828,6.739830659221316e-07
4750,12,balanced,60dB,3,1.677277721031571e-07,1.5965960636495792e-07,0.0513024792977574,0.0513086081425828,6.635595028835205e-07
4750,12,balanced,60dB,4,1.5765519948276299e-07,1.351562501572829e-07,0.0513118647587615,0.0513086081425828,6.690365126101948e-07
4750,12,balanced,60dB,5,1.7167946977866168e-07,1.3316553923488789e-07,0.0513090049142006,0.0513086081425828,6.900704327900676e-07
4750,12,balanced,60dB,6,1.439664374475144e-07,1.4980990698525736e-07,0.0513161643685923,0.0513086081425828,6.441627535806862e-07
4750,12,balanced,60dB,7,1.655946307175453e-07,1.4457378635606197e-07,0.0513064471578924,0.0513086081425828,6.2919982681405e-07
4750,12,balanced,40dB,0,1.4564974406064462e-05,1.3780871659839848e-05,0.0512357891706025,0.0513086081425828,6.158115275118616e-05
4750,12,balanced,40dB,1,1.6120490194712212e-05,1.770272628784846e-05,0.0516372334449915,0.0513086081425828,6.368399869559076e-05
4750,12,balanced,40dB,2,1.6543163369364458e-05,1.6206725999508256e-05,0.0513142588045338,0.0513086081425828,6.739830659265465e-05
4750,12,balanced,40dB,3,1.6772777210625967e-05,1.5965960636824604e-05,0.0512624151937958,0.0513086081425828,6.635595028844454e-05
4750,12,balanced,40dB,4,1.5765519948480066e-05,1.3515625015729529e-05,0.0513553632723008,0.0513086081425828,6.690365126113625e-05
4750,12,balanced,40dB,5,1.7167946978127973e-05,1.3316553924042417e-05,0.0513280270110197,0.0513086081425828,6.900704327870818e-05
4750,12,balanced,40dB,6,1.4396643744937105e-05,1.4980990698580158e-05,0.051397127382027,0.0513086081425828,6.441627535786704e-05
4750,12,balanced,40dB,7,1.6559463072273996e-05,1.4457378636103246e-05,0.0513019018124204,0.0513086081425828,6.291998268173882e-05
5000,5,legacy,clean,0,1.2766752171021991e-11,2.3735166875683105e-12,0.0499453973960873,0.0499453752270869,2.544541514709724e-11
5000,5,legacy,60dB,0,2.6065673151724477e-08,2.5823604907863568e-08,0.0499396088819712,0.0499453752270869,8.948191198484011e-07
5000,5,legacy,60dB,1,3.20709580817523e-08,3.573083934293232e-08,0.0499301669902163,0.0499453752270869,9.231803573362302e-07
5000,5,legacy,60dB,2,3.1212121192551385e-08,2.5762226183265093e-08,0.0499401830143876,0.0499453752270869,9.17458199780695e-07
5000,5,legacy,60dB,3,2.959562264297245e-08,2.3784850088039737e-08,0.0499531139453366,0.0499453752270869,9.178091590021672e-07
5000,5,legacy,60dB,4,2.8664240100685345e-08,3.203175012904474e-08,0.0499431412076705,0.0499453752270869,9.260498113958476e-07
5000,5,legacy,60dB,5,2.760708134338937e-08,4.001851065512008e-08,0.0499344438847061,0.0499453752270869,9.408961084302858e-07
5000,5,legacy,60dB,6,3.0741689911197065e-08,3.5436920441248436e-08,0.0499457140969306,0.0499453752270869,9.763400131423448e-07
5000,5,legacy,60dB,7,2.7589976089940747e-08,2.331958235707848e-08,0.0499472739114538,0.0499453752270869,9.364524858276192e-07
5000,5,legacy,40dB,0,2.6042749790630038e-06,2.579888761405723e-06,0.0498898559880738,0.0499453752270869,8.945170123060827e-05
5000,5,legacy,40dB,1,3.200118241184106e-06,3.569019631604401e-06,0.0497959728609383,0.0499453752270869,9.235981199730066e-05
5000,5,legacy,40dB,2,3.119763337289852e-06,2.579836926212461e-06,0.0498960613361163,0.0499453752270869,9.174088157406354e-05
5000,5,legacy,40dB,3,2.9578794406480065e-06,2.3771266699866305e-06,0.0500252249266944,0.0499453752270869,9.178646519626847e-05
5000,5,legacy,40dB,4,2.858803467927387e-06,3.2006290449857403e-06,0.049925407787886,0.0499453752270869,9.261317277838028e-05
5000,5,legacy,40dB,5,2.761502335010074e-06,4.001165502875526e-06,0.0498383478286971,0.0499453752270869,9.411333368101772e-05
5000,5,legacy,40dB,6,3.0634871775942893e-06,3.5329069840136622e-06,0.0499513205896988,0.0499453752270869,9.76271060492142e-05
5000,5,legacy,40dB,7,2.766253535050083e-06,2.334467438177976e-06,0.0499666530184263,0.0499453752270869,9.365067936506683e-05
5000,5,balanced,clean,0,1.1645927474594444e-11,6.118366104463257e-13,0.0499453937434085,0.0499453752270869,3.064045972804561e-11
5000,5,balanced,60dB,0,2.780473126182225e-08,2.5298174793083005e-08,0.0499325023950957,0.0499453752270869,8.818620695191522e-07
5000,5,balanced,60dB,1,3.2224371263199686e-08,3.2116310850083153e-08,0.0499529313833616,0.0499453752270869,9.228162155823376e-07
5000,5,balanced,60dB,2,2.4997934186247013e-08,2.6792566085171837e-08,0.0499366524351944,0.0499453752270869,9.148106297389744e-07
5000,5,balanced,60dB,3,3.4014459890725746e-08,3.186487869367678e-08,0.049965057586141,0.0499453752270869,9.05531935259497e-07
5000,5,balanced,60dB,4,2.5164981165540802e-08,2.470135452234244e-08,0.0499341911929169,0.0499453752270869,9.298826005767724e-07
5000,5,balanced,60dB,5,2.4757473441131933e-08,3.173613712179425e-08,0.0499318124647632,0.0499453752270869,9.444705490793564e-07
5000,5,balanced,60dB,6,3.3762197077574184e-08,2.6719430404713752e-08,0.0499293804031068,0.0499453752270869,9.59755370848465e-07
5000,5,balanced,60dB,7,2.3712628949165463e-08,2.6853963874567313e-08,0.0499570574165754,0.0499453752270869,9.210508793775927e-07
5000,5,balanced,40dB,0,2.783112866793256e-06,2.533368149965217e-06,0.0498189854306462,0.0499453752270869,8.815105280437955e-05
5000,5,balanced,40dB,1,3.221535352353936e-06,3.2067570480709606e-06,0.0500236695393921,0.0499453752270869,9.22699315041919e-05
5000,5,balanced,40dB,2,2.495459429520195e-06,2.6764652531111834e-06,0.0498602262461676,0.0499453752270869,9.149430948736988e-05
5000,5,balanced,40dB,3,3.403033150033378e-06,3.188217625614436e-06,0.050145095164097,0.0499453752270869,9.057997154658506e-05
5000,5,balanced,40dB,4,2.5158363733147712e-06,2.47537533381956e-06,0.0498356325298652,0.0499453752270869,9.301122161388343e-05
5000,5,balanced,40dB,5,2.4722246519373965e-06,3.1719324209528942e-06,0.0498118057116858,0.0499453752270869,9.44218623018452e-05
5000,5,balanced,40dB,6,3.3702987302203798e-06,2.668893840526628e-06,0.0497882931219625,0.0499453752270869,9.602344083964604e-05
5000,5,balanced,40dB,7,2.3673088275385657e-06,2.6816461087462765e-06,0.0500641607624283,0.0499453752270869,9.211622255849908e-05
5000,8,legacy,clean,0,1.0814951934866254e-16,4.395794596592074e-17,0.0499453753241,0.0499453752270869,1.6524361080119015e-16
5000,8,legacy,60dB,0,5.645909115507239e-08,7.411296717305809e-08,0.04994178166498,0.0499453752270869,8.150667552247025e-07
5000,8,legacy,60dB,1,8.690922812803503e-08,8.454362900876074e-08,0.049933509363354,0.0499453752270869,8.229774440568631e-07
5000,8,legacy,60dB,2,7.376761822628381e-08,8.677212390127895e-08,0.0499379683990146,0.0499453752270869,8.283221664915396e-07
5000,8,legacy,60dB,3,7.79779542147694e-08,7.142586731823406e-08,0.0499517507675808,0.0499453752270869,8.300541525669786e-07
5000,8,legacy,60dB,4,8.792294165246938e-08,9.397407232907985e-08,0.0499427026240262,0.0499453752270869,8.09398568443804e-07
5000,8,legacy,60dB,5,8.149716514038239e-08,9.177283127459037e-08,0.0499368481352685,0.0499453752270869,8.486745044757575e-07
5000,8,legacy,60dB,6,7.94710558223436e-08,1.0358930900965485e-07,0.0499448837222712,0.0499453752270869,8.829812253752871e-07
5000,8,legacy,60dB,7,8.24118972572959e-08,8.178210148739286e-08,0.0499496785607149,0.0499453752270869,8.393795532106921e-07
5000,8,legacy,40dB,0,5.645855101878213e-06,7.411244700789604e-06,0.0499145199970894,0.0499453752270869,8.150660021147854e-05
5000,8,legacy,40dB,1,8.690893497568914e-06,8.454349554759255e-06,0.0498345375178548,0.0499453752270869,8.229777004786413e-05
5000,8,legacy,40dB,2,7.376775335219087e-06,8.677217145775031e-06,0.0498779451723982,0.0499453752270869,8.283229142093226e-05
5000,8,legacy,40dB,3,7.797781442104927e-06,7.142560711681738e-06,0.0500161477608068,0.0499453752270869,8.300542452946237e-05
5000,8,legacy,40dB,4,8.792255744795641e-06,9.397389767955107e-06,0.0499265613496907,0.0499453752270869,8.093985327176476e-05
5000,8,legacy,40dB,5,8.14971335272656e-06,9.1772899734571e-06,0.0498674381774868,0.0499453752270869,8.486750822477991e-05
5000,8,legacy,40dB,6,7.94706205802528e-06,1.0358897296293287e-05,0.0499476116573113,0.0499453752270869,8.829816401702578e-05
5000,8,legacy,40dB,7,8.241209090291203e-06,8.178224327686791e-06,0.0499958247803669,0.0499453752270869,8.393786891849134e-05
5000,8,balanced,clean,0,9.7310663897805e-17,2.139696906064353e-17,0.0499453751698833,0.0499453752270869,2.018901173437704e-16
5000,8,balanced,60dB,0,6.257427804024099e-08,6.812796240004349e-08,0.0499315583891672,0.0499453752270869,7.836867785567485e-07
5000,8,balanced,60dB,1,5.8716186461226355e-08,8.168709973032726e-08,0.0499490135606206,0.0499453752270869,8.383426324745079e-07
5000,8,balanced,60dB,2,5.941709543669663e-08,5.866514053925027e-08,0.0499400032271408,0.0499453752270869,8.367977083489741e-07
5000,8,balanced,60dB,3,6.999808007709805e-08,7.705305527000595e-08,0.0499638698736665,0.0499453752270869,8.233429961412535e-07
5000,8,balanced,60dB,4,4.978893902797686e-08,5.81506774627637e-08,0.04993715747003,0.0499453752270869,8.501626075935369e-07
5000,8,balanced,60dB,5,5.762726607569443e-08,7.094770438789698e-08,0.049930619662782,0.0499453752270869,8.51235533868942e-07
5000,8,balanced,60dB,6,6.949460727858394e-08,7.093318952565856e-08,0.0499308453934924,0.0499453752270869,8.621943806098058e-07
5000,8,balanced,60dB,7,5.7576931032998803e-08,7.46777018727505e-08,0.049957436372013,0.0499453752270869,8.360124704496028e-07
5000,8,balanced,40dB,0,6.257439229018643e-06,6.812829407637628e-06,0.0498128390591703,0.0499453752270869,7.836868888796062e-05
5000,8,balanced,40dB,1,5.87163198842723e-06,8.168706292285142e-06,0.0499870435473833,0.0499453752270869,8.383420524229642e-05
5000,8,balanced,40dB,2,5.941716576694151e-06,5.8664946253679096e-06,0.0498970032880818,0.0499453752270869,8.367973065236066e-05
5000,8,balanced,40dB,3,6.999793216345897e-06,7.705306793174471e-06,0.0501366220201317,0.0499453752270869,8.233422309265615e-05
5000,8,balanced,40dB,4,4.97888630731315e-06,5.815070019721635e-06,0.0498676791682688,0.0499453752270869,8.501625200601083e-05
5000,8,balanced,40dB,5,5.762749925975242e-06,7.094793978996463e-06,0.0498030065761362,0.0499453752270869,8.512356311175343e-05
5000,8,balanced,40dB,6,6.94946190579178e-06,7.09331690344906e-06,0.0498063319218088,0.0499453752270869,8.621949027453088e-05
5000,8,balanced,40dB,7,5.757685054473455e-06,7.467746909571287e-06,0.050071169106925,0.0499453752270869,8.360122747319939e-05
5000,12,legacy,clean,0,2.674070628059704e-26,1.9386138112099475e-26,0.0499453752270931,0.0499453752270869,1.851481726078877e-26
5000,12,legacy,60dB,0,1.5901301158854812e-07,1.5467850626505274e-07,0.0499522974146409,0.0499453752270869,6.331100989106124e-07
5000,12,legacy,60dB,1,2.1149361380615318e-07,1.7870111936304818e-07,0.0499368177172675,0.0499453752270869,6.381560590326724e-07
5000,12,legacy,60dB,2,1.8936419701794394e-07,1.8521027158283424e-07,0.0499435561621014,0.0499453752270869,6.428662946098299e-07
5000,12,legacy,60dB,3,1.908109293337797e-07,1.7824552333702081e-07,0.0499512011957533,0.0499453752270869,6.349536206199314e-07
5000,12,legacy,60dB,4,2.2016327100669682e-07,2.3329615600022045e-07,0.0499413936645449,0.0499453752270869,6.033502799449411e-07
5000,12,legacy,60dB,5,2.200233808272683e-07,2.19056188930809e-07,0.0499427554440711,0.0499453752270869,6.770239132501349e-07
5000,12,legacy,60dB,6,2.167958067187182e-07,2.427486496885227e-07,0.049937429635702,0.0499453752270869,6.608006930820073e-07
5000,12,legacy,60dB,7,2.384867702678187e-07,2.2071952571933522e-07,0.0499470969676684,0.0499453752270869,6.476997310677717e-07
5000,12,legacy,40dB,0,1.590130115777861e-05,1.5467850625352165e-05,0.0500289082736128,0.0499453752270869,6.331100989138794e-05
5000,12,legacy,40dB,1,2.1149361380731692e-05,1.787011193611243e-05,0.0498788345540795,0.0499453752270869,6.381560590264504e-05
5000,12,legacy,40dB,2,1.893641970006742e-05,1.852102715597714e-05,0.0499442273549061,0.0499453752270869,6.428662946078307e-05
5000,12,legacy,40dB,3,1.908109293485182e-05,1.7824552334414893e-05,0.050020807897337,0.0499453752270869,6.349536206182304e-05
5000,12,legacy,40dB,4,2.201632710124384e-05,2.332961560055487e-05,0.0499253742960032,0.0499453752270869,6.033502799501213e-05
5000,12,legacy,40dB,5,2.2002338081634672e-05,2.1905618891609477e-05,0.049938979501147,0.0499453752270869,6.770239132522523e-05
5000,12,legacy,40dB,6,2.1679580673519658e-05,2.4274864971198723e-05,0.0498854309357891,0.0499453752270869,6.608006930767851e-05
5000,12,legacy,40dB,7,2.384867702579941e-05,2.207195257027074e-05,0.049984056442169,0.0499453752270869,6.476997310744673e-05
5000,12,balanced,clean,0,2.3124261830877632e-26,1.403055016294345e-26,0.0499453752270847,0.0499453752270869,2.0118383360996e-26
5000,12,balanced,60dB,0,1.5589251761209904e-07,1.5909537893980037e-07,0.0499259957937159,0.0499453752270869,6.173237381695686e-07
5000,12,balanced,60dB,1,1.6844492542594088e-07,1.8628455425465985e-07,0.0499522476056371,0.0499453752270869,6.643935420677633e-07
5000,12,balanced,60dB,2,1.498479570028314e-07,1.481372088546381e-07,0.0499475734556826,0.0499453752270869,6.407048879839342e-07
5000,12,balanced,60dB,3,1.889453656836388e-07,1.9762885719421678e-07,0.0499631763039376,0.0499453752270869,6.23669795612711e-07
5000,12,balanced,60dB,4,1.3833355973557338e-07,1.3773232217730732e-07,0.0499409826096756,0.0499453752270869,6.722313566127355e-07
5000,12,balanced,60dB,5,1.622231147973658e-07,1.6169665861045037e-07,0.0499318076987862,0.0499453752270869,6.716230478048762e-07
5000,12,balanced,60dB,6,1.6595732142487613e-07,1.791037031026444e-07,0.0499332111024851,0.0499453752270869,6.779889646331181e-07
5000,12,balanced,60dB,7,1.701664855680563e-07,1.5106014948718586e-07,0.0499523973731213,0.0499453752270869,6.610475734837423e-07
5000,12,balanced,40dB,0,1.5589251761459285e-05,1.5909537893685945e-05,0.0497656112199827,0.0499453752270869,6.173237381571585e-05
5000,12,balanced,40dB,1,1.68444925425939e-05,1.862845542492177e-05,0.0500292590558981,0.0499453752270869,6.643935420673586e-05
5000,12,balanced,40dB,2,1.498479570030763e-05,1.4813720885571196e-05,0.049980843829194,0.0499453752270869,6.407048879824536e-05
5000,12,balanced,40dB,3,1.889453656759031e-05,1.976288571805028e-05,0.0501403910785236,0.0499453752270869,6.236697956218873e-05
5000,12,balanced,40dB,4,1.383335597378331e-05,1.3773232217657836e-05,0.0499138990733696,0.0499453752270869,6.722313566149502e-05
5000,12,balanced,40dB,5,1.6222311478254733e-05,1.6169665859937396e-05,0.049824300024431,0.0499453752270869,6.716230478055316e-05
5000,12,balanced,40dB,6,1.659573214300635e-05,1.7910370310325233e-05,0.049838670140019,0.0499453752270869,6.779889646311334e-05
5000,12,balanced,40dB,7,1.7016648556905007e-05,1.5106014948702072e-05,0.0500309116711528,0.0499453752270869,6.610475734843993e-05
5250,5,legacy,clean,0,2.358154651498424e-11,4.345762867299147e-12,0.0485547708159641,0.0485548387849297,4.527493925931769e-11
5250,5,legacy,60dB,0,2.4514268014160733e-08,2.6601302517900496e-08,0.0485560678907098,0.0485548387849297,9.14391687801662e-07
5250,5,legacy,60dB,1,3.855164622736677e-08,4.062526386338034e-08,0.0485619007656543,0.0485548387849297,9.19428286275317e-07
5250,5,legacy,60dB,2,2.358616894319404e-08,2.7811121218174136e-08,0.0485681830455196,0.0485548387849297,9.524101422990932e-07
5250,5,legacy,60dB,3,2.7830300376241852e-08,3.641183307052883e-08,0.0485544394779268,0.0485548387849297,9.66080989420574e-07
5250,5,legacy,60dB,4,4.4665786553030216e-08,4.098313685178101e-08,0.0485466292266282,0.0485548387849297,9.341921416110556e-07
5250,5,legacy,60dB,5,3.3139064169275005e-08,3.1031440911690343e-08,0.0485581445512825,0.0485548387849297,9.35157446922104e-07
5250,5,legacy,60dB,6,2.5275438504316125e-08,3.814994217735633e-08,0.0485477881604186,0.0485548387849297,9.46316395781452e-07
5250,5,legacy,60dB,7,3.5206553095826484e-08,3.831119677836855e-08,0.0485597507148387,0.0485548387849297,9.41684058871631e-07
5250,5,legacy,40dB,0,2.451810184267083e-06,2.6489264746187477e-06,0.0485699484431612,0.0485548387849297,9.146220578289898e-05
5250,5,legacy,40dB,1,3.843439262254415e-06,4.04941175577299e-06,0.0486295284479017,0.0485548387849297,9.189199463930753e-05
5250,5,legacy,40dB,2,2.3667196147833114e-06,2.7822707037762398e-06,0.0486910241816806,0.0485548387849297,9.524881213938442e-05
5250,5,legacy,40dB,3,2.793259287914875e-06,3.648785024771465e-06,0.0485539726041103,0.0485548387849297,9.66318419811162e-05
5250,5,legacy,40dB,4,4.45195695926882e-06,4.096391482275509e-06,0.0484773604339346,0.0485548387849297,9.341199487660322e-05
5250,5,legacy,40dB,5,3.3049704487400693e-06,3.121769831545215e-06,0.0485914819611899,0.0485548387849297,9.350349736132644e-05
5250,5,legacy,40dB,6,2.5229603518266394e-06,3.8083557335868393e-06,0.0484872146787116,0.0485548387849297,9.46369780012105e-05
5250,5,legacy,40dB,7,3.510196504778166e-06,3.8271721203028e-06,0.0486077281479193,0.0485548387849297,9.41603171180641e-05
5250,5,balanced,clean,0,2.0796830661017063e-11,1.2008020809925062e-12,0.0485548186713585,0.0485548387849297,5.423012594723857e-11
5250,5,balanced,60dB,0,2.3528862152936174e-08,2.601303518986979e-08,0.0485536015114411,0.0485548387849297,9.209602208175856e-07
5250,5,balanced,60dB,1,2.454098377780477e-08,2.7225656477556512e-08,0.0485565825814206,0.0485548387849297,9.322759661742002e-07
5250,5,balanced,60dB,2,3.1292923314195655e-08,3.4136473022867624e-08,0.0485385203025614,0.0485548387849297,9.35660526436041e-07
5250,5,balanced,60dB,3,2.1253669977696862e-08,2.1262706948822937e-08,0.0485654109855804,0.0485548387849297,9.812305098043156e-07
5250,5,balanced,60dB,4,2.8468807251978143e-08,3.2454133835388746e-08,0.0485432329006557,0.0485548387849297,9.431984510771862e-07
5250,5,balanced,60dB,5,2.8998989997680494e-08,3.4760072425874724e-08,0.0485452349115096,0.0485548387849297,9.312385048006232e-07
5250,5,balanced,60dB,6,3.23226384110725e-08,3.6129941905999885e-08,0.0485619037095585,0.0485548387849297,9.389719719393496e-07
5250,5,balanced,60dB,7,3.4676977306000224e-08,4.613260448455015e-08,0.0485845803557411,0.0485548387849297,9.199251629199472e-07
5250,5,balanced,40dB,0,2.3564413368638898e-06,2.612269088448533e-06,0.0485447684120721,0.0485548387849297,9.204316501049172e-05
5250,5,balanced,40dB,1,2.460237397024174e-06,2.730263664834464e-06,0.0485746727867119,0.0485548387849297,9.32039204264064e-05
5250,5,balanced,40dB,2,3.12861788995323e-06,3.415168083301786e-06,0.0483946508592173,0.0485548387849297,9.352719630310794e-05
5250,5,balanced,40dB,3,2.1266159163593358e-06,2.126962844717932e-06,0.0486626560799662,0.0485548387849297,9.814758524746724e-05
5250,5,balanced,40dB,4,2.840334597460745e-06,3.2457295725355267e-06,0.0484415167980276,0.0485548387849297,9.43343034305169e-05
5250,5,balanced,40dB,5,2.9022781709358e-06,3.4784235321454307e-06,0.048461593548313,0.0485548387849297,9.309043342257382e-05
5250,5,balanced,40dB,6,3.231291253875249e-06,3.618531644113238e-06,0.0486285773053993,0.0485548387849297,9.383365460635826e-05
5250,5,balanced,40dB,7,3.467679096101246e-06,4.614948358766462e-06,0.0488555566116794,0.0485548387849297,9.202223239282748e-05
5250,8,legacy,clean,0,2.3403513952549163e-16,1.1126817895998478e-16,0.0485548393329469,0.0485548387849297,3.553160160981459e-16
5250,8,legacy,60dB,0,6.939312351327845e-08,5.8589560417396246e-08,0.0485539926396744,0.0485548387849297,8.253299683701998e-07
5250,8,legacy,60dB,1,8.66409405804989e-08,6.857214841357778e-08,0.0485647219952087,0.0485548387849297,8.351761252313707e-07
5250,8,legacy,60dB,2,7.48735944630518e-08,6.68256142244415e-08,0.0485658448956929,0.0485548387849297,8.495760667177173e-07
5250,8,legacy,60dB,3,7.369450746780098e-08,7.475780460222387e-08,0.0485558094296796,0.0485548387849297,8.640712162044659e-07
5250,8,legacy,60dB,4,9.217288762216317e-08,5.8909339613235694e-08,0.0485418683598177,0.0485548387849297,8.464618537743641e-07
5250,8,legacy,60dB,5,7.851830588684488e-08,6.476507865756076e-08,0.0485646778167226,0.0485548387849297,8.310442235328684e-07
5250,8,legacy,60dB,6,7.028493187251302e-08,7.294385652241145e-08,0.0485450046557252,0.0485548387849297,8.539858415198463e-07
5250,8,legacy,60dB,7,7.75710899865131e-08,7.899634385723997e-08,0.0485582759028964,0.0485548387849297,8.532931372489891e-07
5250,8,legacy,40dB,0,6.939362330486118e-06,5.858945326214831e-06,0.0485526178313197,0.0485548387849297,8.253307887504029e-05
5250,8,legacy,40dB,1,8.664086828429816e-06,6.857205244166479e-06,0.0486614636329898,0.0485548387849297,8.351748147672757e-05
5250,8,legacy,40dB,2,7.487373898616934e-06,6.682485703297847e-06,0.0486716335983616,0.0485548387849297,8.495762783558068e-05
5250,8,legacy,40dB,3,7.369432138863553e-06,7.475811146784991e-06,0.0485711727873393,0.0485548387849297,8.640714978058799e-05
5250,8,legacy,40dB,4,9.217362418238886e-06,5.891004680447597e-06,0.0484334252351996,0.0485548387849297,8.464618871515555e-05
5250,8,legacy,40dB,5,7.851868199328241e-06,6.476674510228039e-06,0.0486602908558466,0.0485548387849297,8.310450604755105e-05
5250,8,legacy,40dB,6,7.0284994707571125e-06,7.294358883018503e-06,0.0484628182108848,0.0485548387849297,8.539859721639987e-05
5250,8,legacy,40dB,7,7.757103207265115e-06,7.899620914760392e-06,0.0485961864247521,0.0485548387849297,8.532930103258133e-05
5250,8,balanced,clean,0,2.173806323555109e-16,4.348241612347632e-17,0.0485548388794022,0.0485548387849297,4.291830861669272e-16
5250,8,balanced,60dB,0,6.220404616946924e-08,5.7332083923703964e-08,0.048550412309068,0.0485548387849297,8.250202019735663e-07
5250,8,balanced,60dB,1,7.974366389918582e-08,7.104334276162469e-08,0.0485558956196598,0.0485548387849297,8.156573017108996e-07
5250,8,balanced,60dB,2,7.074635867850512e-08,5.469219115087734e-08,0.0485378302430216,0.0485548387849297,8.400912798136574e-07
5250,8,balanced,60dB,3,5.628368744425566e-08,5.4727741157087156e-08,0.0485702316294445,0.0485548387849297,8.886418922072091e-07
5250,8,balanced,60dB,4,6.708129258144418e-08,5.4541688340527374e-08,0.0485427555436631,0.0485548387849297,8.609785746210004e-07
5250,8,balanced,60dB,5,7.510101703629184e-08,6.833428084193818e-08,0.0485489970549462,0.0485548387849297,8.268190459110042e-07
5250,8,balanced,60dB,6,7.128071130080428e-08,6.526151058805045e-08,0.0485580813853535,0.0485548387849297,8.442009594754478e-07
5250,8,balanced,60dB,7,6.717624524289255e-08,7.17064178546454e-08,0.0485805367247916,0.0485548387849297,8.258508346290438e-07
5250,8,balanced,40dB,0,6.2204285839412855e-06,5.733205459020431e-06,0.0485161715641834,0.0485548387849297,8.250210190619139e-05
5250,8,balanced,40dB,1,7.97437514946579e-06,7.104325230018236e-06,0.0485725832204914,0.0485548387849297,8.156578708525852e-05
5250,8,balanced,40dB,2,7.0746432761178e-06,5.469251702231986e-06,0.0483911196952873,0.0485548387849297,8.400913145561168e-05
5250,8,balanced,40dB,3,5.628341546370694e-06,5.472797238517853e-06,0.0487138318844982,0.0485548387849297,8.886431531913339e-05
5250,8,balanced,40dB,4,6.708132093071276e-06,5.4541432380939685e-06,0.0484400428411795,0.0485548387849297,8.609778925973072e-05
5250,8,balanced,40dB,5,7.5100855486356e-06,6.833386851432781e-06,0.0485031797102203,0.0485548387849297,8.268178280731871e-05
5250,8,balanced,40dB,6,7.1280971010809805e-06,6.526190560555537e-06,0.0485936792289039,0.0485548387849297,8.442005421616551e-05
5250,8,balanced,40dB,7,6.717627640440489e-06,7.170602671424354e-06,0.0488178631984862,0.0485548387849297,8.258509673697703e-05
5250,12,legacy,clean,0,7.880671190389747e-26,7.672026221831433e-26,0.0485548387849272,0.0485548387849297,5.755187935102114e-26
5250,12,legacy,60dB,0,1.8598667062622425e-07,1.9541385194298618e-07,0.0485574490152833,0.0485548387849297,6.438028396739681e-07
5250,12,legacy,60dB,1,2.1589746756458115e-07,2.080475307933403e-07,0.0485659844917193,0.0485548387849297,6.686523222002816e-07
5250,12,legacy,60dB,2,1.7387703594104628e-07,1.788026913768365e-07,0.0485677649648825,0.0485548387849297,6.897787494473238e-07
5250,12,legacy,60dB,3,2.206425614319809e-07,2.6184182940760706e-07,0.0485552541837229,0.0485548387849297,6.778715385781856e-07
5250,12,legacy,60dB,4,2.3396912246482266e-07,2.0977548708437174e-07,0.0485382819347585,0.0485548387849297,6.526781663976199e-07
5250,12,legacy,60dB,5,2.239781184814418e-07,2.3922240536651045e-07,0.0485564677340908,0.0485548387849297,6.426342563372852e-07
5250,12,legacy,60dB,6,2.121521358066006e-07,2.251093162292589e-07,0.0485441697177748,0.0485548387849297,6.583229070914684e-07
5250,12,legacy,60dB,7,2.557580526080303e-07,2.715680873943309e-07,0.04855938211366,0.0485548387849297,6.496277759880202e-07
5250,12,legacy,40dB,0,1.8598667060474044e-05,1.954138519030246e-05,0.048597679888843,0.0485548387849297,6.438028396660108e-05
5250,12,legacy,40dB,1,2.158974676087466e-05,2.0804753083465704e-05,0.0486857266249341,0.0485548387849297,6.686523222034593e-05
5250,12,legacy,40dB,2,1.738770359335349e-05,1.7880269136598927e-05,0.0486997495177156,0.0485548387849297,6.897787494538248e-05
5250,12,legacy,40dB,3,2.206425614421927e-05,2.618418294074929e-05,0.0485788506034164,0.0485548387849297,6.77871538586278e-05
5250,12,legacy,40dB,4,2.3396912247804018e-05,2.0977548709464387e-05,0.0484103275042644,0.0485548387849297,6.526781663926638e-05
5250,12,legacy,40dB,5,2.2397811847623784e-05,2.39222405347032e-05,0.0485912863072259,0.0485548387849297,6.426342563379997e-05
5250,12,legacy,40dB,6,2.121521357997601e-05,2.2510931623797607e-05,0.0484672418056264,0.0485548387849297,6.583229070969848e-05
5250,12,legacy,40dB,7,2.5575805261691107e-05,2.7156808742970612e-05,0.0486232902969917,0.0485548387849297,6.496277759809901e-05
5250,12,balanced,clean,0,8.134424279755316e-26,5.445270743021509e-26,0.0485548387849166,0.0485548387849297,6.150064300258541e-26
5250,12,balanced,60dB,0,1.623725641313363e-07,1.658198813972407e-07,0.0485545995733769,0.0485548387849297,6.358727727780715e-07
5250,12,balanced,60dB,1,1.811109914747356e-07,1.8812071258689437e-07,0.0485572695972617,0.0485548387849297,6.420803093003029e-07
5250,12,balanced,60dB,2,1.677664345831367e-07,1.679408054910136e-07,0.0485317899577635,0.0485548387849297,6.460118445872697e-07
5250,12,balanced,60dB,3,1.607056990744325e-07,1.8814256328653385e-07,0.0485734570061328,0.0485548387849297,6.744752631554462e-07
5250,12,balanced,60dB,4,1.798162314701057e-07,1.7617733854254216e-07,0.0485453567701966,0.0485548387849297,6.712657376995545e-07
5250,12,balanced,60dB,5,2.055434070941461e-07,2.0942046137216508e-07,0.0485569789620786,0.0485548387849297,6.263918589914478e-07
5250,12,balanced,60dB,6,1.8050894935117493e-07,1.958876713826933e-07,0.0485640102454478,0.0485548387849297,6.377683732465152e-07
5250,12,balanced,60dB,7,1.7075583563024737e-07,1.9443587812149522e-07,0.0485811661114967,0.0485548387849297,6.559335283557696e-07
5250,12,balanced,40dB,0,1.6237256413392327e-05,1.6581988139704104e-05,0.0485670602002906,0.0485548387849297,6.358727727888059e-05
5250,12,balanced,40dB,1,1.8111099146999377e-05,1.8812071259270425e-05,0.0485954468975989,0.0485548387849297,6.42080309283843e-05
5250,12,balanced,40dB,2,1.67766434576236e-05,1.6794080547321555e-05,0.0483394494924974,0.0485548387849297,6.460118445833987e-05
5250,12,balanced,40dB,3,1.6070569908746772e-05,1.8814256330554388e-05,0.0487554845099943,0.0485548387849297,6.744752631365434e-05
5250,12,balanced,40dB,4,1.798162314852303e-05,1.7617733853670754e-05,0.0484762020985499,0.0485548387849297,6.712657377089848e-05
5250,12,balanced,40dB,5,2.0554340711009173e-05,2.09420461387582e-05,0.0485947394631757,0.0485548387849297,6.26391858986781e-05
5250,12,balanced,40dB,6,1.805089493388148e-05,1.958876713661012e-05,0.0486627991956678,0.0485548387849297,6.377683732432096e-05
5250,12,balanced,40dB,7,1.70755835661814e-05,1.94435878182865e-05,0.0488334800759253,0.0485548387849297,6.559335283769119e-05
5500,5,legacy,clean,0,3.7597639076987295e-11,8.640053152300365e-12,0.0471422172847752,0.047142246697254,7.846514776058707e-11
5500,5,legacy,60dB,0,2.6199023286132146e-08,1.882404372009029e-08,0.0471541830723163,0.047142246697254,9.295620801857024e-07
5500,5,legacy,60dB,1,4.137623570465458e-08,2.7397799766062458e-08,0.0471352048511335,0.047142246697254,8.843067364669488e-07
5500,5,legacy,60dB,2,2.777660257545306e-08,2.4909063568467103e-08,0.0471278745804935,0.047142246697254,8.972158748677409e-07
5500,5,legacy,60dB,3,3.084153720789896e-08,2.9483940384673685e-08,0.047147202665322,0.047142246697254,9.032218613634528e-07
5500,5,legacy,60dB,4,3.6033836410192114e-08,3.5887596537101256e-08,0.0471319248863991,0.047142246697254,9.372007336691214e-07
5500,5,legacy,60dB,5,2.7345644646356053e-08,2.6356209335808563e-08,0.0471357535141241,0.047142246697254,9.59564053697316e-07
5500,5,legacy,60dB,6,4.099537788993422e-08,3.082285299260474e-08,0.047137428916149,0.047142246697254,9.567672499682666e-07
5500,5,legacy,60dB,7,2.571190159335741e-08,3.3107690699880793e-08,0.0471441987772643,0.047142246697254,9.254325926132572e-07
5500,5,legacy,40dB,0,2.6253047552856776e-06,1.8680311065500053e-06,0.0472642388130884,0.047142246697254,9.299259860931162e-05
5500,5,legacy,40dB,1,4.135113868902344e-06,2.739833067732971e-06,0.0470758146382498,0.047142246697254,8.840459441327055e-05
5500,5,legacy,40dB,2,2.7759151453290327e-06,2.497251767985069e-06,0.0470012887294578,0.047142246697254,8.978874538981582e-05
5500,5,legacy,40dB,3,3.0833593057899303e-06,2.945183218976475e-06,0.0471948463725559,0.047142246697254,9.034574461651198e-05
5500,5,legacy,40dB,4,3.59552495410271e-06,3.5845397284669166e-06,0.047042528825984,0.047142246697254,9.369971466904462e-05
5500,5,legacy,40dB,5,2.732288743679986e-06,2.648673360347169e-06,0.0470800387489395,0.047142246697254,9.596593138812305e-05
5500,5,legacy,40dB,6,4.092557158354457e-06,3.101384336077146e-06,0.0470980165402713,0.047142246697254,9.565904513937551e-05
5500,5,legacy,40dB,7,2.5668902245133126e-06,3.3055871085741727e-06,0.0471643423192531,0.047142246697254,9.25087709032955e-05
5500,5,balanced,clean,0,3.5875808956801986e-11,2.4232820007045475e-12,0.0471422864978586,0.047142246697254,9.327755880221024e-11
5500,5,balanced,60dB,0,3.5050224895079745e-08,2.2608642512369068e-08,0.0471518836861315,0.047142246697254,9.188032236380444e-07
5500,5,balanced,60dB,1,2.6130160177254635e-08,2.58541890412206e-08,0.0471479383331222,0.047142246697254,9.007602230892136e-07
5500,5,balanced,60dB,2,2.7854316786657432e-08,1.4676135952655e-08,0.0471406185274069,0.047142246697254,9.02853874404085e-07
5500,5,balanced,60dB,3,2.5244834239904522e-08,1.7302943930367213e-08,0.047146783816418,0.047142246697254,9.180525265957726e-07
5500,5,balanced,60dB,4,2.4879569621269084e-08,2.119699740142942e-08,0.0471430460082502,0.047142246697254,9.480751773757132e-07
5500,5,balanced,60dB,5,3.6477120488162936e-08,2.621606327554788e-08,0.0471239429540628,0.047142246697254,9.652683664508463e-07
5500,5,balanced,60dB,6,2.77964891018508e-08,3.781559305325423e-08,0.0471306633499892,0.047142246697254,9.598670657983605e-07
5500,5,balanced,60dB,7,2.7121720200709347e-08,2.06348900935368e-08,0.0471609869540055,0.047142246697254,9.377344329977664e-07
5500,5,balanced,40dB,0,3.506081055821674e-06,2.27931295963646e-06,0.0472414142822774,0.047142246697254,9.187988651669868e-05
5500,5,balanced,40dB,1,2.608365934918301e-06,2.5881176185794256e-06,0.0472011522377126,0.047142246697254,9.007448451008806e-05
5500,5,balanced,40dB,2,2.7820876302211567e-06,1.4652940531901014e-06,0.0471281106606883,0.047142246697254,9.027449790447748e-05
5500,5,balanced,40dB,3,2.5193827541784625e-06,1.7373662909310758e-06,0.0471895269407472,0.047142246697254,9.181862547704863e-05
5500,5,balanced,40dB,4,2.475162608522182e-06,2.1025115041126783e-06,0.0471521082915706,0.047142246697254,9.483008371258168e-05
5500,5,balanced,40dB,5,3.6364260464298576e-06,2.6131573726553072e-06,0.0469621230376257,0.047142246697254,9.65351097588877e-05
5500,5,balanced,40dB,6,2.7689748153396635e-06,3.774498744605728e-06,0.0470285463519723,0.047142246697254,9.595219509311003e-05
5500,5,balanced,40dB,7,2.712331459957306e-06,2.057348841377584e-06,0.0473317324964691,0.047142246697254,9.380338050624858e-05
5500,8,legacy,clean,0,5.403883354786546e-16,1.117915237734633e-16,0.0471422457898182,0.047142246697254,7.404103804154604e-16
5500,8,legacy,60dB,0,7.8723252386049e-08,8.45675273610196e-08,0.0471517051084924,0.047142246697254,8.181327707058463e-07
5500,8,legacy,60dB,1,1.0163219278066117e-07,8.952259058445703e-08,0.0471361331883928,0.047142246697254,7.802997381980733e-07
5500,8,legacy,60dB,2,7.20029066999598e-08,8.02814698509261e-08,0.0471231861931622,0.047142246697254,8.068555635447033e-07
5500,8,legacy,60dB,3,7.269464896619065e-08,8.7239410331752e-08,0.0471463452743038,0.047142246697254,8.130742299711916e-07
5500,8,legacy,60dB,4,7.820942106190735e-08,8.435555548001294e-08,0.0471325511861197,0.047142246697254,8.488136156689194e-07
5500,8,legacy,60dB,5,7.799169871617094e-08,8.472843634812896e-08,0.0471359180629858,0.047142246697254,8.675821049851279e-07
5500,8,legacy,60dB,6,9.404160328246086e-08,1.043519186738455e-07,0.0471340421024746,0.047142246697254,8.576663050783759e-07
5500,8,legacy,60dB,7,7.038852728167718e-08,1.128566057149791e-07,0.047146863157775,0.047142246697254,8.207395062469117e-07
5500,8,legacy,40dB,0,7.872361874755795e-06,8.456715727396468e-06,0.0472439241059165,0.047142246697254,8.181334619513241e-05
5500,8,legacy,40dB,1,1.0163127741470782e-05,8.95234322478713e-06,0.0470902665813829,0.047142246697254,7.803002684402826e-05
5500,8,legacy,40dB,2,7.200183776454947e-06,8.028098613384833e-06,0.0469581299779728,0.047142246697254,8.068551312424754e-05
5500,8,legacy,40dB,3,7.269469676899245e-06,8.723903253403024e-06,0.0471897831578673,0.047142246697254,8.13072606270998e-05
5500,8,legacy,40dB,4,7.82100035978341e-06,8.435543369830399e-06,0.0470523386589883,0.047142246697254,8.488150104587916e-05
5500,8,legacy,40dB,5,7.799205117408841e-06,8.472779124192393e-06,0.047085987809629,0.047142246697254,8.675824600017262e-05
5500,8,legacy,40dB,6,9.40407901035078e-06,1.043516124691068e-05,0.0470686725793658,0.047142246697254,8.576661143959986e-05
5500,8,legacy,40dB,7,7.038938379056497e-06,1.128577924222379e-05,0.047194754522499,0.047142246697254,8.207394330206446e-05
5500,8,balanced,clean,0,4.618389898432126e-16,1.2100401542796763e-16,0.0471422462342339,0.047142246697254,8.799417617481228e-16
5500,8,balanced,60dB,0,7.67032552822884e-08,7.708951869433699e-08,0.0471574359879024,0.047142246697254,8.295640457085644e-07
5500,8,balanced,60dB,1,5.984656314177829e-08,6.631058575029106e-08,0.0471482621440908,0.047142246697254,8.198391087042355e-07
5500,8,balanced,60dB,2,6.68299398144239e-08,5.108872071457346e-08,0.0471410810990418,0.047142246697254,8.150254700182664e-07
5500,8,balanced,60dB,3,7.134422716300782e-08,7.06297057653686e-08,0.0471473723247446,0.047142246697254,8.217730320837543e-07
5500,8,balanced,60dB,4,6.68189532547916e-08,6.488810311810463e-08,0.0471420637792468,0.047142246697254,8.53525091207072e-07
5500,8,balanced,60dB,5,8.352539608754564e-08,8.485504398674728e-08,0.0471243630580308,0.047142246697254,8.682772697399936e-07
5500,8,balanced,60dB,6,7.075860977962661e-08,1.0184658862761995e-07,0.0471314291349533,0.047142246697254,8.472751138089279e-07
5500,8,balanced,60dB,7,7.485511473261115e-08,7.834588417642408e-08,0.0471631600769096,0.047142246697254,8.348987844156193e-07
5500,8,balanced,40dB,0,7.670232520594168e-06,7.708956410636983e-06,0.0473010469708921,0.047142246697254,8.29563427909798e-05
5500,8,balanced,40dB,1,5.984634902956422e-06,6.631079737374069e-06,0.0472077915020792,0.047142246697254,8.198385855009494e-05
5500,8,balanced,40dB,2,6.682952184245533e-06,5.10897172217526e-06,0.0471366095351047,0.047142246697254,8.150271525742208e-05
5500,8,balanced,40dB,3,7.134411391617943e-06,7.063033580585176e-06,0.0471999281084662,0.047142246697254,8.217716734658088e-05
5500,8,balanced,40dB,4,6.681924061664216e-06,6.4887438154545725e-06,0.0471464354188976,0.047142246697254,8.535240257072156e-05
5500,8,balanced,40dB,5,8.35259526470621e-06,8.485656434837976e-06,0.0469709318135116,0.047142246697254,8.682746271370419e-05
5500,8,balanced,40dB,6,7.075839252498878e-06,1.0184612756903688e-05,0.0470404434945881,0.047142246697254,8.472750964353087e-05
5500,8,balanced,40dB,7,7.4854167425424224e-06,7.83443171948795e-06,0.0473581215265917,0.047142246697254,8.349002876905887e-05
5500,12,legacy,clean,0,2.707260763443216e-25,1.3957417501801538e-25,0.047142246697253,0.047142246697254,1.7031413762393351e-25
5500,12,legacy,60dB,0,1.9271694451848546e-07,1.539049882041666e-07,0.0471481806377589,0.047142246697254,6.467421210107467e-07
5500,12,legacy,60dB,1,2.403517744886193e-07,2.0525675052255746e-07,0.0471470451269435,0.047142246697254,6.112225073394352e-07
5500,12,legacy,60dB,2,1.8401938151534478e-07,1.751092294488971e-07,0.0471165755475902,0.047142246697254,6.450131021327513e-07
5500,12,legacy,60dB,3,2.1308347266795906e-07,2.1395128021216322e-07,0.047162900957168,0.047142246697254,6.320594251599281e-07
5500,12,legacy,60dB,4,1.971351132223442e-07,1.763255024438502e-07,0.047139854451244,0.047142246697254,6.630154884259547e-07
5500,12,legacy,60dB,5,2.2370769577654658e-07,1.92128562067813e-07,0.0471310170991081,0.047142246697254,6.689379249410121e-07
5500,12,legacy,60dB,6,2.2624584696725005e-07,2.0188008214973683e-07,0.0471338999469344,0.047142246697254,6.809976064785348e-07
5500,12,legacy,60dB,7,1.9528364526630245e-07,2.030223805756623e-07,0.0471507078714011,0.047142246697254,6.60266555690056e-07
5500,12,legacy,40dB,0,1.92716944559068e-05,1.5390498820234145e-05,0.0472189306273234,0.047142246697254,6.46742121004878e-05
5500,12,legacy,40dB,1,2.403517744660187e-05,2.05256750539401e-05,0.0472118626538604,0.047142246697254,6.112225073537654e-05
5500,12,legacy,40dB,2,1.8401938155766176e-05,1.751092294880953e-05,0.0469020969449668,0.047142246697254,6.450131021209226e-05
5500,12,legacy,40dB,3,2.1308347265192476e-05,2.1395128023101758e-05,0.047367966808942,0.047142246697254,6.320594251722874e-05
5500,12,legacy,40dB,4,1.971351132136773e-05,1.7632550244338384e-05,0.0471360663973522,0.047142246697254,6.630154884339956e-05
5500,12,legacy,40dB,5,2.2370769572769908e-05,1.921285620199736e-05,0.0470500844084198,0.047142246697254,6.68937924931069e-05
5500,12,legacy,40dB,6,2.26245846992818e-05,2.0188008218435197e-05,0.0470791413202972,0.047142246697254,6.809976064823725e-05
5500,12,legacy,40dB,7,1.952836452056324e-05,2.0302238053990684e-05,0.0472444339668023,0.047142246697254,6.602665557281913e-05
5500,12,balanced,clean,0,2.636044584004878e-25,1.800163767358278e-25,0.0471422466972755,0.047142246697254,1.802902790106391e-25
5500,12,balanced,60dB,0,1.4756034291028977e-07,1.427076437050359e-07,0.047155605164682,0.047142246697254,6.681974240701168e-07
5500,12,balanced,60dB,1,1.802558441926463e-07,1.534988604915079e-07,0.0471535031935492,0.047142246697254,6.201719097932263e-07
5500,12,balanced,60dB,2,1.9292537400077357e-07,1.6222691553281337e-07,0.0471393427461096,0.047142246697254,6.335896692759423e-07
5500,12,balanced,60dB,3,1.8634338430930745e-07,1.7061458279707769e-07,0.0471475128164631,0.047142246697254,6.243810271007998e-07
5500,12,balanced,60dB,4,1.885497563974949e-07,1.570314572286658e-07,0.0471512564216792,0.047142246697254,6.720355364209648e-07
5500,12,balanced,60dB,5,1.8942195603023327e-07,1.8921171788187328e-07,0.0471224794084772,0.047142246697254,6.777312861651086e-07
5500,12,balanced,60dB,6,1.536720839464687e-07,1.642747128113031e-07,0.047133459720148,0.047142246697254,6.799793378006932e-07
5500,12,balanced,60dB,7,2.0228133917560147e-07,1.8757084711991218e-07,0.0471617967578704,0.047142246697254,6.378272162693108e-07
5500,12,balanced,40dB,0,1.4756034292648244e-05,1.4270764369576291e-05,0.0472891118022054,0.047142246697254,6.681974240464041e-05
5500,12,balanced,40dB,1,1.802558441779174e-05,1.5349886045247004e-05,0.0472710346859867,0.047142246697254,6.20171909804124e-05
5500,12,balanced,40dB,2,1.9292537408072037e-05,1.622269156111413e-05,0.0471305704692842,0.047142246697254,6.335896692676644e-05
5500,12,balanced,40dB,3,1.8634338434502667e-05,1.7061458286187775e-05,0.047211678793742,0.047142246697254,6.243810271236837e-05
5500,12,balanced,40dB,4,1.885497563425475e-05,1.5703145718150415e-05,0.0472493134193826,0.047142246697254,6.720355364320275e-05
5500,12,balanced,40dB,5,1.8942195608332763e-05,1.892117178790986e-05,0.0469616217853396,0.047142246697254,6.777312861394121e-05
5500,12,balanced,40dB,6,1.5367208396592548e-05,1.6427471281933425e-05,0.0470682074135559,0.047142246697254,6.799793377957219e-05
5500,12,balanced,40dB,7,2.022813391914377e-05,1.8757084717664843e-05,0.0473559526237515,0.047142246697254,6.378272162749987e-05
5750,5,legacy,clean,0,6.378143615920555e-11,9.178767701139324e-12,0.0457128187448519,0.0457127829532208,1.3246034577342203e-10
5750,5,legacy,60dB,0,3.6264972874930194e-08,3.1666941258116846e-08,0.0457072271130689,0.0457127829532208,9.29415693300447e-07
5750,5,legacy,60dB,1,2.6261618309667382e-08,3.2822427912024794e-08,0.045705312819001,0.0457127829532208,9.23178012370933e-07
5750,5,legacy,60dB,2,3.0552601692136976e-08,2.7662623465852242e-08,0.0456987536109225,0.0457127829532208,8.974220240324723e-07
5750,5,legacy,60dB,3,2.507034310942149e-08,4.0219904413048954e-08,0.0457231422209633,0.0457127829532208,9.257747979443e-07
5750,5,legacy,60dB,4,3.5714858053056146e-08,3.255793229390726e-08,0.0457285729317908,0.0457127829532208,9.031859416538116e-07
5750,5,legacy,60dB,5,2.9118668658361372e-08,2.680986970685065e-08,0.0457058524871701,0.0457127829532208,8.708470366776115e-07
5750,5,legacy,60dB,6,2.5320100948264684e-08,2.900680418483796e-08,0.0457211058671772,0.0457127829532208,9.525239087495418e-07
5750,5,legacy,60dB,7,2.9696114598002812e-08,4.246596463107736e-08,0.0457236523615981,0.0457127829532208,9.56314797681973e-07
5750,5,legacy,40dB,0,3.6180267187736016e-06,3.163066554813588e-06,0.0456601583780456,0.0457127829532208,9.293642003021623e-05
5750,5,legacy,40dB,1,2.609913456513653e-06,3.280544429410108e-06,0.04564010735765,0.0457127829532208,9.23503333495697e-05
5750,5,legacy,40dB,2,3.0335934348090416e-06,2.766688608209684e-06,0.0455748960470089,0.0457127829532208,8.980784549285294e-05
5750,5,legacy,40dB,3,2.4820992612816466e-06,4.002457071876015e-06,0.0458182854758298,0.0457127829532208,9.257031425545504e-05
5750,5,legacy,40dB,4,3.5655276636822724e-06,3.250131530559432e-06,0.0458735695673584,0.0457127829532208,9.029030331561638e-05
5750,5,legacy,40dB,5,2.893309662066377e-06,2.6629647292896107e-06,0.0456457588650421,0.0457127829532208,8.710933438427992e-05
5750,5,legacy,40dB,6,2.5342503513493566e-06,2.90549385674505e-06,0.0457979715914799,0.0457127829532208,9.52665660864746e-05
5750,5,legacy,40dB,7,2.9646004275423937e-06,4.255249918047953e-06,0.0458238231256295,0.0457127829532208,9.568726352397922e-05
5750,5,balanced,clean,0,6.056573001062823e-11,4.037239189680236e-12,0.0457128421303907,0.0457127829532208,1.5640860240259549e-10
5750,5,balanced,60dB,0,3.1504553534390303e-08,3.7237000361305614e-08,0.0457201147084931,0.0457127829532208,9.36637990347702e-07
5750,5,balanced,60dB,1,2.640216072987143e-08,2.432638058082628e-08,0.0457168424748411,0.0457127829532208,9.218821934144836e-07
5750,5,balanced,60dB,2,2.3793886295888892e-08,2.5699661436077664e-08,0.0457191308807954,0.0457127829532208,9.03638641956471e-07
5750,5,balanced,60dB,3,2.7743006421839296e-08,2.894716757653373e-08,0.045714863134483,0.0457127829532208,9.242030955381028e-07
5750,5,balanced,60dB,4,2.8750166316530464e-08,3.0981552819691473e-08,0.045721773087503,0.0457127829532208,9.005755332664242e-07
5750,5,balanced,60dB,5,3.0126154979142635e-08,3.1897954235281365e-08,0.0457033783663876,0.0457127829532208,8.556543156459373e-07
5750,5,balanced,60dB,6,2.8142462123401173e-08,2.6621293134595724e-08,0.0457164801448347,0.0457127829532208,9.521528714127448e-07
5750,5,balanced,60dB,7,2.819306311006312e-08,2.847027747333565e-08,0.0457133767163114,0.0457127829532208,9.567008743061847e-07
5750,5,balanced,40dB,0,3.1263516446682143e-06,3.716098883167501e-06,0.0457883797626145,0.0457127829532208,9.367327768531183e-05
5750,5,balanced,40dB,1,2.632803817966675e-06,2.4285844345676323e-06,0.0457552149021972,0.0457127829532208,9.215910571668548e-05
5750,5,balanced,40dB,2,2.38509294806258e-06,2.5888896022847298e-06,0.0457778773336151,0.0457127829532208,9.041478822900746e-05
5750,5,balanced,40dB,3,2.771687958926088e-06,2.894365555254661e-06,0.0457355469742993,0.0457127829532208,9.235767660255812e-05
5750,5,balanced,40dB,4,2.864095703068133e-06,3.087635848450856e-06,0.0458047288406458,0.0457127829532208,9.007422963854026e-05
5750,5,balanced,40dB,5,3.0237408505902084e-06,3.206996044211856e-06,0.0456209275147511,0.0457127829532208,8.551885120983483e-05
5750,5,balanced,40dB,6,2.8105608975479123e-06,2.67124604194286e-06,0.0457517519561985,0.0457127829532208,9.513956950912952e-05
5750,5,balanced,40dB,7,2.816891033950309e-06,2.8464538299712074e-06,0.0457207234950913,0.0457127829532208,9.55842510856999e-05
5750,8,legacy,clean,0,9.408593214172923e-16,3.957655310279285e-16,0.045712782597472,0.0457127829532208,1.4957642587035597e-15
5750,8,legacy,60dB,0,5.818465491229669e-08,6.1694937323003e-08,0.0457064992800314,0.0457127829532208,8.62502497141057e-07
5750,8,legacy,60dB,1,7.186496755721946e-08,8.160918849565098e-08,0.0457072677610534,0.0457127829532208,8.428608674159517e-07
5750,8,legacy,60dB,2,8.015865792370255e-08,7.574191434152286e-08,0.0456985897163865,0.0457127829532208,8.078398299622584e-07
5750,8,legacy,60dB,3,7.368773437748091e-08,9.080804385641996e-08,0.0457267195994668,0.0457127829532208,8.323820002414593e-07
5750,8,legacy,60dB,4,7.864310258967732e-08,8.010178061150434e-08,0.0457242400191366,0.0457127829532208,8.129528739502696e-07
5750,8,legacy,60dB,5,8.008682545187259e-08,7.382725020133058e-08,0.0457053338041106,0.0457127829532208,7.868339818703918e-07
5750,8,legacy,60dB,6,6.177871283778659e-08,7.048028474679118e-08,0.0457202531856879,0.0457127829532208,8.68133019838541e-07
5750,8,legacy,60dB,7,8.913887201872644e-08,1.0458087240746685e-07,0.0457246509910382,0.0457127829532208,8.546237069823143e-07
5750,8,legacy,40dB,0,5.818488391411978e-06,6.16949066080857e-06,0.0456551860649147,0.0457127829532208,8.625016501612335e-05
5750,8,legacy,40dB,1,7.186438033165234e-06,8.160929959423199e-06,0.045664102021651,0.0457127829532208,8.428605158640894e-05
5750,8,legacy,40dB,2,8.015754282069845e-06,7.574225663589384e-06,0.0455780679543273,0.0457127829532208,8.078389952770982e-05
5750,8,legacy,40dB,3,7.368721674205136e-06,9.08070654272587e-06,0.0458587844617581,0.0457127829532208,8.323811438557101e-05
5750,8,legacy,40dB,4,7.864307682789697e-06,8.0102571007329e-06,0.0458344346907818,0.0457127829532208,8.129540317164027e-05
5750,8,legacy,40dB,5,8.008558726739391e-06,7.3825061426469135e-06,0.0456455023543381,0.0457127829532208,7.868335072490008e-05
5750,8,legacy,40dB,6,6.177886174760962e-06,7.048019888315878e-06,0.0457930485786856,0.0457127829532208,8.681332923106454e-05
5750,8,legacy,40dB,7,8.914008652155118e-06,1.0458190494870658e-05,0.045839489153073,0.0457127829532208,8.546208402087469e-05
5750,8,balanced,clean,0,9.442219578736884e-16,2.471145154360273e-16,0.0457127830449512,0.0457127829532208,1.745904361088552e-15
5750,8,balanced,60dB,0,6.62728176608754e-08,8.147465949711232e-08,0.0457205054367503,0.0457127829532208,8.426167897928548e-07
5750,8,balanced,60dB,1,6.731503418429476e-08,6.605625983785346e-08,0.0457198215837472,0.0457127829532208,8.330555606161109e-07
5750,8,balanced,60dB,2,6.930181770555755e-08,6.90718929598449e-08,0.0457175604793021,0.0457127829532208,8.044799983069326e-07
5750,8,balanced,60dB,3,6.262202946491803e-08,6.651244726658881e-08,0.045719641064046,0.0457127829532208,8.428132938340165e-07
5750,8,balanced,60dB,4,6.681462230261239e-08,7.201069402978869e-08,0.0457221950080018,0.0457127829532208,8.066765942260536e-07
5750,8,balanced,60dB,5,6.84924006285562e-08,6.910868884161504e-08,0.0457094460261904,0.0457127829532208,7.746159022966389e-07
5750,8,balanced,60dB,6,7.225452922005788e-08,6.859565783710307e-08,0.0457152897508094,0.0457127829532208,8.484729691960807e-07
5750,8,balanced,60dB,7,6.719841303020278e-08,7.14158864916279e-08,0.0457153110145407,0.0457127829532208,8.706787511518177e-07
5750,8,balanced,40dB,0,6.627335578859022e-06,8.147495721840269e-06,0.0457959715703506,0.0457127829532208,8.426195872682524e-05
5750,8,balanced,40dB,1,6.731641684016926e-06,6.605845082176831e-06,0.0457892269242624,0.0457127829532208,8.330544985747437e-05
5750,8,balanced,40dB,2,6.930174738387033e-06,6.907156601955346e-06,0.0457667945450311,0.0457127829532208,8.044796724314937e-05
5750,8,balanced,40dB,3,6.262171721240105e-06,6.651191960036279e-06,0.0457869991873334,0.0457127829532208,8.428134357318347e-05
5750,8,balanced,40dB,4,6.681398416673568e-06,7.201038930155327e-06,0.0458129159276584,0.0457127829532208,8.066774410723315e-05
5750,8,balanced,40dB,5,6.849260458191992e-06,6.910913185698967e-06,0.0456855771938038,0.0457127829532208,7.746129956078228e-05
5750,8,balanced,40dB,6,7.225373227738534e-06,6.859601772439435e-06,0.0457443529314765,0.0457127829532208,8.484723019611366e-05
5750,8,balanced,40dB,7,6.719771467072077e-06,7.1415635607288e-06,0.0457441105281915,0.0457127829532208,8.70681057141529e-05
5750,12,legacy,clean,0,7.035947310291271e-25,5.522379542626435e-25,0.0457127829532431,0.0457127829532208,4.849650515614629e-25
5750,12,legacy,60dB,0,2.0806660496751002e-07,1.991050441169973e-07,0.0457146021180521,0.0457127829532208,6.804846601411442e-07
5750,12,legacy,60dB,1,2.1944128922137646e-07,2.365736543558488e-07,0.0457028805323673,0.0457127829532208,6.497745181676454e-07
5750,12,legacy,60dB,2,2.209920122125374e-07,2.413846126240837e-07,0.0456997924047139,0.0457127829532208,6.159785812197926e-07
5750,12,legacy,60dB,3,2.1066277455028402e-07,2.1468396992941178e-07,0.0457239645808783,0.0457127829532208,6.555017560486413e-07
5750,12,legacy,60dB,4,1.7667404115146897e-07,1.863128416352529e-07,0.045724540829637,0.0457127829532208,6.500971601092088e-07
5750,12,legacy,60dB,5,2.1132518143108497e-07,2.382073236442742e-07,0.0456952425791069,0.0457127829532208,6.075544170889104e-07
5750,12,legacy,60dB,6,1.905580315887759e-07,2.1853672307979738e-07,0.0457071576441965,0.0457127829532208,7.065098521655027e-07
5750,12,legacy,60dB,7,2.1871074729284813e-07,2.684972296775109e-07,0.0457197493380676,0.0457127829532208,6.72564656640178e-07
5750,12,legacy,40dB,0,2.080666050552605e-05,1.991050441639653e-05,0.0457497005957879,0.0457127829532208,6.804846601561033e-05
5750,12,legacy,40dB,1,2.1944128925804628e-05,2.365736544045619e-05,0.0456335084605164,0.0457127829532208,6.497745181689982e-05
5750,12,legacy,40dB,2,2.209920122640158e-05,2.41384612697052e-05,0.0456027667490551,0.0457127829532208,6.159785812203536e-05
5750,12,legacy,40dB,3,2.106627745495464e-05,2.146839698939014e-05,0.0458435588793028,0.0457127829532208,6.555017560661877e-05
5750,12,legacy,40dB,4,1.7667404117899292e-05,1.86312841660057e-05,0.0458462623808876,0.0457127829532208,6.500971600702394e-05
5750,12,legacy,40dB,5,2.11325181484705e-05,2.382073237534733e-05,0.0455563984782137,0.0457127829532208,6.0755441706829895e-05
5750,12,legacy,40dB,6,1.9055803151887708e-05,2.1853672304282973e-05,0.0456736800856119,0.0457127829532208,7.065098521803604e-05
5750,12,legacy,40dB,7,2.187107472678743e-05,2.6849722965186395e-05,0.0458021307687412,0.0457127829532208,6.725646566479857e-05
5750,12,balanced,clean,0,7.659012463413055e-25,4.971314080416265e-25,0.0457127829532205,0.0457127829532208,5.115324736687616e-25
5750,12,balanced,60dB,0,1.8775602939934922e-07,1.7889389946274576e-07,0.0457248289794094,0.0457127829532208,6.582674817666042e-07
5750,12,balanced,60dB,1,2.0003118633349989e-07,1.9816537365978065e-07,0.0457166483648663,0.0457127829532208,6.360612391048668e-07
5750,12,balanced,60dB,2,1.602678545708283e-07,1.6224934646933534e-07,0.0457110925326744,0.0457127829532208,6.235269501782105e-07
5750,12,balanced,60dB,3,1.53435276527989e-07,1.4540092226063207e-07,0.0457216192998469,0.0457127829532208,6.736552433782025e-07
5750,12,balanced,60dB,4,1.8027145520213173e-07,2.1057380149680778e-07,0.0457144885328948,0.0457127829532208,6.433326968056124e-07
5750,12,balanced,60dB,5,1.5075736639715025e-07,1.5589061059758001e-07,0.0457013115784374,0.0457127829532208,6.16819734980113e-07
5750,12,balanced,60dB,6,1.7407852799440245e-07,1.5937791273567896e-07,0.0457116483145859,0.0457127829532208,6.746719422620302e-07
5750,12,balanced,60dB,7,1.637466217612519e-07,1.821299862987305e-07,0.0457196195797405,0.0457127829532208,6.830223495071738e-07
5750,12,balanced,40dB,0,1.8775602934219067e-05,1.7889389950240017e-05,0.0458501412577506,0.0457127829532208,6.582674817542572e-05
5750,12,balanced,40dB,1,2.000311862373843e-05,1.9816537355356448e-05,0.04576943987644,0.0457127829532208,6.360612391183946e-05
5750,12,balanced,40dB,2,1.6026785455049453e-05,1.6224934647871995e-05,0.0457103028546679,0.0457127829532208,6.235269501659949e-05
5750,12,balanced,40dB,3,1.534352765933571e-05,1.454009222956372e-05,0.0458149555943795,0.0457127829532208,6.736552433598234e-05
5750,12,balanced,40dB,4,1.8027145530199093e-05,2.105738016453445e-05,0.0457460631809416,0.0457127829532208,6.433326968181743e-05
5750,12,balanced,40dB,5,1.5075736637455257e-05,1.5589061052943167e-05,0.0456116373683623,0.0457127829532208,6.168197349604806e-05
5750,12,balanced,40dB,6,1.7407852805886538e-05,1.5937791281193973e-05,0.0457171036343996,0.0457127829532208,6.746719422364346e-05
5750,12,balanced,40dB,7,1.6374662172983298e-05,1.821299862383264e-05,0.0457958864143758,0.0457127829532208,6.830223494842296e-05
6000,5,legacy,clean,0,1.0927853924902475e-10,1.8072275327103584e-11,0.0442714374464468,0.0442715439131759,2.181828204840883e-10
6000,5,legacy,60dB,0,3.53635578217063e-08,3.4972370219064216e-08,0.0442718570450502,0.0442715439131759,9.046369550590022e-07
6000,5,legacy,60dB,1,3.48134172420158e-08,3.304233875351211e-08,0.0442730281948182,0.0442715439131759,9.417566707907892e-07
6000,5,legacy,60dB,2,2.5169301385538585e-08,2.388414929471284e-08,0.0442765784833792,0.0442715439131759,9.036394061686034e-07
6000,5,legacy,60dB,3,3.462313976689602e-08,2.8776640297714013e-08,0.0442758817151227,0.0442715439131759,8.972346533716704e-07
6000,5,legacy,60dB,4,3.0041472604607984e-08,3.10206787312205e-08,0.0442597967577925,0.0442715439131759,9.564805313372858e-07
6000,5,legacy,60dB,5,2.5463572879282183e-08,2.8429326824337825e-08,0.0442708478534031,0.0442715439131759,9.653481980007812e-07
6000,5,legacy,60dB,6,2.5902546969803333e-08,3.55281530305224e-08,0.0442673253974141,0.0442715439131759,9.618174020086652e-07
6000,5,legacy,60dB,7,3.56988706317076e-08,3.99309244140465e-08,0.0442645831757586,0.0442715439131759,9.143324745578416e-07
6000,5,legacy,40dB,0,3.526193243774438e-06,3.500743433294332e-06,0.0442788069736528,0.0442715439131759,9.035048595294223e-05
6000,5,legacy,40dB,1,3.4967343574068853e-06,3.2997804075387e-06,0.0442904945138527,0.0442715439131759,9.413338004141648e-05
6000,5,legacy,40dB,2,2.4961553658851995e-06,2.380869155432157e-06,0.0443250932616295,0.0442715439131759,9.032069340005468e-05
6000,5,legacy,40dB,3,3.4387325244122544e-06,2.8749301722760696e-06,0.0443189736178396,0.0442715439131759,8.967787019436673e-05
6000,5,legacy,40dB,4,3.0012820514652377e-06,3.101842452208925e-06,0.044157732410736,0.0442715439131759,9.557860407238684e-05
6000,5,legacy,40dB,5,2.5176092957426177e-06,2.813175915460597e-06,0.0442678054730843,0.0442715439131759,9.652272514698004e-05
6000,5,legacy,40dB,6,2.5832130280067923e-06,3.535598474172996e-06,0.0442326421271851,0.0442715439131759,9.615385628251112e-05
6000,5,legacy,40dB,7,3.545354168117859e-06,3.978091945003428e-06,0.044206084088533,0.0442715439131759,9.14327354726702e-05
6000,5,balanced,clean,0,9.988368197281608e-11,7.625114749563146e-12,0.0442715524757693,0.0442715439131759,2.565508408349427e-10
6000,5,balanced,60dB,0,2.811932965031825e-08,3.315887163882454e-08,0.0442612467335821,0.0442715439131759,8.916027270974853e-07
6000,5,balanced,60dB,1,2.1193544564864003e-08,2.900129258737252e-08,0.0442810495919484,0.0442715439131759,9.43214393476195e-07
6000,5,balanced,60dB,2,2.3479878439908077e-08,2.8547243044286312e-08,0.0442756973130331,0.0442715439131759,9.008450429513548e-07
6000,5,balanced,60dB,3,3.049582308423277e-08,3.1776611570345955e-08,0.0442709833165095,0.0442715439131759,8.936208928463811e-07
6000,5,balanced,60dB,4,2.638172331367716e-08,2.8989200349914482e-08,0.0442748435044674,0.0442715439131759,9.446910428343606e-07
6000,5,balanced,60dB,5,2.7637354617549304e-08,2.7463183249767032e-08,0.0442694077424015,0.0442715439131759,9.487265825664714e-07
6000,5,balanced,60dB,6,3.041543755978789e-08,3.4582701785397675e-08,0.044261177022074,0.0442715439131759,9.60264557881044e-07
6000,5,balanced,60dB,7,3.4559358074508506e-08,3.096147994398298e-08,0.0442742392556443,0.0442715439131759,9.10620294776797e-07
6000,5,balanced,40dB,0,2.791589571786781e-06,3.3203025772510327e-06,0.044171006349126,0.0442715439131759,8.910240501168313e-05
6000,5,balanced,40dB,1,2.098653478142329e-06,2.8848163725030397e-06,0.0443684112545451,0.0442715439131759,9.433865918727953e-05
6000,5,balanced,40dB,2,2.343004888199637e-06,2.8441143100985e-06,0.044315109953465,0.0442715439131759,8.995244007659902e-05
6000,5,balanced,40dB,3,3.040442172044489e-06,3.186242394332182e-06,0.0442685972660648,0.0442715439131759,8.942849985445238e-05
6000,5,balanced,40dB,4,2.623949924566566e-06,2.896289238707257e-06,0.044306823794395,0.0442715439131759,9.450607576792733e-05
6000,5,balanced,40dB,5,2.7506058233136483e-06,2.745727804986544e-06,0.0442525802733223,0.0442715439131759,9.487482114623384e-05
6000,5,balanced,40dB,6,3.0331724054456573e-06,3.457557887500972e-06,0.0441705278557994,0.0442715439131759,9.612525032999976e-05
6000,5,balanced,40dB,7,3.4411015998306208e-06,3.100726720608124e-06,0.0443015166814928,0.0442715439131759,9.113557090750453e-05
6000,8,legacy,clean,0,1.8639466331433962e-15,7.654120085653013e-16,0.0442715448974786,0.0442715439131759,2.930571078886086e-15
6000,8,legacy,60dB,0,8.010361470348392e-08,6.213104109092784e-08,0.0442739197973762,0.0442715439131759,8.038081932761367e-07
6000,8,legacy,60dB,1,7.719115243612943e-08,7.491665450857152e-08,0.0442710667838173,0.0442715439131759,8.506514683899839e-07
6000,8,legacy,60dB,2,7.442068572533284e-08,5.892753983024575e-08,0.0442767034928406,0.0442715439131759,8.119422919541445e-07
6000,8,legacy,60dB,3,7.953622707390641e-08,5.146869268960484e-08,0.0442732919842007,0.0442715439131759,8.026936938467796e-07
6000,8,legacy,60dB,4,7.437075163273072e-08,6.287161293324885e-08,0.0442674618349548,0.0442715439131759,8.589946101998911e-07
6000,8,legacy,60dB,5,7.523957053814309e-08,7.561471289043168e-08,0.0442674688865335,0.0442715439131759,8.648222880404626e-07
6000,8,legacy,60dB,6,6.27048099355428e-08,6.166198637633015e-08,0.0442686487158692,0.0442715439131759,8.92328364765752e-07
6000,8,legacy,60dB,7,8.036525354915353e-08,6.80962804517232e-08,0.0442643955863194,0.0442715439131759,8.229256537689824e-07
6000,8,legacy,40dB,0,8.010462389492183e-06,6.213039635263277e-06,0.0443025033227143,0.0442715439131759,8.038068145084409e-05
6000,8,legacy,40dB,1,7.718972779626794e-06,7.49138922763188e-06,0.0442737108221373,0.0442715439131759,8.506517874277727e-05
6000,8,legacy,40dB,2,7.442108165292646e-06,5.892651558500007e-06,0.0443298287524238,0.0442715439131759,8.119440206940252e-05
6000,8,legacy,40dB,3,7.953407568848413e-06,5.1464795845069545e-06,0.0442961738100154,0.0442715439131759,8.026886148437837e-05
6000,8,legacy,40dB,4,7.437215598317771e-06,6.287395821976753e-06,0.0442374077803395,0.0442715439131759,8.58992404634853e-05
6000,8,legacy,40dB,5,7.5240745729782275e-06,7.561866427363512e-06,0.0442375564669126,0.0442715439131759,8.648207347747296e-05
6000,8,legacy,40dB,6,6.27073674839928e-06,6.166462974842067e-06,0.0442482267700513,0.0442715439131759,8.923313762146543e-05
6000,8,legacy,40dB,7,8.036699363959515e-06,6.809637997631599e-06,0.0442072848327321,0.0442715439131759,8.229268130431997e-05
6000,8,balanced,clean,0,1.8915585619182224e-15,5.096777028399322e-16,0.0442715448645867,0.0442715439131759,3.371290734812638e-15
6000,8,balanced,60dB,0,5.7962858470405235e-08,5.434226514005082e-08,0.044262452219085,0.0442715439131759,8.137516991104401e-07
6000,8,balanced,60dB,1,6.744526258471128e-08,5.8633228764130576e-08,0.0442803955235718,0.0442715439131759,8.399247430212098e-07
6000,8,balanced,60dB,2,6.647171713753657e-08,5.5029421560443473e-08,0.044277430804916,0.0442715439131759,8.047063098834822e-07
6000,8,balanced,60dB,3,5.735913376272596e-08,5.5866536720183984e-08,0.0442717130850573,0.0442715439131759,8.132183479087341e-07
6000,8,balanced,60dB,4,7.128397008197553e-08,5.8429413875735945e-08,0.0442780325754132,0.0442715439131759,8.423688660914623e-07
6000,8,balanced,60dB,5,6.890541430516322e-08,6.138081791958227e-08,0.0442689565725362,0.0442715439131759,8.508256789655222e-07
6000,8,balanced,60dB,6,7.9490536428397e-08,5.7378563025275824e-08,0.0442602016771437,0.0442715439131759,8.39312338903031e-07
6000,8,balanced,60dB,7,7.704984101606744e-08,6.4498626293606e-08,0.044274432220538,0.0442715439131759,8.21123571870351e-07
6000,8,balanced,40dB,0,5.796226708213842e-06,5.434068734089765e-06,0.0441858350077099,0.0442715439131759,8.137501633926425e-05
6000,8,balanced,40dB,1,6.744525787614337e-06,5.863319493298365e-06,0.044366121527617,0.0442715439131759,8.399239798347524e-05
6000,8,balanced,40dB,2,6.647263489422859e-06,5.5030942579773055e-06,0.0443363868142147,0.0442715439131759,8.047053155741959e-05
6000,8,balanced,40dB,3,5.735968769707912e-06,5.58663639142765e-06,0.0442783894467426,0.0442715439131759,8.132186325993369e-05
6000,8,balanced,40dB,4,7.12839483876064e-06,5.842975073515737e-06,0.0443428375280065,0.0442715439131759,8.423678851343888e-05
6000,8,balanced,40dB,5,6.890496296179488e-06,6.138251605164767e-06,0.0442518633862517,0.0442715439131759,8.508271737530342e-05
6000,8,balanced,40dB,6,7.948961889468749e-06,5.737867762936687e-06,0.0441652670466977,0.0442715439131759,8.393137026321483e-05
6000,8,balanced,40dB,7,7.705139584005692e-06,6.449886601004113e-06,0.04430735306529,0.0442715439131759,8.211208942384604e-05
6000,12,legacy,clean,0,1.82530580732424e-24,1.7389885012673272e-24,0.0442715439131558,0.0442715439131759,1.3293797125347934e-24
6000,12,legacy,60dB,0,2.502445090134366e-07,2.247291434510755e-07,0.0442668634900453,0.0442715439131759,6.067696124457035e-07
6000,12,legacy,60dB,1,2.224226023965075e-07,2.3144737550909613e-07,0.0442754587626024,0.0442715439131759,6.608892656793542e-07
6000,12,legacy,60dB,2,1.900062010330918e-07,1.9461041986216477e-07,0.0442732229308797,0.0442715439131759,6.272391461812982e-07
6000,12,legacy,60dB,3,1.8943774271333078e-07,1.7320390574093248e-07,0.0442689552530775,0.0442715439131759,6.41271286324961e-07
6000,12,legacy,60dB,4,2.579290758804977e-07,2.704154022430476e-07,0.0442627805471622,0.0442715439131759,6.593185641249742e-07
6000,12,legacy,60dB,5,1.962699069310486e-07,2.025464407052723e-07,0.0442707127612268,0.0442715439131759,6.759420545376256e-07
6000,12,legacy,60dB,6,2.1596359478145105e-07,2.2490767941660457e-07,0.0442793340494696,0.0442715439131759,7.069658146601728e-07
6000,12,legacy,60dB,7,2.154447155118641e-07,2.1218113614824922e-07,0.0442562971644729,0.0442715439131759,6.420678099036317e-07
6000,12,legacy,40dB,0,2.5024450900213e-05,2.2472914340570777e-05,0.0442472616878595,0.0442715439131759,6.0676961239624816e-05
6000,12,legacy,40dB,1,2.2242260238963444e-05,2.3144737557421317e-05,0.044330710441836,0.0442715439131759,6.60889265666697e-05
6000,12,legacy,40dB,2,1.9000620110690784e-05,1.946104199878557e-05,0.0443054346484939,0.0442715439131759,6.272391461483362e-05
6000,12,legacy,40dB,3,1.894377425733516e-05,1.7320390555734102e-05,0.0442627067092021,0.0442715439131759,6.412712863926912e-05
6000,12,legacy,40dB,4,2.5792907599251515e-05,2.7041540252922782e-05,0.0442071238700597,0.0442715439131759,6.59318564063042e-05
6000,12,legacy,40dB,5,1.962699068935104e-05,2.0254644063481675e-05,0.0442808966854854,0.0442715439131759,6.759420545149186e-05
6000,12,legacy,40dB,6,2.159635949426044e-05,2.249076795896308e-05,0.0443688819998403,0.0442715439131759,7.069658145984761e-05
6000,12,legacy,40dB,7,2.154447153759157e-05,2.121811360075192e-05,0.0441384664507086,0.0442715439131759,6.420678098569128e-05
6000,12,balanced,clean,0,1.9043155271425958e-24,1.22294503339956e-24,0.0442715439131014,0.0442715439131759,1.4008524991860184e-24
6000,12,balanced,60dB,0,1.7818675624281432e-07,1.6722669934311937e-07,0.044248700053252,0.0442715439131759,6.253359038966514e-07
6000,12,balanced,60dB,1,2.110024600262701e-07,1.9036915827611365e-07,0.0442962077366192,0.0442715439131759,6.302464512932472e-07
6000,12,balanced,60dB,2,1.5367261231393738e-07,1.43126626520312e-07,0.0442840573410902,0.0442715439131759,6.372210770801713e-07
6000,12,balanced,60dB,3,1.656224259862105e-07,1.5380639696931986e-07,0.0442653411206236,0.0442715439131759,6.320097202806275e-07
6000,12,balanced,60dB,4,2.0285084583518874e-07,2.2943902311645641e-07,0.0442697390502793,0.0442715439131759,6.270523242415399e-07
6000,12,balanced,60dB,5,1.901648726709411e-07,1.906544926760853e-07,0.0442721021822568,0.0442715439131759,6.568210574626773e-07
6000,12,balanced,60dB,6,1.8763269698507592e-07,1.58068908849468e-07,0.0442634588365716,0.0442715439131759,6.747341577577939e-07
6000,12,balanced,60dB,7,1.779448686353123e-07,1.7414062424884574e-07,0.0442620269286689,0.0442715439131759,6.431131058476848e-07
6000,12,balanced,40dB,0,1.781867562810058e-05,1.672266994057721e-05,0.0440591421226738,0.0442715439131759,6.25335903949622e-05
6000,12,balanced,40dB,1,2.110024602026793e-05,1.9036915853528126e-05,0.0445371723696984,0.0442715439131759,6.302464511770632e-05
6000,12,balanced,40dB,2,1.5367261244551908e-05,1.4312662666272646e-05,0.0444105087281113,0.0442715439131759,6.372210771566798e-05
6000,12,balanced,40dB,3,1.6562242593263645e-05,1.5380639699796154e-05,0.0442244220066577,0.0442715439131759,6.320097202835325e-05
6000,12,balanced,40dB,4,2.028508456943244e-05,2.2943902289961127e-05,0.0442717518609915,0.0442715439131759,6.270523242375691e-05
6000,12,balanced,40dB,5,1.901648727212491e-05,1.9065449270554923e-05,0.0442942414432014,0.0442715439131759,6.56821057442844e-05
6000,12,balanced,40dB,6,1.8763269709586255e-05,1.5806890893569248e-05,0.0442075800905439,0.0442715439131759,6.747341576945753e-05
6000,12,balanced,40dB,7,1.7794486857742245e-05,1.7414062415535342e-05,0.0441923891069486,0.0442715439131759,6.431131058253838e-05
6250,5,legacy,clean,0,1.6809307374023878e-10,3.2063719711124334e-11,0.0428234940117992,0.0428235141910335,3.5203912069146883e-10
6250,5,legacy,60dB,0,2.3079065967862424e-08,2.07005672936454e-08,0.0428118623535529,0.0428235141910335,9.301888433450245e-07
6250,5,legacy,60dB,1,3.7699119511943054e-08,1.7986044129185505e-08,0.0428277068544774,0.0428235141910335,9.435262635993232e-07
6250,5,legacy,60dB,2,3.311208144144275e-08,2.5533834970491496e-08,0.042817127685527,0.0428235141910335,9.134992747250216e-07
6250,5,legacy,60dB,3,4.386820319850383e-08,4.164921385621217e-08,0.0428165694801649,0.0428235141910335,8.942777768598088e-07
6250,5,legacy,60dB,4,3.1799993393485325e-08,2.0015169468640862e-08,0.0428403406608382,0.0428235141910335,9.27883582222517e-07
6250,5,legacy,60dB,5,2.8188147834780577e-08,2.6642819542428032e-08,0.042830127359685,0.0428235141910335,9.556002817431942e-07
6250,5,legacy,60dB,6,4.180403874774041e-08,4.240585666720371e-08,0.0428343825680655,0.0428235141910335,8.700449928734427e-07
6250,5,legacy,60dB,7,3.482338758815389e-08,2.5249386427315377e-08,0.0428195755511897,0.0428235141910335,9.3364764771519e-07
6250,5,legacy,40dB,0,2.3118806107292937e-06,2.1009006357160947e-06,0.0427092600321242,0.0428235141910335,9.302519776678828e-05
6250,5,legacy,40dB,1,3.739583603521992e-06,1.762537772446748e-06,0.0428689865438274,0.0428235141910335,9.434758964525864e-05
6250,5,legacy,40dB,2,3.2925723020037178e-06,2.5203472012626576e-06,0.0427627937134023,0.0428235141910335,9.136071885717429e-05
6250,5,legacy,40dB,3,4.424550355614659e-06,4.2288603877427935e-06,0.0427582360766177,0.0428235141910335,8.937649988920598e-05
6250,5,legacy,40dB,4,3.150537667907191e-06,1.9725624741257645e-06,0.04299479455276,0.0428235141910335,9.29461762620854e-05
6250,5,legacy,40dB,5,2.805332173168534e-06,2.6473445212105543e-06,0.0428923524541888,0.0428235141910335,9.550690245637642e-05
6250,5,legacy,40dB,6,4.171698832242341e-06,4.220580449720964e-06,0.0429361347457445,0.0428235141910335,8.693737757622111e-05
6250,5,legacy,40dB,7,3.457380990803342e-06,2.5785917032527227e-06,0.0427874200656554,0.0428235141910335,9.346164247685436e-05
6250,5,balanced,clean,0,1.6158211176880054e-10,1.0155906313095507e-11,0.0428235129641174,0.0428235141910335,4.1256295966820206e-10
6250,5,balanced,60dB,0,2.1006375908872454e-08,2.3653976123491753e-08,0.0428237760172199,0.0428235141910335,9.245175692031368e-07
6250,5,balanced,60dB,1,2.6611055490294923e-08,3.0003867964458795e-08,0.0428391939446744,0.0428235141910335,9.54815219647356e-07
6250,5,balanced,60dB,2,2.6938067629038312e-08,1.9704160349631527e-08,0.0428159039932427,0.0428235141910335,9.299081283134432e-07
6250,5,balanced,60dB,3,2.5667554265305385e-08,2.6347324402983543e-08,0.0428282557534138,0.0428235141910335,9.133723626873296e-07
6250,5,balanced,60dB,4,3.6704778311326846e-08,2.0514746894645788e-08,0.0428247992883631,0.0428235141910335,9.324314759731892e-07
6250,5,balanced,60dB,5,2.782932271650484e-08,2.847625969336553e-08,0.042823308143945,0.0428235141910335,9.53166245243532e-07
6250,5,balanced,60dB,6,2.5492807623609684e-08,2.110693159261223e-08,0.0428250924636617,0.0428235141910335,8.95512996384666e-07
6250,5,balanced,60dB,7,2.8782648804139196e-08,3.02675158096975e-08,0.0428285528376872,0.0428235141910335,9.249838933942116e-07
6250,5,balanced,40dB,0,2.0808259150393914e-06,2.334248599826937e-06,0.0428280157115358,0.0428235141910335,9.24977107006914e-05
6250,5,balanced,40dB,1,2.6344557550815926e-06,3.0108228795391552e-06,0.0429826925691258,0.0428235141910335,9.537041501633176e-05
6250,5,balanced,40dB,2,2.66941447750348e-06,1.9512326855161505e-06,0.0427498247434088,0.0428235141910335,9.295316637752484e-05
6250,5,balanced,40dB,3,2.543755284986922e-06,2.6477704695639395e-06,0.0428732293910614,0.0428235141910335,9.140551123792696e-05
6250,5,balanced,40dB,4,3.6592182209423903e-06,2.043110043270576e-06,0.0428396698312517,0.0428235141910335,9.319663797070012e-05
6250,5,balanced,40dB,5,2.786369652052117e-06,2.843206426168752e-06,0.0428239742930573,0.0428235141910335,9.536921209135304e-05
6250,5,balanced,40dB,6,2.553996278723052e-06,2.1242853817212485e-06,0.0428416084820005,0.0428235141910335,8.956989832438085e-05
6250,5,balanced,40dB,7,2.85338690908211e-06,3.008817337889748e-06,0.0428764787144737,0.0428235141910335,9.247864030689325e-05
6250,8,legacy,clean,0,3.8444350078574095e-15,7.652830643637654e-16,0.0428235125236775,0.0428235141910335,5.5811288142460985e-15
6250,8,legacy,60dB,0,6.270526984624023e-08,7.537999799599063e-08,0.042813925068329,0.0428235141910335,8.362202448483306e-07
6250,8,legacy,60dB,1,7.568106803378777e-08,7.604747417749168e-08,0.0428360862218083,0.0428235141910335,8.623074901405314e-07
6250,8,legacy,60dB,2,7.558070757074524e-08,6.593504447052888e-08,0.0428121111609941,0.0428235141910335,8.329006851236438e-07
6250,8,legacy,60dB,3,9.646211141001622e-08,1.0827172324498765e-07,0.0428098460764768,0.0428235141910335,8.044311995808642e-07
6250,8,legacy,60dB,4,7.985071147842234e-08,7.952328860408737e-08,0.0428394277984313,0.0428235141910335,8.384538559061083e-07
6250,8,legacy,60dB,5,6.728403919451711e-08,8.75118380957266e-08,0.0428269151619922,0.0428235141910335,8.622641854556911e-07
6250,8,legacy,60dB,6,7.843324515019952e-08,9.041431181895867e-08,0.0428360687594687,0.0428235141910335,7.854906814174199e-07
6250,8,legacy,60dB,7,8.00194146531623e-08,6.991060073511896e-08,0.0428152326633429,0.0428235141910335,8.442804599859608e-07
6250,8,legacy,40dB,0,6.270679643762503e-06,7.53805504178936e-06,0.0427332815971716,0.0428235141910335,8.362222343816986e-05
6250,8,legacy,40dB,1,7.568359442997131e-06,7.604816438627309e-06,0.0429560610537813,0.0428235141910335,8.623044211360546e-05
6250,8,legacy,40dB,2,7.557869912991499e-06,6.593212216662751e-06,0.0427163009597152,0.0428235141910335,8.328977374483645e-05
6250,8,legacy,40dB,3,9.646000205741442e-06,1.0826968689917388e-05,0.0426955294307964,0.0428235141910335,8.044316905978326e-05
6250,8,legacy,40dB,4,7.985013366405134e-06,7.952346287721968e-06,0.0429898517775009,0.0428235141910335,8.384533719967898e-05
6250,8,legacy,40dB,5,6.728291067425395e-06,8.75125188272538e-06,0.0428635943575342,0.0428235141910335,8.622647577182035e-05
6250,8,legacy,40dB,6,7.843501016093663e-06,9.041688086803371e-06,0.0429561340501896,0.0428235141910335,7.854875978685714e-05
6250,8,legacy,40dB,7,8.001815958592178e-06,6.9911017327609285e-06,0.0427479155421779,0.0428235141910335,8.442762213575313e-05
6250,8,balanced,clean,0,3.541575539048115e-15,1.078671429028579e-15,0.0428235121301504,0.0428235141910335,6.367685188538766e-15
6250,8,balanced,60dB,0,6.236261750347506e-08,7.50058926815157e-08,0.0428243642000051,0.0428235141910335,8.393567064416194e-07
6250,8,balanced,60dB,1,7.389213357197316e-08,7.883071890758185e-08,0.0428415510742059,0.0428235141910335,8.502927386079349e-07
6250,8,balanced,60dB,2,6.323753849693715e-08,7.112270517444606e-08,0.0428176989486551,0.0428235141910335,8.25874338583565e-07
6250,8,balanced,60dB,3,7.471308015376778e-08,7.125682495022194e-08,0.0428276490831441,0.0428235141910335,8.174655573254593e-07
6250,8,balanced,60dB,4,7.431089338000945e-08,7.138426656064487e-08,0.0428226737928502,0.0428235141910335,8.438012284119111e-07
6250,8,balanced,60dB,5,7.041569746516262e-08,8.737834242200977e-08,0.0428285966797116,0.0428235141910335,8.568601627874234e-07
6250,8,balanced,60dB,6,6.358280954462943e-08,8.78734807407961e-08,0.0428215168693389,0.0428235141910335,7.923219624172277e-07
6250,8,balanced,60dB,7,6.719104023786062e-08,6.721772921268032e-08,0.042822946557394,0.0428235141910335,8.323549262927154e-07
6250,8,balanced,40dB,0,6.236257697498208e-06,7.500587504811478e-06,0.0428376454602517,0.0428235141910335,8.393536827339018e-05
6250,8,balanced,40dB,1,7.389485236380546e-06,7.883256519660045e-06,0.0430105521346374,0.0428235141910335,8.5029598631091e-05
6250,8,balanced,40dB,2,6.323778843921072e-06,7.112338652906894e-06,0.0427710717186877,0.0428235141910335,8.258756084301164e-05
6250,8,balanced,40dB,3,7.471497078348426e-06,7.125683985284806e-06,0.0428716060263953,0.0428235141910335,8.174680788623554e-05
6250,8,balanced,40dB,4,7.431130890797117e-06,7.138506891483764e-06,0.0428218167791363,0.0428235141910335,8.43800638563658e-05
6250,8,balanced,40dB,5,7.041644143642403e-06,8.737936930900024e-06,0.0428806951129612,0.0428235141910335,8.568576191752978e-05
6250,8,balanced,40dB,6,6.358177743353119e-06,8.787560152986403e-06,0.0428092818717149,0.0428235141910335,7.923151070604552e-05
6250,8,balanced,40dB,7,6.719011594141365e-06,6.721536129499684e-06,0.0428239035038092,0.0428235141910335,8.323516035510457e-05
6250,12,legacy,clean,0,4.8388075860492216e-24,2.362467854384011e-24,0.0428235141910039,0.0428235141910335,3.494690544522062e-24
6250,12,legacy,60dB,0,1.864867763687591e-07,1.8311167985208786e-07,0.0428101561287568,0.0428235141910335,6.583073406644084e-07
6250,12,legacy,60dB,1,2.1080293966411378e-07,1.746090942736461e-07,0.0428425176291646,0.0428235141910335,6.782145070498237e-07
6250,12,legacy,60dB,2,1.905508252162439e-07,1.5736717860329624e-07,0.042818109563303,0.0428235141910335,6.506277178795395e-07
6250,12,legacy,60dB,3,1.9411631250877945e-07,1.8864862642971483e-07,0.0428103652937204,0.0428235141910335,6.436788053410562e-07
6250,12,legacy,60dB,4,2.032929292918281e-07,1.7804242106604739e-07,0.0428415865391207,0.0428235141910335,6.520816699653038e-07
6250,12,legacy,60dB,5,1.951732146783069e-07,2.0970428297605867e-07,0.0428211009884068,0.0428235141910335,6.730639335119668e-07
6250,12,legacy,60dB,6,2.003607259141222e-07,1.724053062474018e-07,0.0428380532031448,0.0428235141910335,6.085591354580613e-07
6250,12,legacy,60dB,7,2.2502513244928665e-07,1.8942484029899442e-07,0.0428149647917996,0.0428235141910335,6.709261243761781e-07
6250,12,legacy,40dB,0,1.8648677630997814e-05,1.831116798962607e-05,0.0427067173784004,0.0428235141910335,6.583073407250371e-05
6250,12,legacy,40dB,1,2.108029396118945e-05,1.7460909425033935e-05,0.0430325208371758,0.0428235141910335,6.782145069517512e-05
6250,12,legacy,40dB,2,1.905508252244875e-05,1.573671785768341e-05,0.0427866174882649,0.0428235141910335,6.506277177818851e-05
6250,12,legacy,40dB,3,1.941163125553248e-05,1.88648626282922e-05,0.0427094956862992,0.0428235141910335,6.436788054400657e-05
6250,12,legacy,40dB,4,2.03292929356228e-05,1.780424209929979e-05,0.0430225340358152,0.0428235141910335,6.52081669910579e-05
6250,12,legacy,40dB,5,1.9517321463148425e-05,2.0970428301373064e-05,0.0428169477543487,0.0428235141910335,6.730639336112328e-05
6250,12,legacy,40dB,6,2.0036072586817165e-05,1.7240530619402405e-05,0.0429869367777415,0.0428235141910335,6.085591354253218e-05
6250,12,legacy,40dB,7,2.250251322274217e-05,1.894248400189762e-05,0.0427582724608596,0.0428235141910335,6.709261242658053e-05
6250,12,balanced,clean,0,4.763567486067106e-24,2.9816384792642592e-24,0.042823514191093,0.0428235141910335,3.7000855143872984e-24
6250,12,balanced,60dB,0,1.5154326124644065e-07,1.6495432671339682e-07,0.042819278283616,0.0428235141910335,6.645808898064057e-07
6250,12,balanced,60dB,1,1.6247399286255049e-07,1.618934670966201e-07,0.0428350965282361,0.0428235141910335,6.632695008930085e-07
6250,12,balanced,60dB,2,1.7881327368359464e-07,1.6930454153497994e-07,0.0428215026215951,0.0428235141910335,6.494024042467575e-07
6250,12,balanced,60dB,3,1.7543993845277328e-07,1.4800389780345612e-07,0.0428285058846609,0.0428235141910335,6.481065145407922e-07
6250,12,balanced,60dB,4,1.88911996232517e-07,1.6951347309700741e-07,0.042827257468158,0.0428235141910335,6.396675917173427e-07
6250,12,balanced,60dB,5,1.9925404852031549e-07,1.94351209767449e-07,0.042825518602514,0.0428235141910335,6.46579198136853e-07
6250,12,balanced,60dB,6,1.5338924240742142e-07,1.793909071268034e-07,0.0428230969557374,0.0428235141910335,6.274117710438285e-07
6250,12,balanced,60dB,7,1.6156965879430148e-07,1.4956927405036084e-07,0.0428182520403638,0.0428235141910335,6.552438228452266e-07
6250,12,balanced,40dB,0,1.5154326118952195e-05,1.6495432668424418e-05,0.0427947940098286,0.0428235141910335,6.645808897930352e-05
6250,12,balanced,40dB,1,1.6247399279854926e-05,1.6189346693870058e-05,0.0429539602218738,0.0428235141910335,6.632695008918597e-05
6250,12,balanced,40dB,2,1.7881327365578896e-05,1.693045416206603e-05,0.0428194916907428,0.0428235141910335,6.494024041934956e-05
6250,12,balanced,40dB,3,1.7543993837079935e-05,1.4800389784555903e-05,0.0428892207212256,0.0428235141910335,6.481065144790494e-05
6250,12,balanced,40dB,4,1.8891199633187696e-05,1.6951347302454053e-05,0.0428779490414138,0.0428235141910335,6.396675917387359e-05
6250,12,balanced,40dB,5,1.992540485793776e-05,1.943512098137637e-05,0.0428614911696752,0.0428235141910335,6.4657919819887e-05
6250,12,balanced,40dB,6,1.5338924253969065e-05,1.7939090711940034e-05,0.0428331468693664,0.0428235141910335,6.274117710238305e-05
6250,12,balanced,40dB,7,1.615696587015229e-05,1.495692739870394e-05,0.0427854339530833,0.0428235141910335,6.55243822727561e-05
6500,5,legacy,clean,0,2.6253732484348624e-10,3.6583823498749767e-11,0.0413737490611929,0.0413735428071005,5.582479526974333e-10
6500,5,legacy,60dB,0,2.7681232724886656e-08,3.484228814284373e-08,0.0413621399520834,0.0413735428071005,9.2486406333646e-07
6500,5,legacy,60dB,1,2.8057454973907336e-08,3.66019962363657e-08,0.0413702347266516,0.0413735428071005,9.233084630609908e-07
6500,5,legacy,60dB,2,3.1297421275536626e-08,2.6165118225329496e-08,0.041361297285931,0.0413735428071005,8.982947985157802e-07
6500,5,legacy,60dB,3,3.2191196829108416e-08,3.9208666446123065e-08,0.0413643261006291,0.0413735428071005,9.516518559333136e-07
6500,5,legacy,60dB,4,2.644605117469845e-08,1.9604270561331376e-08,0.0413646609672811,0.0413735428071005,8.607685850386674e-07
6500,5,legacy,60dB,5,4.0127628313724355e-08,4.7578491704267164e-08,0.0413707726926003,0.0413735428071005,9.209627575872844e-07
6500,5,legacy,60dB,6,3.121238341829138e-08,3.1308933677832274e-08,0.041380931314621,0.0413735428071005,9.01489607422936e-07
6500,5,legacy,60dB,7,2.9232228735205103e-08,3.2701089204849374e-08,0.0413887811896146,0.0413735428071005,9.673731723394507e-07
6500,5,legacy,40dB,0,2.728605421170124e-06,3.4577169153042843e-06,0.0412601121260286,0.0413735428071005,9.23898664097419e-05
6500,5,legacy,40dB,1,2.789390371364819e-06,3.7014288547201886e-06,0.041341116894436,0.0413735428071005,9.228255021781452e-05
6500,5,legacy,40dB,2,3.083250587600897e-06,2.634135753055492e-06,0.0412520039477846,0.0413735428071005,8.97699065720909e-05
6500,5,legacy,40dB,3,3.1985872440339216e-06,3.879829701410961e-06,0.0412823984936659,0.0413735428071005,9.500176164446384e-05
6500,5,legacy,40dB,4,2.640950951841112e-06,1.974471996569569e-06,0.0412852469753505,0.0413735428071005,8.611128375592378e-05
6500,5,legacy,40dB,5,3.986891307893976e-06,4.7333330287784944e-06,0.0413475733531274,0.0413735428071005,9.207453231906344e-05
6500,5,legacy,40dB,6,3.1068421879382727e-06,3.124587189036193e-06,0.0414483686766629,0.0413735428071005,9.003929225831383e-05
6500,5,legacy,40dB,7,2.8899568261723167e-06,3.299028890452036e-06,0.0415266703427853,0.0413735428071005,9.66453171251391e-05
6500,5,balanced,clean,0,2.5701484385637576e-10,2.0623248404321208e-11,0.0413737974507177,0.0413735428071005,6.511014906186143e-10
6500,5,balanced,60dB,0,3.40409930092986e-08,4.475120185969652e-08,0.0413699750717819,0.0413735428071005,9.046579566647588e-07
6500,5,balanced,60dB,1,3.011787906417256e-08,2.8625826421287717e-08,0.041382147526278,0.0413735428071005,9.273314201671448e-07
6500,5,balanced,60dB,2,3.062574752463544e-08,4.1134508054693036e-08,0.0413693903332133,0.0413735428071005,8.838472857973234e-07
6500,5,balanced,60dB,3,3.3008629125312985e-08,2.5237544953201712e-08,0.0413600285097808,0.0413735428071005,9.491801988713892e-07
6500,5,balanced,60dB,4,2.072608197105928e-08,2.4555092907309953e-08,0.0413633726156891,0.0413735428071005,8.579786038068011e-07
6500,5,balanced,60dB,5,3.584237324514114e-08,3.029986055565432e-08,0.041375861548742,0.0413735428071005,9.236656833361724e-07
6500,5,balanced,60dB,6,2.8844887558877743e-08,3.3403049755227285e-08,0.0413748923880842,0.0413735428071005,8.903771567493173e-07
6500,5,balanced,60dB,7,3.100210642426058e-08,2.720239556834324e-08,0.0413768226800719,0.0413735428071005,9.605338382540346e-07
6500,5,balanced,40dB,0,3.393425481021072e-06,4.513462676583104e-06,0.0413386289900436,0.0413735428071005,9.050240544890238e-05
6500,5,balanced,40dB,1,2.968337134549333e-06,2.8325167588308106e-06,0.0414599676777975,0.0413735428071005,9.27733030235174e-05
6500,5,balanced,40dB,2,3.0545863496908946e-06,4.129374602486018e-06,0.0413324769176817,0.0413735428071005,8.831031858299698e-05
6500,5,balanced,40dB,3,3.313718169078596e-06,2.5649441953958504e-06,0.04123909398636,0.0413735428071005,9.49068482264888e-05
6500,5,balanced,40dB,4,2.0529058072259777e-06,2.4343407960491536e-06,0.0412713970585526,0.0413735428071005,8.582526059044099e-05
6500,5,balanced,40dB,5,3.538191301354666e-06,3.0149178631511008e-06,0.0413976205116624,0.0413735428071005,9.22548361090554e-05
6500,5,balanced,40dB,6,2.877697313799465e-06,3.3719349024978115e-06,0.0413873383859538,0.0413735428071005,8.888676714593527e-05
6500,5,balanced,40dB,7,3.081183884599976e-06,2.6893406678406277e-06,0.0414068232202139,0.0413735428071005,9.60284048504874e-05
6500,8,legacy,clean,0,6.427982376591535e-15,2.501816078531458e-15,0.0413735419173623,0.0413735428071005,1.03711517675669e-14
6500,8,legacy,60dB,0,6.658279609330782e-08,8.228719192515415e-08,0.0413584663740211,0.0413735428071005,8.305159458783669e-07
6500,8,legacy,60dB,1,8.997920280235228e-08,9.270472206942007e-08,0.0413723842201307,0.0413735428071005,8.140618837250163e-07
6500,8,legacy,60dB,2,8.112325380360457e-08,6.385871771668262e-08,0.0413627580702528,0.0413735428071005,8.042858456026859e-07
6500,8,legacy,60dB,3,8.129443324398516e-08,7.182478867065798e-08,0.0413641858673219,0.0413735428071005,8.495467606271065e-07
6500,8,legacy,60dB,4,6.735408164954532e-08,6.299238726551068e-08,0.0413609622094933,0.0413735428071005,7.773315968239928e-07
6500,8,legacy,60dB,5,8.24879721916228e-08,9.172419027006377e-08,0.041367370933692,0.0413735428071005,8.259613409037271e-07
6500,8,legacy,60dB,6,9.841238594211789e-08,9.522777495416694e-08,0.0413809299859277,0.0413735428071005,7.978391914198257e-07
6500,8,legacy,60dB,7,7.253721691743683e-08,8.136926273715504e-08,0.0413896964148568,0.0413735428071005,8.808958333162856e-07
6500,8,legacy,40dB,0,6.658125515069438e-06,8.22858834374689e-06,0.0412287787815619,0.0413735428071005,8.3051846143099e-05
6500,8,legacy,40dB,1,8.99763700700035e-06,9.270163586229536e-06,0.0413700627900818,0.0413735428071005,8.140541348893699e-05
6500,8,legacy,40dB,2,8.111961490512785e-06,6.385674017864459e-06,0.0412730041752769,0.0413735428071005,8.04295223947092e-05
6500,8,legacy,40dB,3,8.129345618068698e-06,7.182726609344396e-06,0.0412872978183014,0.0413735428071005,8.49547217629937e-05
6500,8,legacy,40dB,4,6.735446056772065e-06,6.299292466886385e-06,0.0412538067439697,0.0413735428071005,7.773252304691975e-05
6500,8,legacy,40dB,5,8.248847726819832e-06,9.172755534489714e-06,0.0413192560487217,0.0413735428071005,8.259593004827532e-05
6500,8,legacy,40dB,6,9.841081157400547e-06,9.522957518390104e-06,0.0414562795603723,0.0413735428071005,7.978422325023027e-05
6500,8,legacy,40dB,7,7.253734477616102e-06,8.136938077389444e-06,0.0415416152546737,0.0413735428071005,8.808864275736052e-05
6500,8,balanced,clean,0,6.462910239362784e-15,1.7313428879479049e-15,0.0413735437055446,0.0413735428071005,1.1789502719141955e-14
6500,8,balanced,60dB,0,6.419546318500826e-08,7.72418866776529e-08,0.0413690052235254,0.0413735428071005,8.346879625111486e-07
6500,8,balanced,60dB,1,7.32020931537168e-08,6.328891877410533e-08,0.0413778716923684,0.0413735428071005,8.334373804970154e-07
6500,8,balanced,60dB,2,5.4565800900150115e-08,7.04017873125246e-08,0.041370380405861,0.0413735428071005,8.09000414946459e-07
6500,8,balanced,60dB,3,6.807172386536847e-08,5.7248312348243036e-08,0.0413600531276652,0.0413735428071005,8.61047825743797e-07
6500,8,balanced,60dB,4,6.156992191445873e-08,5.971188052941334e-08,0.0413594083871798,0.0413735428071005,7.662232994711398e-07
6500,8,balanced,60dB,5,7.520047373918182e-08,6.639772496322715e-08,0.0413710691534469,0.0413735428071005,8.384480814438823e-07
6500,8,balanced,60dB,6,7.007006285715997e-08,7.824454922879482e-08,0.0413731811557215,0.0413735428071005,8.095627597319355e-07
6500,8,balanced,60dB,7,8.297213895504887e-08,7.84610729304578e-08,0.0413785215793516,0.0413735428071005,8.623198045051602e-07
6500,8,balanced,40dB,0,6.419738251749532e-06,7.72452814449772e-06,0.0413339366690313,0.0413735428071005,8.346942998860096e-05
6500,8,balanced,40dB,1,7.320265999816962e-06,6.328925976819576e-06,0.04142341181891,0.0413735428071005,8.334396121043234e-05
6500,8,balanced,40dB,2,5.456745597514363e-06,7.040184614941974e-06,0.0413468217963555,0.0413735428071005,8.090037105429568e-05
6500,8,balanced,40dB,3,6.807272834309311e-06,5.72493273049588e-06,0.0412447644824054,0.0413735428071005,8.610475560859645e-05
6500,8,balanced,40dB,4,6.157235970554279e-06,5.971401741259835e-06,0.0412377320587063,0.0413735428071005,7.662239848838691e-05
6500,8,balanced,40dB,5,7.519873702237668e-06,6.639714850415179e-06,0.0413555660535896,0.0413735428071005,8.384458079862955e-05
6500,8,balanced,40dB,6,7.006727655359697e-06,7.82420231851998e-06,0.0413762242343995,0.0413735428071005,8.095649052057498e-05
6500,8,balanced,40dB,7,8.297154436926628e-06,7.845971698944368e-06,0.0414307898767199,0.0413735428071005,8.623178810028334e-05
6500,12,legacy,clean,0,1.1646588029219609e-23,9.047099345415387e-24,0.0413735428072125,0.0413735428071005,8.801823908179586e-24
6500,12,legacy,60dB,0,1.9289958071847928e-07,2.0836349653733766e-07,0.0413675440249781,0.0413735428071005,6.471277563874153e-07
6500,12,legacy,60dB,1,2.324801830540052e-07,2.491592100960149e-07,0.0413730678744097,0.0413735428071005,6.438244049548373e-07
6500,12,legacy,60dB,2,2.0694898251619754e-07,1.827855169009191e-07,0.0413592798422149,0.0413735428071005,6.32956613193206e-07
6500,12,legacy,60dB,3,2.2939566056700638e-07,2.177645025232072e-07,0.0413628084432793,0.0413735428071005,6.480298247471907e-07
6500,12,legacy,60dB,4,1.853630959077078e-07,2.0143847707561706e-07,0.041358375786665,0.0413735428071005,6.12902265376299e-07
6500,12,legacy,60dB,5,2.2127494792254757e-07,2.2743526627769685e-07,0.0413673777175972,0.0413735428071005,6.608341620636153e-07
6500,12,legacy,60dB,6,2.129242706055624e-07,2.1843415716853986e-07,0.0413833933859593,0.0413735428071005,6.179630575622667e-07
6500,12,legacy,60dB,7,1.9099813829615962e-07,2.281361016175288e-07,0.0413874227497482,0.0413735428071005,6.842328162337441e-07
6500,12,legacy,40dB,0,1.928995807440207e-05,2.0836349649848075e-05,0.041330915947137,0.0413735428071005,6.471277565196909e-05
6500,12,legacy,40dB,1,2.324801827003388e-05,2.491592097814156e-05,0.0413897166956228,0.0413735428071005,6.438244050417469e-05
6500,12,legacy,40dB,2,2.069489824440804e-05,1.8278551671549643e-05,0.0412495385656553,0.0413735428071005,6.329566131586625e-05
6500,12,legacy,40dB,3,2.2939566067669703e-05,2.177645026915652e-05,0.0412868447773437,0.0413735428071005,6.480298246168475e-05
6500,12,legacy,40dB,4,1.853630959084091e-05,2.0143847726248147e-05,0.0412385552803697,0.0413735428071005,6.129022651748388e-05
6500,12,legacy,40dB,5,2.2127494802054344e-05,2.2743526602676777e-05,0.0413318066563826,0.0413735428071005,6.608341618179604e-05
6500,12,legacy,40dB,6,2.129242707364977e-05,2.184341574411208e-05,0.0414912117790484,0.0413735428071005,6.179630575568252e-05
6500,12,legacy,40dB,7,1.9099813821649784e-05,2.281361015407362e-05,0.0415295320650084,0.0413735428071005,6.842328161767495e-05
6500,12,balanced,clean,0,1.157866035811907e-23,6.181640329579191e-24,0.041373542807191,0.0413735428071005,9.449414699248112e-24
6500,12,balanced,60dB,0,1.539959548169009e-07,1.667442082557943e-07,0.0413664411816458,0.0413735428071005,6.579093763068122e-07
6500,12,balanced,60dB,1,1.823270231175381e-07,1.6613604617075936e-07,0.0413813206196467,0.0413735428071005,6.649771098366007e-07
6500,12,balanced,60dB,2,1.6055007042803021e-07,2.0267461181777378e-07,0.0413783676738622,0.0413735428071005,6.284377048711685e-07
6500,12,balanced,60dB,3,1.8424127625481645e-07,1.5708186166756726e-07,0.0413619683460407,0.0413735428071005,6.913449974175328e-07
6500,12,balanced,60dB,4,1.5648408377037016e-07,1.8941293648288854e-07,0.0413550808277795,0.0413735428071005,5.895357223399453e-07
6500,12,balanced,60dB,5,1.825172770164546e-07,1.7816911399897284e-07,0.041366365770058,0.0413735428071005,6.59858578293457e-07
6500,12,balanced,60dB,6,1.657921920486962e-07,1.987579468821787e-07,0.0413794525497802,0.0413735428071005,6.414089054599066e-07
6500,12,balanced,60dB,7,2.025264565736837e-07,1.879423853534327e-07,0.0413844968418538,0.0413735428071005,6.763100567166419e-07
6500,12,balanced,40dB,0,1.5399595477236052e-05,1.667442082362794e-05,0.0413163861876678,0.0413735428071005,6.579093762739137e-05
6500,12,balanced,40dB,1,1.8232702304591535e-05,1.661360462088367e-05,0.0414677303638204,0.0413735428071005,6.649771098682959e-05
6500,12,balanced,40dB,2,1.605500705982203e-05,2.0267461198375132e-05,0.041436240980257,0.0413735428071005,6.28437704651447e-05
6500,12,balanced,40dB,3,1.842412763578424e-05,1.5708186172937776e-05,0.0412743799105599,0.0413735428071005,6.913449973820783e-05
6500,12,balanced,40dB,4,1.5648408367995306e-05,1.8941293651741917e-05,0.0412030065806047,0.0413735428071005,5.895357222829095e-05
6500,12,balanced,40dB,5,1.825172771512737e-05,1.7816911424659543e-05,0.0413181989908045,0.0413735428071005,6.59858578305875e-05
6500,12,balanced,40dB,6,1.657921922910648e-05,1.9875794715674906e-05,0.0414475615303901,0.0413735428071005,6.414089053885131e-05
6500,12,balanced,40dB,7,2.0252645650811663e-05,1.879423851473744e-05,0.0415013105349027,0.0413735428071005,6.763100566821182e-05
6750,5,legacy,clean,0,4.1826108663905485e-10,6.173217182792347e-11,0.0399261069773557,0.0399263201015003,8.704508835020297e-10
6750,5,legacy,60dB,0,3.4255483421623894e-08,4.4143322636419486e-08,0.0399276400112178,0.0399263201015003,8.673320932076443e-07
6750,5,legacy,60dB,1,3.609562480025509e-08,3.0789551052236455e-08,0.0399311304370505,0.0399263201015003,9.064672637483506e-07
6750,5,legacy,60dB,2,3.04193987687515e-08,3.661565593401799e-08,0.0399252683559402,0.0399263201015003,9.772642649714794e-07
6750,5,legacy,60dB,3,3.4517242743689463e-08,2.9181190911862546e-08,0.0399363977350011,0.0399263201015003,9.30928714904091e-07
6750,5,legacy,60dB,4,3.798292559590669e-08,3.577369883355825e-08,0.039914164473781,0.0399263201015003,9.975078651102416e-07
6750,5,legacy,60dB,5,3.995488548885762e-08,4.6591507923609e-08,0.0399299984028356,0.0399263201015003,9.816267183496556e-07
6750,5,legacy,60dB,6,3.2145425306750336e-08,2.4995258520398014e-08,0.0399226771932605,0.0399263201015003,9.627100161263483e-07
6750,5,legacy,60dB,7,4.1412015941678955e-08,4.084413890858574e-08,0.0399110869250246,0.0399263201015003,9.582475468633568e-07
6750,5,legacy,40dB,0,3.418623394921284e-06,4.48946668124034e-06,0.0399445171488869,0.0399263201015003,8.658716433333469e-05
6750,5,legacy,40dB,1,3.6024607989123304e-06,3.0662399946703973e-06,0.0399795868432046,0.0399263201015003,9.032576737077512e-05
6750,5,legacy,40dB,2,2.982643226001937e-06,3.648150032974123e-06,0.0399204029767881,0.0399263201015003,9.754926223282352e-05
6750,5,legacy,40dB,3,3.3730054132863774e-06,2.8518189420547525e-06,0.0400320461511447,0.0399263201015003,9.29376403105174e-05
6750,5,legacy,40dB,4,3.7042023268978327e-06,3.5602199946712005e-06,0.0398100100790293,0.0399263201015003,9.978443204617532e-05
6750,5,legacy,40dB,5,3.937807467506543e-06,4.6523824542336335e-06,0.0399685632551177,0.0399263201015003,9.792346214032784e-05
6750,5,legacy,40dB,6,3.1780508516908856e-06,2.537223032409952e-06,0.0398946694973506,0.0399263201015003,9.60059498590707e-05
6750,5,legacy,40dB,7,4.07930885821515e-06,4.070012234059757e-06,0.0397795754070926,0.0399263201015003,9.560457952085646e-05
6750,5,balanced,clean,0,3.928315812893656e-10,2.985158226885363e-11,0.0399264316768839,0.0399263201015003,1.0089646761919994e-09
6750,5,balanced,60dB,0,2.6385813336457893e-08,2.866914180941864e-08,0.0399366609288925,0.0399263201015003,8.831103533534088e-07
6750,5,balanced,60dB,1,2.8020281066551345e-08,2.6738884537663863e-08,0.0399271591225088,0.0399263201015003,9.078589792139416e-07
6750,5,balanced,60dB,2,2.5846481713170365e-08,3.4248090012772707e-08,0.0399315526493079,0.0399263201015003,9.737065692853932e-07
6750,5,balanced,60dB,3,2.478934569636265e-08,2.7837751981475434e-08,0.0399220159854997,0.0399263201015003,9.444842571869186e-07
6750,5,balanced,60dB,4,3.21520332522799e-08,2.5158552154958944e-08,0.0399298611237578,0.0399263201015003,1.0074993267532742e-06
6750,5,balanced,60dB,5,2.5212306735744646e-08,3.0053461513676225e-08,0.0399332529614709,0.0399263201015003,9.886757976098692e-07
6750,5,balanced,60dB,6,2.7927976755284164e-08,4.0481199389282675e-08,0.0399311345303606,0.0399263201015003,9.556200091307491e-07
6750,5,balanced,60dB,7,2.3861339076885945e-08,3.154760838910644e-08,0.0399221656546802,0.0399263201015003,9.637423306779254e-07
6750,5,balanced,40dB,0,2.622198874103315e-06,2.8680769031099943e-06,0.0400310860731941,0.0399263201015003,8.83194075221531e-05
6750,5,balanced,40dB,1,2.775707370910409e-06,2.6942254153529925e-06,0.0399362051731758,0.0399263201015003,9.083576580789811e-05
6750,5,balanced,40dB,2,2.55026009048256e-06,3.4232550739846287e-06,0.0399799367318814,0.0399263201015003,9.724463231545175e-05
6750,5,balanced,40dB,3,2.4260186980435523e-06,2.760262385166138e-06,0.0398844564237658,0.0399263201015003,9.465535929064962e-05
6750,5,balanced,40dB,4,3.1781057063300763e-06,2.5229034969935637e-06,0.0399635862664801,0.0399263201015003,0.0001005868885073
6750,5,balanced,40dB,5,2.4889408743048326e-06,3.009054122010829e-06,0.0399968848760441,0.0399263201015003,9.8783163810542e-05
6750,5,balanced,40dB,6,2.7734616070029383e-06,4.0375170662198565e-06,0.0399759579289735,0.0399263201015003,9.56110757830806e-05
6750,5,balanced,40dB,7,2.3428665571169394e-06,3.138447143465369e-06,0.0398858792434961,0.0399263201015003,9.60834808848988e-05
6750,8,legacy,clean,0,1.2041490237522876e-14,3.720407258632336e-15,0.0399263234965796,0.0399263201015003,1.883060706351176e-14
6750,8,legacy,60dB,0,7.52584421212981e-08,7.377424991077842e-08,0.0399250392004265,0.0399263201015003,7.872602422195587e-07
6750,8,legacy,60dB,1,7.204790804113043e-08,6.43990589659524e-08,0.0399315734588354,0.0399263201015003,8.155974576332734e-07
6750,8,legacy,60dB,2,7.178071725350116e-08,7.17486592538074e-08,0.039923518784531,0.0399263201015003,8.943177464858485e-07
6750,8,legacy,60dB,3,8.443283551107813e-08,7.146743734128578e-08,0.0399410784128497,0.0399263201015003,8.368436556740685e-07
6750,8,legacy,60dB,4,9.398573074752042e-08,7.815801008214512e-08,0.0399112518558885,0.0399263201015003,8.853257127052387e-07
6750,8,legacy,60dB,5,7.37194668308527e-08,6.426605933456707e-08,0.0399344365352183,0.0399263201015003,8.78783099148239e-07
6750,8,legacy,60dB,6,8.579758429369636e-08,7.03229123695344e-08,0.0399212137594338,0.0399263201015003,8.692610937004572e-07
6750,8,legacy,60dB,7,8.319277754134795e-08,7.627277874041683e-08,0.0399082828250188,0.0399263201015003,8.618839596058798e-07
6750,8,legacy,40dB,0,7.525980729982222e-06,7.3772887412904495e-06,0.0399202539314668,0.0399263201015003,7.872560914750463e-05
6750,8,legacy,40dB,1,7.204591650336177e-06,6.4399536435776085e-06,0.0399853072318152,0.0399263201015003,8.155976786781643e-05
6750,8,legacy,40dB,2,7.177971877790892e-06,7.174661770379275e-06,0.0399047365409078,0.0399263201015003,8.943233611307134e-05
6750,8,legacy,40dB,3,8.443753436261589e-06,7.1471052381548405e-06,0.0400814720844693,0.0399263201015003,8.368529049179985e-05
6750,8,legacy,40dB,4,9.398494075574087e-06,7.815506060387123e-06,0.0397840657265455,0.0399263201015003,8.85327479721289e-05
6750,8,legacy,40dB,5,7.371460963190659e-06,6.426311983511745e-06,0.0400140881493692,0.0399263201015003,8.787837634786173e-05
6750,8,legacy,40dB,6,8.579674817064489e-06,7.0323284292132085e-06,0.0398829478242044,0.0399263201015003,8.692614230438902e-05
6750,8,legacy,40dB,7,8.319290558871748e-06,7.627153481519353e-06,0.0397534041438646,0.0399263201015003,8.618929217176001e-05
6750,8,balanced,clean,0,1.181741432001678e-14,2.9552968525205694e-15,0.0399263221953062,0.0399263201015003,2.140468009936861e-14
6750,8,balanced,60dB,0,6.228943777912909e-08,4.7032753093540336e-08,0.0399334661471283,0.0399263201015003,8.037605299990525e-07
6750,8,balanced,60dB,1,7.997147752887639e-08,6.961835720368517e-08,0.0399283760486473,0.0399263201015003,8.031155923702408e-07
6750,8,balanced,60dB,2,7.098630365971378e-08,5.6249279940580393e-08,0.0399322427285956,0.0399263201015003,8.807279921593331e-07
6750,8,balanced,60dB,3,7.676176360772828e-08,5.9271084285244237e-08,0.0399167493321047,0.0399263201015003,8.477088618382914e-07
6750,8,balanced,60dB,4,8.302300266180915e-08,6.761461898386628e-08,0.0399251613581391,0.0399263201015003,8.945101316162071e-07
6750,8,balanced,60dB,5,5.998046018235072e-08,6.52737406502436e-08,0.0399289316031968,0.0399263201015003,8.855439113988886e-07
6750,8,balanced,60dB,6,7.042583231936276e-08,7.036662357925484e-08,0.0399281261593543,0.0399263201015003,8.698590136012569e-07
6750,8,balanced,60dB,7,6.843800225639425e-08,5.42625521002584e-08,0.0399215415985398,0.0399263201015003,8.541459707706829e-07
6750,8,balanced,40dB,0,6.228959672469988e-06,4.703595699970095e-06,0.0400033677789284,0.0399263201015003,8.037502656521933e-05
6750,8,balanced,40dB,1,7.99681049805262e-06,6.961849447384735e-06,0.0399540578245465,0.0399263201015003,8.031188458910905e-05
6750,8,balanced,40dB,2,7.098727460769208e-06,5.625123370742223e-06,0.0399919163927311,0.0399263201015003,8.807381483270033e-05
6750,8,balanced,40dB,3,7.676222880614468e-06,5.927159555537719e-06,0.0398375021686435,0.0399263201015003,8.477104227053105e-05
6750,8,balanced,40dB,4,8.302250472020665e-06,6.76172418632102e-06,0.0399221858441878,0.0399263201015003,8.945116451078593e-05
6750,8,balanced,40dB,5,5.998135572777874e-06,6.527156374490569e-06,0.0399578146052905,0.0399263201015003,8.855353052470074e-05
6750,8,balanced,40dB,6,7.042580274577764e-06,7.036762971793802e-06,0.0399507001578446,0.0399263201015003,8.698646586181226e-05
6750,8,balanced,40dB,7,6.8437990146413145e-06,5.426219767432192e-06,0.0398846756467416,0.0399263201015003,8.541407414686988e-05
6750,12,legacy,clean,0,2.959236824032022e-23,2.5324026590635187e-23,0.0399263201015029,0.0399263201015003,2.133352941139766e-23
6750,12,legacy,60dB,0,1.913630733276545e-07,2.0481793881843877e-07,0.0399287165869866,0.0399263201015003,6.092586023425143e-07
6750,12,legacy,60dB,1,1.93805128703352e-07,1.9717441732726285e-07,0.039929360258726,0.0399263201015003,6.333736872149644e-07
6750,12,legacy,60dB,2,1.9631770210861115e-07,1.7588722211208366e-07,0.0399223796817952,0.0399263201015003,7.213850628749988e-07
6750,12,legacy,60dB,3,2.764777380674752e-07,2.681631119079305e-07,0.0399420164660272,0.0399263201015003,6.411590766271821e-07
6750,12,legacy,60dB,4,2.122501308849106e-07,1.977408780989415e-07,0.0399149807697871,0.0399263201015003,7.02907415784605e-07
6750,12,legacy,60dB,5,1.8788110861701274e-07,1.933795571070225e-07,0.0399324184327672,0.0399263201015003,6.984705219956818e-07
6750,12,legacy,60dB,6,2.1539509588519242e-07,1.9109237364407848e-07,0.0399189589663008,0.0399263201015003,6.673631100989213e-07
6750,12,legacy,60dB,7,1.975603786470773e-07,2.037916921174056e-07,0.0399071945221284,0.0399263201015003,6.919161484302815e-07
6750,12,legacy,40dB,0,1.9136307333557916e-05,2.048179382897636e-05,0.0399675076329396,0.0399263201015003,6.092586023838283e-05
6750,12,legacy,40dB,1,1.938051284227658e-05,1.9717441693114038e-05,0.0399741641352892,0.0399263201015003,6.333736873084273e-05
6750,12,legacy,40dB,2,1.963177021469152e-05,1.7588722219576087e-05,0.0399045844976191,0.0399263201015003,7.213850631915431e-05
6750,12,legacy,40dB,3,2.764777380293293e-05,2.681631111870884e-05,0.0401081667431684,0.0399263201015003,6.411590766038101e-05
6750,12,legacy,40dB,4,2.122501307606416e-05,1.9774087832595317e-05,0.0398320292961111,0.0399263201015003,7.029074158943617e-05
6750,12,legacy,40dB,5,1.878811085764245e-05,1.9337955759261476e-05,0.0400042127139158,0.0399263201015003,6.984705217923658e-05
6750,12,legacy,40dB,6,2.153950959575866e-05,1.910923737387833e-05,0.0398720943081186,0.0399263201015003,6.673631099198965e-05
6750,12,legacy,40dB,7,1.975603788775316e-05,2.037916920745016e-05,0.0397528447418584,0.0399263201015003,6.919161481233998e-05
6750,12,balanced,clean,0,2.446508970411266e-23,1.2975143232273951e-23,0.0399263201013273,0.0399263201015003,2.343067726384587e-23
6750,12,balanced,60dB,0,1.71116273124715e-07,1.6754925892097786e-07,0.0399366745756753,0.0399263201015003,6.285363122554765e-07
6750,12,balanced,60dB,1,1.9018746930031946e-07,1.8145337095949118e-07,0.0399283384335296,0.0399263201015003,6.211694067057118e-07
6750,12,balanced,60dB,2,1.7750057390943506e-07,1.8519262452850986e-07,0.0399420998838255,0.0399263201015003,6.817828148148938e-07
6750,12,balanced,60dB,3,1.8339597816462417e-07,1.6773731297540016e-07,0.0399194668515267,0.0399263201015003,6.623649134371857e-07
6750,12,balanced,60dB,4,2.0604787476782e-07,1.848903493569371e-07,0.0399256618219821,0.0399263201015003,6.937083614613834e-07
6750,12,balanced,60dB,5,1.7086225694054844e-07,1.755345727176614e-07,0.0399310681039451,0.0399263201015003,6.88314174067737e-07
6750,12,balanced,60dB,6,1.8888895914654493e-07,1.776259330924415e-07,0.0399258211993469,0.0399263201015003,6.972186349167436e-07
6750,12,balanced,60dB,7,1.7906279990731406e-07,1.420140005051841e-07,0.0399145216708917,0.0399263201015003,6.633072128060091e-07
6750,12,balanced,40dB,0,1.711162732339525e-05,1.6754925914699214e-05,0.0400452653094003,0.0399263201015003,6.2853631243083e-05
6750,12,balanced,40dB,1,1.901874696385517e-05,1.814533711972168e-05,0.0399636202956214,0.0399263201015003,6.211694067939248e-05
6750,12,balanced,40dB,2,1.7750057396438257e-05,1.851926246876893e-05,0.0401000929779668,0.0399263201015003,6.817828147829079e-05
6750,12,balanced,40dB,3,1.8339597816112597e-05,1.6773731313459904e-05,0.0398742932413562,0.0399263201015003,6.623649135703096e-05
6750,12,balanced,40dB,4,2.0604787449877397e-05,1.8489034930259828e-05,0.0399382816165778,0.0399263201015003,6.937083613948409e-05
6750,12,balanced,40dB,5,1.708622571709624e-05,1.7553457275620482e-05,0.039989177730654,0.0399263201015003,6.883141735744406e-05
6750,12,balanced,40dB,6,1.888889590814289e-05,1.7762593282653647e-05,0.0399383310878399,0.0399263201015003,6.972186349293584e-05
6750,12,balanced,40dB,7,1.7906280011934732e-05,1.4201400043318248e-05,0.0398244514489856,0.0399263201015003,6.633072129576611e-05
7000,5,legacy,clean,0,6.306340693322198e-10,8.259673939649545e-11,0.0384866115339573,0.0384863557868644,1.3343940099077266e-09
7000,5,legacy,60dB,0,3.5190986721813866e-08,2.7192353587704724e-08,0.0384776694358062,0.0384863557868644,9.150515036314874e-07
7000,5,legacy,60dB,1,3.454472636879475e-08,3.927208792270429e-08,0.0385016660730538,0.0384863557868644,9.493291446918538e-07
7000,5,legacy,60dB,2,3.9011882298938905e-08,4.6836727072692546e-08,0.0384889778043178,0.0384863557868644,9.106821045351218e-07
7000,5,legacy,60dB,3,3.2725652787501294e-08,3.170582760421151e-08,0.0384794169877374,0.0384863557868644,9.037566887233204e-07
7000,5,legacy,60dB,4,3.1430703785456133e-08,2.7664023402137825e-08,0.038492333576054,0.0384863557868644,9.62458252271788e-07
7000,5,legacy,60dB,5,3.230732857458864e-08,1.908126890721474e-08,0.038491263567851,0.0384863557868644,9.082560368395412e-07
7000,5,legacy,60dB,6,3.0904467480936655e-08,2.9237886916296698e-08,0.0384878847642365,0.0384863557868644,9.167716238708024e-07
7000,5,legacy,60dB,7,4.1299669592472425e-08,4.501219208212549e-08,0.0384976759233526,0.0384863557868644,9.318638778732092e-07
7000,5,legacy,40dB,0,3.4473566194602266e-06,2.7656022814330803e-06,0.0384002916749049,0.0384863557868644,9.157201799274912e-05
7000,5,legacy,40dB,1,3.3541222190335413e-06,3.853686587499632e-06,0.0386401712755841,0.0384863557868644,9.473640236769551e-05
7000,5,legacy,40dB,2,3.864448174123266e-06,4.700464269134827e-06,0.0385137542426199,0.0384863557868644,9.078581988290386e-05
7000,5,legacy,40dB,3,3.2000268850211274e-06,3.0924190412289896e-06,0.0384175445178222,0.0384863557868644,9.019832137775915e-05
7000,5,legacy,40dB,4,3.045281098768172e-06,2.654016409094696e-06,0.0385465686046916,0.0384863557868644,9.615294962732712e-05
7000,5,legacy,40dB,5,3.1597442643924906e-06,1.864474116536344e-06,0.0385359742195792,0.0384863557868644,9.095963372847534e-05
7000,5,legacy,40dB,6,3.038174256115837e-06,2.889876472274906e-06,0.0385020786420383,0.0384863557868644,9.142833319686408e-05
7000,5,legacy,40dB,7,4.04887556641631e-06,4.557246019535476e-06,0.0386008969824878,0.0384863557868644,9.32197006332818e-05
7000,5,balanced,clean,0,6.044914763747422e-10,3.5308224446202446e-11,0.0384862450966701,0.0384863557868644,1.5358264693095927e-09
7000,5,balanced,60dB,0,2.503290320599564e-08,2.84237223729395e-08,0.038483837947527,0.0384863557868644,9.201238412130746e-07
7000,5,balanced,60dB,1,2.8803086477386883e-08,1.7180192216059004e-08,0.0384892519222868,0.0384863557868644,9.58277029278978e-07
7000,5,balanced,60dB,2,2.9901584709592605e-08,2.4590480779527874e-08,0.0384788552031811,0.0384863557868644,9.25923496420722e-07
7000,5,balanced,60dB,3,1.9117282124651343e-08,9.941535964163998e-09,0.0384794494185188,0.0384863557868644,9.231611702430534e-07
7000,5,balanced,60dB,4,2.703736360795656e-08,1.665347886140339e-08,0.0384799991089869,0.0384863557868644,9.721479261872948e-07
7000,5,balanced,60dB,5,2.497520975178793e-08,1.9566993329427806e-08,0.0384847488974721,0.0384863557868644,9.110507826194468e-07
7000,5,balanced,60dB,6,2.3509093686427072e-08,2.8019641652180737e-08,0.0384764131971974,0.0384863557868644,9.173507344745404e-07
7000,5,balanced,60dB,7,2.3124643297502213e-08,2.47127889795594e-08,0.0384930465484439,0.0384863557868644,9.467773882519018e-07
7000,5,balanced,40dB,0,2.45233034599449e-06,2.8215176754508865e-06,0.0384643810469754,0.0384863557868644,9.17173459525982e-05
7000,5,balanced,40dB,1,2.808470679453736e-06,1.682831836913055e-06,0.0385188392330756,0.0384863557868644,9.557496515093586e-05
7000,5,balanced,40dB,2,2.9366033752722466e-06,2.4110333544302397e-06,0.0384149891897323,0.0384863557868644,9.263663304698866e-05
7000,5,balanced,40dB,3,1.863911506007257e-06,9.989848241500613e-07,0.038419966494266,0.0384863557868644,9.214179558406896e-05
7000,5,balanced,40dB,4,2.687425511728356e-06,1.686264218646443e-06,0.0384262077121371,0.0384863557868644,9.696330183604254e-05
7000,5,balanced,40dB,5,2.4297579154947053e-06,1.9304528026451177e-06,0.0384734685509315,0.0384863557868644,9.098811199740056e-05
7000,5,balanced,40dB,6,2.2838012941109277e-06,2.750829603898617e-06,0.0383899802527226,0.0384863557868644,9.190273165864112e-05
7000,5,balanced,40dB,7,2.278426406279794e-06,2.511175036986507e-06,0.0385563122348049,0.0384863557868644,9.461192095770449e-05
7000,8,legacy,clean,0,2.1234608932033112e-14,5.821713576857519e-15,0.0384863524094093,0.0384863557868644,3.3355379379000846e-14
7000,8,legacy,60dB,0,7.738256317112809e-08,8.35898656265819e-08,0.0384819151728865,0.0384863557868644,8.313457865657516e-07
7000,8,legacy,60dB,1,7.323743466148438e-08,9.869078027656637e-08,0.0385025589509743,0.0384863557868644,8.51567098462968e-07
7000,8,legacy,60dB,2,8.515607156409049e-08,9.83994384569479e-08,0.0384862977232617,0.0384863557868644,8.217322771183668e-07
7000,8,legacy,60dB,3,7.86683621738224e-08,9.502760491966789e-08,0.0384783990235271,0.0384863557868644,7.983940818582798e-07
7000,8,legacy,60dB,4,9.579462708339557e-08,8.467399927931224e-08,0.0384930668981558,0.0384863557868644,8.686878512770681e-07
7000,8,legacy,60dB,5,8.351083992792647e-08,8.63442488250951e-08,0.0384836500170067,0.0384863557868644,8.217855688358652e-07
7000,8,legacy,60dB,6,6.806029490706533e-08,7.56722789907855e-08,0.0384872588159868,0.0384863557868644,8.314778002618131e-07
7000,8,legacy,60dB,7,8.249727641515649e-08,9.862815086863773e-08,0.0384970956081867,0.0384863557868644,8.445920795717858e-07
7000,8,legacy,40dB,0,7.738124179494395e-06,8.35903532284801e-06,0.0384489443429203,0.0384863557868644,8.31354932095517e-05
7000,8,legacy,40dB,1,7.323981131818446e-06,9.869566812785596e-06,0.0386550094320356,0.0384863557868644,8.515705206261093e-05
7000,8,legacy,40dB,2,8.515639038662826e-06,9.840028324762126e-06,0.0384934696264476,0.0384863557868644,8.217261631679792e-05
7000,8,legacy,40dB,3,7.866790510321633e-06,9.50231236205196e-06,0.0384138986576673,0.0384863557868644,7.984019021939333e-05
7000,8,legacy,40dB,4,9.580320420164966e-06,8.467530303442211e-06,0.0385621196712158,0.0384863557868644,8.686938979346863e-05
7000,8,legacy,40dB,5,8.35028897668748e-06,8.633911457930679e-06,0.0384668436661525,0.0384863557868644,8.217937973430325e-05
7000,8,legacy,40dB,6,6.806168814643145e-06,7.567786684198275e-06,0.0385015420412404,0.0384863557868644,8.314756614861102e-05
7000,8,legacy,40dB,7,8.249634291472956e-06,9.863513707022945e-06,0.0386012090589023,0.0384863557868644,8.445969266355245e-05
7000,8,balanced,clean,0,2.0068556983681012e-14,5.1253545031179604e-15,0.0384863521447503,0.0384863557868644,3.8119992797977544e-14
7000,8,balanced,60dB,0,5.564492467778454e-08,7.109917157932963e-08,0.0384806085576616,0.0384863557868644,8.350682510846281e-07
7000,8,balanced,60dB,1,5.977567953500359e-08,7.115552499442144e-08,0.0384922938537488,0.0384863557868644,8.756459614697696e-07
7000,8,balanced,60dB,2,6.560728458391165e-08,7.439128337301768e-08,0.0384789134808675,0.0384863557868644,8.417792919309827e-07
7000,8,balanced,60dB,3,6.293892042659424e-08,6.105072466898805e-08,0.0384766916210276,0.0384863557868644,8.267684218101041e-07
7000,8,balanced,60dB,4,6.912802673791374e-08,6.406113492855554e-08,0.0384814160369518,0.0384863557868644,8.65650090205467e-07
7000,8,balanced,60dB,5,6.003466406111567e-08,6.18503686158644e-08,0.0384827485055539,0.0384863557868644,8.167010777892973e-07
7000,8,balanced,60dB,6,6.053097885220677e-08,7.856836585394687e-08,0.0384792951175312,0.0384863557868644,8.284472219769985e-07
7000,8,balanced,60dB,7,5.586771427314765e-08,6.684934083352499e-08,0.0384924867683416,0.0384863557868644,8.661260460975002e-07
7000,8,balanced,40dB,0,5.56433179398028e-06,7.1090781244374e-06,0.0384339241565906,0.0384863557868644,8.350550210259059e-05
7000,8,balanced,40dB,1,5.977750920992605e-06,7.115965763609656e-06,0.0385511492290413,0.0384863557868644,8.756421624794504e-05
7000,8,balanced,40dB,2,6.56055681055598e-06,7.438545302135953e-06,0.0384178699900672,0.0384863557868644,8.41767629583986e-05
7000,8,balanced,40dB,3,6.294006389342591e-06,6.105242140033648e-06,0.0383954115248883,0.0384863557868644,8.267579142291493e-05
7000,8,balanced,40dB,4,6.912484690027149e-06,6.405735007063202e-06,0.0384432122713688,0.0384863557868644,8.656569201536661e-05
7000,8,balanced,40dB,5,6.003313844344686e-06,6.185448592910422e-06,0.0384557187201711,0.0384863557868644,8.166951106856002e-05
7000,8,balanced,40dB,6,6.052864208918333e-06,7.8567941680101e-06,0.0384212294271604,0.0384863557868644,8.284419014241252e-05
7000,8,balanced,40dB,7,5.586937905581883e-06,6.68503141704457e-06,0.0385527266416066,0.0384863557868644,8.661116091415612e-05
7000,12,legacy,clean,0,6.847441798109719e-23,3.9139260626244e-23,0.0384863557867277,0.0384863557868644,5.016357723362313e-23
7000,12,legacy,60dB,0,1.7940751953360414e-07,1.6425411297497258e-07,0.0384845995781611,0.0384863557868644,6.775909727725371e-07
7000,12,legacy,60dB,1,2.0666645596043395e-07,2.0944614984734332e-07,0.0385028064167043,0.0384863557868644,6.92229052426096e-07
7000,12,legacy,60dB,2,2.0664691102102043e-07,1.7510595494127396e-07,0.0385001944227375,0.0384863557868644,6.450635412678958e-07
7000,12,legacy,60dB,3,1.9459386093181065e-07,2.1043027320559445e-07,0.0384808186496663,0.0384863557868644,6.266274696485713e-07
7000,12,legacy,60dB,4,1.9726208592052245e-07,1.958247928731787e-07,0.0384887923029605,0.0384863557868644,6.92747133348653e-07
7000,12,legacy,60dB,5,2.2073630587301014e-07,1.903809992003947e-07,0.0384851145542904,0.0384863557868644,6.307694092959627e-07
7000,12,legacy,60dB,6,1.966690050393393e-07,1.9358439796596525e-07,0.0384846979865912,0.0384863557868644,6.562892061264191e-07
7000,12,legacy,60dB,7,2.202854988847566e-07,2.1189193056750746e-07,0.038494764005162,0.0384863557868644,6.554900840441388e-07
7000,12,legacy,40dB,0,1.7940752024877027e-05,1.6425411318528553e-05,0.0384849403778921,0.0384863557868644,6.775909726294749e-05
7000,12,legacy,40dB,1,2.066664560782243e-05,2.0944614994921845e-05,0.0386694620675427,0.0384863557868644,6.922290521277516e-05
7000,12,legacy,40dB,2,2.0664691103473163e-05,1.751059553042034e-05,0.0386433403688196,0.0384863557868644,6.450635413041337e-05
7000,12,legacy,40dB,3,1.945938615227508e-05,2.1043027359814184e-05,0.0384484978636581,0.0384863557868644,6.266274696581574e-05
7000,12,legacy,40dB,4,1.9726208593307216e-05,1.958247927416861e-05,0.0385284745367898,0.0384863557868644,6.927471331582022e-05
7000,12,legacy,40dB,5,2.207363060483226e-05,1.903809986998253e-05,0.0384938097299016,0.0384863557868644,6.307694093585154e-05
7000,12,legacy,40dB,6,1.9666900494442974e-05,1.935843977842212e-05,0.0384874779958071,0.0384863557868644,6.562892065845162e-05
7000,12,legacy,40dB,7,2.202854992892824e-05,2.118919308902787e-05,0.0385902636660105,0.0384863557868644,6.554900842337579e-05
7000,12,balanced,clean,0,5.620796643443719e-23,2.76433961299192e-23,0.0384863557869382,0.0384863557868644,5.639136750650019e-23
7000,12,balanced,60dB,0,1.645752500781369e-07,1.5919356035228006e-07,0.0384848389487029,0.0384863557868644,6.39995659421714e-07
7000,12,balanced,60dB,1,1.768379122955682e-07,1.5200161798704813e-07,0.0385011994789738,0.0384863557868644,6.79598307805079e-07
7000,12,balanced,60dB,2,1.475977397809616e-07,1.5370044416699406e-07,0.0384828082706143,0.0384863557868644,6.688198038652022e-07
7000,12,balanced,60dB,3,1.8108732122575134e-07,1.6413257654052217e-07,0.0384729724581656,0.0384863557868644,6.48424775863821e-07
7000,12,balanced,60dB,4,1.8570430308077893e-07,1.5561493993707493e-07,0.0384758414405983,0.0384863557868644,6.787449321146662e-07
7000,12,balanced,60dB,5,1.4830621705761738e-07,1.3598199716958001e-07,0.0384821923543622,0.0384863557868644,6.460796091680622e-07
7000,12,balanced,60dB,6,1.7605533444377085e-07,1.7897304448910424e-07,0.0384717075295951,0.0384863557868644,6.337595891451467e-07
7000,12,balanced,60dB,7,1.695325298982401e-07,1.434339453377109e-07,0.0384914734347129,0.0384863557868644,6.958309454135329e-07
7000,12,balanced,40dB,0,1.6457524996700225e-05,1.591935606946109e-05,0.0384859991770808,0.0384863557868644,6.399956587939599e-05
7000,12,balanced,40dB,1,1.7683791195403203e-05,1.5200161815733829e-05,0.0386507081193663,0.0384863557868644,6.795983075997293e-05
7000,12,balanced,40dB,2,1.47597739795996e-05,1.5370044422991944e-05,0.0384641644202798,0.0384863557868644,6.688198041549697e-05
7000,12,balanced,40dB,3,1.8108732150306185e-05,1.641325771211122e-05,0.0383688203581494,0.0384863557868644,6.484247755797366e-05
7000,12,balanced,40dB,4,1.8570430336433372e-05,1.556149407356122e-05,0.0383979257108443,0.0384863557868644,6.787449323950814e-05
7000,12,balanced,40dB,5,1.483062169607512e-05,1.3598199725138066e-05,0.0384580690207036,0.0384863557868644,6.460796092429498e-05
7000,12,balanced,40dB,6,1.7605533437115614e-05,1.7897304383251034e-05,0.0383557181935991,0.0384863557868644,6.337595894518957e-05
7000,12,balanced,40dB,7,1.6953253028437458e-05,1.4343394550380595e-05,0.0385527901924135,0.0384863557868644,6.958309457579307e-05
7250,5,legacy,clean,0,9.173045358836195e-10,1.2713507687697406e-10,0.0370583127033221,0.037057958438288,2.0136504492356224e-09
7250,5,legacy,60dB,0,3.896972763882727e-08,4.7744750446902585e-08,0.0370723180043223,0.037057958438288,9.24871870486658e-07
7250,5,legacy,60dB,1,3.161789180624633e-08,2.61799392972103e-08,0.037058374089385,0.037057958438288,9.522717185663552e-07
7250,5,legacy,60dB,2,2.79541736316856e-08,3.947714015710603e-08,0.0370664607725268,0.037057958438288,8.814760683234107e-07
7250,5,legacy,60dB,3,4.1779240836863394e-08,3.4153786732775264e-08,0.0370540985615872,0.037057958438288,9.35591382350472e-07
7250,5,legacy,60dB,4,3.4965579321230355e-08,2.6068054636355253e-08,0.0370540705479242,0.037057958438288,9.244928182457252e-07
7250,5,legacy,60dB,5,3.5111874461688433e-08,3.098555467963565e-08,0.0370493772593671,0.037057958438288,9.278699878012408e-07
7250,5,legacy,60dB,6,3.034567594718905e-08,4.0619143116050625e-08,0.0370589468825454,0.037057958438288,9.639136349063993e-07
7250,5,legacy,60dB,7,3.2535096283491714e-08,1.9716100006018412e-08,0.037059543370475,0.037057958438288,8.820691050405667e-07
7250,5,legacy,40dB,0,3.813380992499135e-06,4.841911908631115e-06,0.037201797652781,0.037057958438288,9.23585503311975e-05
7250,5,legacy,40dB,1,3.0579263194000497e-06,2.579347473820573e-06,0.0370616765670926,0.037057958438288,9.50345792586626e-05
7250,5,legacy,40dB,2,2.7354929717778303e-06,4.04002173549953e-06,0.037142257602345,0.037057958438288,8.763415337215517e-05
7250,5,legacy,40dB,3,4.107453395435636e-06,3.443442789500845e-06,0.0370198692027007,0.037057958438288,9.335944870589035e-05
7250,5,legacy,40dB,4,3.356052448101832e-06,2.583452901177679e-06,0.0370189058017381,0.037057958438288,9.241518474730575e-05
7250,5,legacy,40dB,5,3.397724785471204e-06,3.109801437053687e-06,0.0369720131255533,0.037057958438288,9.256379370281358e-05
7250,5,legacy,40dB,6,2.952075605642771e-06,4.06597402226673e-06,0.0370673113701416,0.037057958438288,9.597126861986044e-05
7250,5,legacy,40dB,7,3.106803562330824e-06,1.907951803648849e-06,0.0370734090831904,0.037057958438288,8.801216494327435e-05
7250,5,balanced,clean,0,9.197907895666391e-10,8.441242638514433e-11,0.0370585474799864,0.037057958438288,2.2982645357948374e-09
7250,5,balanced,60dB,0,2.4886511184585753e-08,3.0352073834146525e-08,0.0370598090871809,0.037057958438288,9.368942471048878e-07
7250,5,balanced,60dB,1,2.8128206500664597e-08,2.420249878716444e-08,0.0370481840826348,0.037057958438288,9.467814742268456e-07
7250,5,balanced,60dB,2,2.272482339152463e-08,3.3884396664167045e-08,0.0370578450552733,0.037057958438288,8.751429907247899e-07
7250,5,balanced,60dB,3,2.5138670484104133e-08,3.1828507048389144e-08,0.0370558559573869,0.037057958438288,9.302721113053026e-07
7250,5,balanced,60dB,4,3.890815340673215e-08,5.2030267597123055e-08,0.0370687870551923,0.037057958438288,9.045677425011928e-07
7250,5,balanced,60dB,5,3.1639369188264525e-08,3.5553145223381134e-08,0.0370645852885769,0.037057958438288,9.255745228272928e-07
7250,5,balanced,60dB,6,2.4508764318945368e-08,2.796789693927984e-08,0.0370607702006371,0.037057958438288,9.849933919570625e-07
7250,5,balanced,60dB,7,3.278895714491144e-08,3.463646597198739e-08,0.0370493942545145,0.037057958438288,8.735453535750014e-07
7250,5,balanced,40dB,0,2.384603880199178e-06,3.0273626345451832e-06,0.0370733075688177,0.037057958438288,9.347937922640496e-05
7250,5,balanced,40dB,1,2.7106002814216225e-06,2.3890849910329703e-06,0.0369573511028046,0.037057958438288,9.43283356269544e-05
7250,5,balanced,40dB,2,2.183219068724039e-06,3.3425426424230363e-06,0.0370534874818075,0.037057958438288,8.723031519004579e-05
7250,5,balanced,40dB,3,2.438618445409204e-06,3.156818762269485e-06,0.0370338277638489,0.037057958438288,9.275029720207804e-05
7250,5,balanced,40dB,4,3.800031704769016e-06,5.224302328991384e-06,0.0371643624603324,0.037057958438288,9.03006744449232e-05
7250,5,balanced,40dB,5,3.099966053344271e-06,3.593567228185669e-06,0.0371217174163698,0.037057958438288,9.220533454943585e-05
7250,5,balanced,40dB,6,2.3980127389227518e-06,2.882984701138059e-06,0.0370829358897056,0.037057958438288,9.842050373253532e-05
7250,5,balanced,40dB,7,3.2088571226814304e-06,3.4121514770947963e-06,0.0369699044709371,0.037057958438288,8.727256834990909e-05
7250,8,legacy,clean,0,3.659000596463738e-14,1.1151436319145927e-14,0.0370579577087178,0.037057958438288,5.764376389514929e-14
7250,8,legacy,60dB,0,8.340316687239735e-08,9.042711439635605e-08,0.037072765392267,0.037057958438288,8.294023237765323e-07
7250,8,legacy,60dB,1,7.259645822021196e-08,6.984470511598331e-08,0.0370639175706283,0.037057958438288,8.493412763360588e-07
7250,8,legacy,60dB,2,7.379224031941517e-08,9.048362860107548e-08,0.0370661264153211,0.037057958438288,7.744890503928545e-07
7250,8,legacy,60dB,3,9.028788684460436e-08,9.17704362885408e-08,0.0370527207402158,0.037057958438288,8.345516922853742e-07
7250,8,legacy,60dB,4,8.814288508742092e-08,7.222894057586416e-08,0.0370539838166458,0.037057958438288,8.294697159162056e-07
7250,8,legacy,60dB,5,6.959009969141337e-08,6.71733860077647e-08,0.0370473920844689,0.037057958438288,8.318558751501492e-07
7250,8,legacy,60dB,6,7.64123378283664e-08,7.83541256835372e-08,0.0370615083045501,0.037057958438288,8.691700886507027e-07
7250,8,legacy,60dB,7,6.089153866498815e-08,4.6346846204442845e-08,0.0370641735382602,0.037057958438288,8.186111917436856e-07
7250,8,legacy,40dB,0,8.34050411380134e-06,9.042909801943866e-06,0.0372135410169849,0.037057958438288,8.294083112613589e-05
7250,8,legacy,40dB,1,7.259636171188565e-06,6.984513439366806e-06,0.0371240899997406,0.037057958438288,8.493258411899889e-05
7250,8,legacy,40dB,2,7.378813913864428e-06,9.04842314730299e-06,0.0371462856665911,0.037057958438288,7.745028514509915e-05
7250,8,legacy,40dB,3,9.028932326493884e-06,9.176366820421728e-06,0.0370137140774852,0.037057958438288,8.345468412199551e-05
7250,8,legacy,40dB,4,8.813926050176228e-06,7.222871000386173e-06,0.0370261512855268,0.037057958438288,8.294777562577922e-05
7250,8,legacy,40dB,5,6.959100394399674e-06,6.716617114894887e-06,0.0369585646659553,0.037057958438288,8.318430692800684e-05
7250,8,legacy,40dB,6,7.640870444447242e-06,7.835495713387102e-06,0.0371003404144357,0.037057958438288,8.691587731133885e-05
7250,8,legacy,40dB,7,6.089406845816753e-06,4.63458743457881e-06,0.0371255964959299,0.037057958438288,8.18619118236377e-05
7250,8,balanced,clean,0,3.3744670511079354e-14,7.654546415559451e-15,0.0370579595726706,0.037057958438288,6.658797871543543e-14
7250,8,balanced,60dB,0,6.268155219333459e-08,6.167143845363634e-08,0.0370589930203021,0.037057958438288,8.411909254542119e-07
7250,8,balanced,60dB,1,6.41910523406191e-08,5.3673909499611924e-08,0.0370469015668952,0.037057958438288,8.462743292992159e-07
7250,8,balanced,60dB,2,6.81829834474162e-08,7.054862719847798e-08,0.0370526271740277,0.037057958438288,7.755586234100265e-07
7250,8,balanced,60dB,3,6.845555507082372e-08,6.1133522131067e-08,0.0370533030884104,0.037057958438288,8.357981979935777e-07
7250,8,balanced,60dB,4,8.460481761754903e-08,9.542868609290347e-08,0.0370715422963049,0.037057958438288,8.061336164184731e-07
7250,8,balanced,60dB,5,6.883139098284265e-08,6.929535164121117e-08,0.0370604777033751,0.037057958438288,8.267829446445445e-07
7250,8,balanced,60dB,6,7.368995458165363e-08,8.591494950737096e-08,0.0370635736017505,0.037057958438288,8.791296697394866e-07
7250,8,balanced,60dB,7,7.31222193605532e-08,7.330056473341186e-08,0.0370497067554997,0.037057958438288,7.706319130309937e-07
7250,8,balanced,40dB,0,6.268576721304642e-06,6.167101115316314e-06,0.037073935810489,0.037057958438288,8.411827137821447e-05
7250,8,balanced,40dB,1,6.41941662402656e-06,5.367543572361995e-06,0.0369531570213206,0.037057958438288,8.462612005132366e-05
7250,8,balanced,40dB,2,6.818552450977648e-06,7.055177538608303e-06,0.0370107723091623,0.037057958438288,7.755674574182342e-05
7250,8,balanced,40dB,3,6.84521747224609e-06,6.113363940267424e-06,0.0370175553922943,0.037057958438288,8.357979554161447e-05
7250,8,balanced,40dB,4,8.46061175275976e-06,9.542610796656655e-06,0.0372014013728933,0.037057958438288,8.061288779228163e-05
7250,8,balanced,40dB,5,6.882791043554214e-06,6.929718428570006e-06,0.0370893353571534,0.037057958438288,8.267808697163084e-05
7250,8,balanced,40dB,6,7.368601981964921e-06,8.591467254349624e-06,0.0371207315662094,0.037057958438288,8.791214674749626e-05
7250,8,balanced,40dB,7,7.311945200732165e-06,7.329864525178547e-06,0.036982012124273,0.037057958438288,7.706426129620412e-05
7250,12,legacy,clean,0,1.4974455400215737e-22,1.0841745244922358e-22,0.037057958438726,0.037057958438288,1.1513924813954702e-22
7250,12,legacy,60dB,0,1.772243471740724e-07,2.1050520477083242e-07,0.0370725390555616,0.037057958438288,6.611854518809252e-07
7250,12,legacy,60dB,1,2.1774188813421238e-07,2.291402455819077e-07,0.0370682381524701,0.037057958438288,6.653226136421181e-07
7250,12,legacy,60dB,2,2.0368833862767293e-07,2.432086652783578e-07,0.0370666367012914,0.037057958438288,5.892719979346763e-07
7250,12,legacy,60dB,3,2.1445924459417078e-07,2.2721496314981915e-07,0.0370475484331266,0.037057958438288,6.601263544990907e-07
7250,12,legacy,60dB,4,2.454324152384117e-07,2.529146674245673e-07,0.0370549715500958,0.037057958438288,6.423820957677076e-07
7250,12,legacy,60dB,5,2.0659660673406488e-07,2.1915895299915254e-07,0.0370487576549193,0.037057958438288,6.523040512666363e-07
7250,12,legacy,60dB,6,1.902530172627963e-07,1.977074679460336e-07,0.0370586269811346,0.037057958438288,6.981522441907676e-07
7250,12,legacy,60dB,7,2.0172780117771194e-07,2.0658239336650958e-07,0.037055291371551,0.037057958438288,6.233014190006294e-07
7250,12,legacy,40dB,0,1.7722434684141523e-05,2.10505204577004e-05,0.0372197147982947,0.037057958438288,6.611854516000036e-05
7250,12,legacy,40dB,1,2.1774188771115278e-05,2.2914024586175853e-05,0.0371803523460576,0.037057958438288,6.653226136260279e-05
7250,12,legacy,40dB,2,2.0368833845705647e-05,2.432086656688333e-05,0.03716307301484,0.037057958438288,5.892719975277648e-05
7250,12,legacy,40dB,3,2.1445924460834312e-05,2.2721496267444444e-05,0.036973159714748,0.037057958438288,6.60126354173602e-05
7250,12,legacy,40dB,4,2.4543241527899177e-05,2.5291466805022607e-05,0.0370501784698005,0.037057958438288,6.423820963737619e-05
7250,12,legacy,40dB,5,2.0659660687439365e-05,2.191589526481237e-05,0.0369845442952791,0.037057958438288,6.523040515549989e-05
7250,12,legacy,40dB,6,1.9025301649466773e-05,1.977074672580529e-05,0.0370817666342893,0.037057958438288,6.981522447410618e-05
7250,12,legacy,40dB,7,2.017278015359269e-05,2.065823935544459e-05,0.0370494432691184,0.037057958438288,6.233014190003635e-05
7250,12,balanced,clean,0,1.2925819092788906e-22,6.123837353019276e-23,0.037057958438595,0.037057958438288,1.3131700632028742e-22
7250,12,balanced,60dB,0,1.711722775296838e-07,2.1215030357391428e-07,0.0370599613389255,0.037057958438288,6.417290787575168e-07
7250,12,balanced,60dB,1,1.594885054635134e-07,1.6887503382117808e-07,0.0370410414515347,0.037057958438288,6.798136959843133e-07
7250,12,balanced,60dB,2,1.6124370517054828e-07,1.60295943139753e-07,0.0370513115464333,0.037057958438288,6.062449472933744e-07
7250,12,balanced,60dB,3,1.81630636738096e-07,1.833487215731751e-07,0.0370506590965969,0.037057958438288,6.631458022642095e-07
7250,12,balanced,60dB,4,1.955243368327071e-07,2.077563225690317e-07,0.0370753224567715,0.037057958438288,6.333464117539683e-07
7250,12,balanced,60dB,5,1.7426306253725237e-07,1.846015509710277e-07,0.0370716893846121,0.037057958438288,6.361722752839951e-07
7250,12,balanced,60dB,6,1.7148452577355416e-07,2.0752913047830002e-07,0.0370585172299274,0.037057958438288,6.972475727834166e-07
7250,12,balanced,60dB,7,1.519653336489368e-07,1.8028268777330779e-07,0.0370527878021515,0.037057958438288,6.131729179552869e-07
7250,12,balanced,40dB,0,1.7117227744706305e-05,2.1215030383207363e-05,0.03709339294687,0.037057958438288,6.417290781387391e-05
7250,12,balanced,40dB,1,1.5948850553958364e-05,1.6887503457200533e-05,0.0369031425334914,0.037057958438288,6.798136956316697e-05
7250,12,balanced,40dB,2,1.612437049460344e-05,1.602959432473785e-05,0.0370060014504213,0.037057958438288,6.062449467628375e-05
7250,12,balanced,40dB,3,1.8163063766819928e-05,1.8334872236467597e-05,0.0370013117760134,0.037057958438288,6.631458023283993e-05
7250,12,balanced,40dB,4,1.955243362517475e-05,2.07756321587397e-05,0.0372491958106169,0.037057958438288,6.333464112104918e-05
7250,12,balanced,40dB,5,1.7426306259006306e-05,1.846015509642344e-05,0.0372109515744002,0.037057958438288,6.361722753997259e-05
7250,12,balanced,40dB,6,1.7148452527048676e-05,2.0752912988208144e-05,0.0370789799591889,0.037057958438288,6.972475723941256e-05
7250,12,balanced,40dB,7,1.5196533328219973e-05,1.802826878259216e-05,0.0370199289541516,0.037057958438288,6.131729170296408e-05
7500,5,legacy,clean,0,1.3824211929349847e-09,1.6327193297076534e-10,0.0356451090003836,0.0356452166572234,2.9935140883775636e-09
7500,5,legacy,60dB,0,2.2680570533898007e-08,2.7161673778991873e-08,0.0356357292374668,0.0356452166572234,9.084099416292388e-07
7500,5,legacy,60dB,1,3.002564564285821e-08,2.6604477543294448e-08,0.0356444332265106,0.0356452166572234,9.69820298911391e-07
7500,5,legacy,60dB,2,2.967150682013745e-08,2.829477908465288e-08,0.0356415742632637,0.0356452166572234,9.252645209452862e-07
7500,5,legacy,60dB,3,2.5367727555727337e-08,2.6617662169367297e-08,0.0356394352724649,0.0356452166572234,9.281154942532192e-07
7500,5,legacy,60dB,4,4.146224112434119e-08,2.9782979261964248e-08,0.0356534696178764,0.0356452166572234,9.403624741458032e-07
7500,5,legacy,60dB,5,3.2138818442457046e-08,2.685587984164671e-08,0.0356466629954004,0.0356452166572234,9.463115317663412e-07
7500,5,legacy,60dB,6,3.084994723744682e-08,3.0551458457902055e-08,0.0356435226511975,0.0356452166572234,9.631410273759632e-07
7500,5,legacy,60dB,7,3.054224059170596e-08,2.0757310140731137e-08,0.035640371754016,0.0356452166572234,9.68715699678867e-07
7500,5,legacy,40dB,0,2.147424464199581e-06,2.7048016661898064e-06,0.0355532444317643,0.0356452166572234,9.07684668815765e-05
7500,5,legacy,40dB,1,2.8792044915726834e-06,2.647219357542069e-06,0.0356409426514786,0.0356452166572234,9.65387051601705e-05
7500,5,legacy,40dB,2,2.817199313099739e-06,2.755953539349506e-06,0.03561229455522,0.0356452166572234,9.262383534933111e-05
7500,5,legacy,40dB,3,2.441263593589973e-06,2.703902776152835e-06,0.0355905717493056,0.0356452166572234,9.24081691326792e-05
7500,5,legacy,40dB,4,4.10258420085458e-06,2.953528294159412e-06,0.0357324155788917,0.0356452166572234,9.36851752700999e-05
7500,5,legacy,40dB,5,3.051049680716701e-06,2.6177901782804174e-06,0.0356633910538376,0.0356452166572234,9.41502779534808e-05
7500,5,legacy,40dB,6,2.968575922127396e-06,3.0614797667097818e-06,0.0356319180267626,0.0356452166572234,9.629261670864324e-05
7500,5,legacy,40dB,7,2.961752496259246e-06,2.078868306786657e-06,0.0356004053085889,0.0356452166572234,9.664028794739098e-05
7500,5,balanced,clean,0,1.3360097423507488e-09,1.1816409643556146e-10,0.0356453721247595,0.0356452166572234,3.387763586295562e-09
7500,5,balanced,60dB,0,2.9804866239070204e-08,2.260394002695928e-08,0.0356454909728898,0.0356452166572234,9.057820160864252e-07
7500,5,balanced,60dB,1,2.9906241616079644e-08,3.6251455153533583e-08,0.035646597535309,0.0356452166572234,9.53762082593757e-07
7500,5,balanced,60dB,2,3.9274408080978556e-08,2.7435139246204574e-08,0.0356517236357417,0.0356452166572234,9.399437010175214e-07
7500,5,balanced,60dB,3,2.8926990995794897e-08,2.90308569480894e-08,0.0356445846412566,0.0356452166572234,9.132831926771052e-07
7500,5,balanced,60dB,4,2.6290247045688985e-08,2.4069587848151223e-08,0.0356478836698456,0.0356452166572234,9.543802001875048e-07
7500,5,balanced,60dB,5,2.82473611439422e-08,2.845858941247507e-08,0.0356573283498086,0.0356452166572234,9.310776895229708e-07
7500,5,balanced,60dB,6,2.3202710523284524e-08,2.2026941798204612e-08,0.0356408497284578,0.0356452166572234,9.756050697360946e-07
7500,5,balanced,60dB,7,2.7114741166109466e-08,3.085780079980409e-08,0.0356359658047671,0.0356452166572234,9.702257367343278e-07
7500,5,balanced,40dB,0,2.8598078440626718e-06,2.2310387332067435e-06,0.0356491343893321,0.0356452166572234,8.992282952419465e-05
7500,5,balanced,40dB,1,2.892579715610508e-06,3.677953614409565e-06,0.0356602317716408,0.0356452166572234,9.484735411721596e-05
7500,5,balanced,40dB,2,3.768332366292333e-06,2.705769772276989e-06,0.0357122748469542,0.0356452166572234,9.354750082197596e-05
7500,5,balanced,40dB,3,2.700165706135276e-06,2.831100431589959e-06,0.0356399202096145,0.0356452166572234,9.141828922899812e-05
7500,5,balanced,40dB,4,2.564993610076116e-06,2.4877306866939534e-06,0.035672801690848,0.0356452166572234,9.47006469314277e-05
7500,5,balanced,40dB,5,2.718879634355607e-06,2.858738915103845e-06,0.0357673828053603,0.0356452166572234,9.27650069887078e-05
7500,5,balanced,40dB,6,2.2001694401528647e-06,2.2022696041245163e-06,0.035602128328164,0.0356452166572234,9.73470545670879e-05
7500,5,balanced,40dB,7,2.5689021738057725e-06,3.0303360848214378e-06,0.0355536187036848,0.0356452166572234,9.661667837549838e-05
7500,8,legacy,clean,0,6.218858576013364e-14,1.6814055776051062e-14,0.0356452234388897,0.0356452166572234,9.75614567884935e-14
7500,8,legacy,60dB,0,7.067896407192164e-08,6.568439123854675e-08,0.0356369320297448,0.0356452166572234,8.089761593699083e-07
7500,8,legacy,60dB,1,7.923946427979375e-08,7.227857080540384e-08,0.0356495852536041,0.0356452166572234,8.647393466701371e-07
7500,8,legacy,60dB,2,8.737296294349227e-08,7.44263442707434e-08,0.0356384271484679,0.0356452166572234,8.286322570739451e-07
7500,8,legacy,60dB,3,7.166173736912819e-08,7.163325786651872e-08,0.0356467328835236,0.0356452166572234,8.210215663637624e-07
7500,8,legacy,60dB,4,9.621972609630889e-08,7.899747500583057e-08,0.0356587227312558,0.0356452166572234,8.441468681779572e-07
7500,8,legacy,60dB,5,7.523610097595915e-08,7.706939642386494e-08,0.0356480957378673,0.0356452166572234,8.409863709500779e-07
7500,8,legacy,60dB,6,6.793653917896712e-08,6.286637228175884e-08,0.0356394357196658,0.0356452166572234,8.684214829547951e-07
7500,8,legacy,60dB,7,7.587068082405909e-08,5.908947174472328e-08,0.0356435537625308,0.0356452166572234,8.745017024051156e-07
7500,8,legacy,40dB,0,7.067728192240436e-06,6.568901020180543e-06,0.0355686702865508,0.0356452166572234,8.08985719013343e-05
7500,8,legacy,40dB,1,7.923575957760433e-06,7.2271441972209536e-06,0.035695972767908,0.0356452166572234,8.647273783332933e-05
7500,8,legacy,40dB,2,8.736945629151358e-06,7.442341391683843e-06,0.0355851237512299,0.0356452166572234,8.286283743356801e-05
7500,8,legacy,40dB,3,7.167085800594912e-06,7.164307767763212e-06,0.0356667683542143,0.0356452166572234,8.210137250215117e-05
7500,8,legacy,40dB,4,9.62137296490199e-06,7.898431050690108e-06,0.0357888755388145,0.0356452166572234,8.441437838330205e-05
7500,8,legacy,40dB,5,7.523265105443782e-06,7.705909978520118e-06,0.0356807173333209,0.0356452166572234,8.41021375381262e-05
7500,8,legacy,40dB,6,6.79433329469125e-06,6.287478356943337e-06,0.0355934612151117,0.0356452166572234,8.684274710607448e-05
7500,8,legacy,40dB,7,7.586168375084848e-06,5.908234187362859e-06,0.0356353541374271,0.0356452166572234,8.745084762345878e-05
7500,8,balanced,clean,0,5.847476112178779e-14,1.108603118190976e-14,0.0356452220067805,0.0356452166572234,1.1401824478715325e-13
7500,8,balanced,60dB,0,6.236948890788397e-08,4.5817284393342424e-08,0.0356408489378216,0.0356452166572234,8.17937895373121e-07
7500,8,balanced,60dB,1,7.068805890315723e-08,7.442966475076487e-08,0.0356491581746579,0.0356452166572234,8.532966980437696e-07
7500,8,balanced,60dB,2,7.430629129817643e-08,5.8446937711382107e-08,0.0356517297547484,0.0356452166572234,8.338441123764142e-07
7500,8,balanced,60dB,3,6.722418511803126e-08,5.9036877604626284e-08,0.0356393606232727,0.0356452166572234,8.227491483088067e-07
7500,8,balanced,60dB,4,5.8060982060865465e-08,5.3457544283699314e-08,0.0356468981105145,0.0356452166572234,8.595790746607173e-07
7500,8,balanced,60dB,5,7.157023319381978e-08,6.30487496570665e-08,0.0356601870881387,0.0356452166572234,8.363444931670267e-07
7500,8,balanced,60dB,6,6.78007950578668e-08,5.6308222488906195e-08,0.0356368852185663,0.0356452166572234,8.791969798093846e-07
7500,8,balanced,60dB,7,7.205878111043145e-08,7.542801107410886e-08,0.0356349464495097,0.0356452166572234,8.518542706569778e-07
7500,8,balanced,40dB,0,6.237025892242747e-06,4.5823099578892175e-06,0.0356071046487211,0.0356452166572234,8.179471856836048e-05
7500,8,balanced,40dB,1,7.0677209812726776e-06,7.442653850737725e-06,0.0356909445264738,0.0356452166572234,8.532986707085333e-05
7500,8,balanced,40dB,2,7.430765085870118e-06,5.844590422495433e-06,0.0357169871891593,0.0356452166572234,8.33828672976739e-05
7500,8,balanced,40dB,3,6.722658558659275e-06,5.90382841205496e-06,0.0355926585889371,0.0356452166572234,8.227467874981703e-05
7500,8,balanced,40dB,4,5.80633683301057e-06,5.346504215829414e-06,0.035667208771659,0.0356452166572234,8.595822355611274e-05
7500,8,balanced,40dB,5,7.156707406469468e-06,6.304456070572777e-06,0.0358013138259641,0.0356452166572234,8.363417614570366e-05
7500,8,balanced,40dB,6,6.780379488679088e-06,5.630927968891875e-06,0.0355679564967028,0.0356452166572234,8.791952552995889e-05
7500,8,balanced,40dB,7,7.20562033323776e-06,7.543320274433068e-06,0.0355489514671207,0.0356452166572234,8.518405061667967e-05
7500,12,legacy,clean,0,3.3204662099483653e-22,2.4397394000039684e-22,0.0356452166571658,0.0356452166572234,2.582240935140508e-22
7500,12,legacy,60dB,0,2.317652434370647e-07,1.9771796081715882e-07,0.0356307647458302,0.0356452166572234,6.199917535208335e-07
7500,12,legacy,60dB,1,2.156833266406755e-07,1.8808522151043859e-07,0.0356499012611333,0.0356452166572234,6.669002964969134e-07
7500,12,legacy,60dB,2,2.3480006571788418e-07,2.1949449765265341e-07,0.035641066889701,0.0356452166572234,6.469633398421416e-07
7500,12,legacy,60dB,3,1.950511729719943e-07,1.8410623037613362e-07,0.0356481537837749,0.0356452166572234,6.589293051713231e-07
7500,12,legacy,60dB,4,2.4484102491111186e-07,2.035999624800106e-07,0.0356587324022784,0.0356452166572234,6.577188993209158e-07
7500,12,legacy,60dB,5,2.3625764893871925e-07,2.1653511975667426e-07,0.0356514332979595,0.0356452166572234,6.538038488114998e-07
7500,12,legacy,60dB,6,2.1058341931409965e-07,1.859315551803865e-07,0.0356423569920702,0.0356452166572234,6.977516259880765e-07
7500,12,legacy,60dB,7,2.250974598106432e-07,2.0338194417860195e-07,0.0356319318851901,0.0356452166572234,6.80142372100323e-07
7500,12,legacy,40dB,0,2.317652424849112e-05,1.9771796009513557e-05,0.0355215564156234,0.0356452166572234,6.199917540760047e-05
7500,12,legacy,40dB,1,2.156833263086226e-05,1.8808522019376863e-05,0.0357114741962054,0.0356452166572234,6.669002965278844e-05
7500,12,legacy,40dB,2,2.3480006602714312e-05,2.19494497568062e-05,0.0356248509884632,0.0356452166572234,6.469633400485011e-05
7500,12,legacy,40dB,3,1.950511747593472e-05,1.8410623249838533e-05,0.0356921425290036,0.0356452166572234,6.589293046800624e-05
7500,12,legacy,40dB,4,2.448410233040326e-05,2.035999609622001e-05,0.0358024098003727,0.0356452166572234,6.57718899196646e-05
7500,12,legacy,40dB,5,2.362576477422633e-05,2.1653511872394088e-05,0.0357286462533869,0.0356452166572234,6.538038491825649e-05
7500,12,legacy,40dB,6,2.105834185356564e-05,1.8593155537859406e-05,0.0356355725138705,0.0356452166572234,6.977516265002016e-05
7500,12,legacy,40dB,7,2.250974599144239e-05,2.033819437945188e-05,0.0355326277088018,0.0356452166572234,6.801423714540969e-05
7500,12,balanced,clean,0,2.6110099088886723e-22,1.087742825751755e-22,0.0356452166570333,0.0356452166572234,2.9663467097171373e-22
7500,12,balanced,60dB,0,1.6866813836018505e-07,1.3524405879563024e-07,0.0356343172113392,0.0356452166572234,6.383900133739878e-07
7500,12,balanced,60dB,1,1.568131407078509e-07,1.6165243077189977e-07,0.0356484453547961,0.0356452166572234,6.926132457976004e-07
7500,12,balanced,60dB,2,1.855027301276722e-07,1.631931769248957e-07,0.0356534430838579,0.0356452166572234,6.516132930440009e-07
7500,12,balanced,60dB,3,1.429232139045325e-07,1.510502372608215e-07,0.0356399876941712,0.0356452166572234,6.653260872970109e-07
7500,12,balanced,60dB,4,1.747825988498724e-07,1.5637937845002066e-07,0.0356423290920401,0.0356452166572234,6.772526843299589e-07
7500,12,balanced,60dB,5,1.639330470623106e-07,1.6489830436700333e-07,0.0356544337546434,0.0356452166572234,6.659101587260208e-07
7500,12,balanced,60dB,6,1.7308203386976064e-07,1.3786745628280753e-07,0.0356374856548318,0.0356452166572234,7.000763321146962e-07
7500,12,balanced,60dB,7,1.7681057677445237e-07,1.7299285226049629e-07,0.0356297647701679,0.0356452166572234,6.424858966412213e-07
7500,12,balanced,40dB,0,1.6866813847181684e-05,1.3524405932805083e-05,0.0355514023325564,0.0356452166572234,6.383900137201198e-05
7500,12,balanced,40dB,1,1.5681314089527754e-05,1.616524300627685e-05,0.0356916168173444,0.0356452166572234,6.92613245774256e-05
7500,12,balanced,40dB,2,1.855027309123104e-05,1.6319317701451597e-05,0.0357441761710689,0.0356452166572234,6.516132926849276e-05
7500,12,balanced,40dB,3,1.429232143596479e-05,1.5105023776448672e-05,0.0356057901177092,0.0356452166572234,6.653260864422717e-05
7500,12,balanced,40dB,4,1.7478259773942494e-05,1.5637937655045973e-05,0.0356320714408873,0.0356452166572234,6.772526844994003e-05
7500,12,balanced,40dB,5,1.6393304744063697e-05,1.648983047629819e-05,0.035752141607409,0.0356452166572234,6.659101583662537e-05
7500,12,balanced,40dB,6,1.730820333236115e-05,1.3786745592949297e-05,0.0355834840180117,0.0356452166572234,7.000763329300119e-05
7500,12,balanced,40dB,7,1.7681057712279585e-05,1.7299285267786208e-05,0.0355066107403231,0.0356452166572234,6.424858958535811e-05
7750,5,legacy,clean,0,2.042040446967098e-09,1.6916666599427175e-10,0.0342523301967843,0.0342519820971504,4.3785943186344275e-09
7750,5,legacy,60dB,0,3.346295782772742e-08,2.443713677021053e-08,0.0342478512098454,0.0342519820971504,8.910453547473269e-07
7750,5,legacy,60dB,1,3.264738203533817e-08,2.3735597177307424e-08,0.0342531423144159,0.0342519820971504,9.109298916790516e-07
7750,5,legacy,60dB,2,2.407771491248668e-08,2.2756234465766223e-08,0.0342453665746421,0.0342519820971504,8.842018003995305e-07
7750,5,legacy,60dB,3,3.4804401925241144e-08,4.016022952540561e-08,0.0342600531429859,0.0342519820971504,9.464691693552272e-07
7750,5,legacy,60dB,4,2.9283715282206713e-08,3.290886428765672e-08,0.0342471621524967,0.0342519820971504,9.1884609047537e-07
7750,5,legacy,60dB,5,3.941117050876457e-08,2.4237633954990993e-08,0.0342400259809587,0.0342519820971504,9.521352906458072e-07
7750,5,legacy,60dB,6,3.803019544162811e-08,3.0724432044142404e-08,0.0342581827652086,0.0342519820971504,9.2174018725536e-07
7750,5,legacy,60dB,7,3.014916229623093e-08,2.668088322352689e-08,0.0342510535870714,0.0342519820971504,1.006508313496284e-06
7750,5,legacy,40dB,0,3.287328776549118e-06,2.5288466451991607e-06,0.0342105114049577,0.0342519820971504,8.892219275029907e-05
7750,5,legacy,40dB,1,3.0949603392677164e-06,2.30955911713757e-06,0.034263238237983,0.0342519820971504,9.022978094844852e-05
7750,5,legacy,40dB,2,2.2444853048365898e-06,2.2974848918638914e-06,0.0341847160618822,0.0342519820971504,8.772569106801305e-05
7750,5,legacy,40dB,3,3.320189967090776e-06,3.9596274391773554e-06,0.0343325501831121,0.0342519820971504,9.407349737855816e-05
7750,5,legacy,40dB,4,2.696843382578225e-06,3.3106866283380954e-06,0.0342030721385017,0.0342519820971504,9.1078730394097e-05
7750,5,legacy,40dB,5,3.833295545164042e-06,2.4287831175583163e-06,0.034132745600733,0.0342519820971504,9.47475303648199e-05
7750,5,legacy,40dB,6,3.5747843362114186e-06,3.049852305904133e-06,0.0343140687417731,0.0342519820971504,9.136011981263976e-05
7750,5,legacy,40dB,7,2.8322738104959747e-06,2.760478145150659e-06,0.0342421132602064,0.0342519820971504,0.0001005062144217
7750,5,balanced,clean,0,1.968282567872138e-09,1.4006504636064572e-10,0.0342517895313716,0.0342519820971504,4.931658690210207e-09
7750,5,balanced,60dB,0,3.395972739815965e-08,1.5377450790463657e-08,0.0342509061748268,0.0342519820971504,8.933182562283292e-07
7750,5,balanced,60dB,1,2.7799378497422644e-08,2.139939537137697e-08,0.0342559099827077,0.0342519820971504,9.127049323776408e-07
7750,5,balanced,60dB,2,3.213781456509326e-08,2.5278576579635242e-08,0.0342479239436441,0.0342519820971504,8.719822336179513e-07
7750,5,balanced,60dB,3,2.608343971551787e-08,2.1064286576282146e-08,0.0342573361669293,0.0342519820971504,9.55615094519954e-07
7750,5,balanced,60dB,4,2.6516029610029072e-08,2.5889137632725983e-08,0.0342529090196621,0.0342519820971504,9.270806778995896e-07
7750,5,balanced,60dB,5,4.305929309183646e-08,3.9482052188262654e-08,0.034251463143031,0.0342519820971504,9.44445814198657e-07
7750,5,balanced,60dB,6,2.388378009899263e-08,2.4764362593933853e-08,0.0342613173817894,0.0342519820971504,9.347742564600836e-07
7750,5,balanced,60dB,7,3.416975336439044e-08,2.1057589415405733e-08,0.0342507378248501,0.0342519820971504,1.0055651786982887e-06
7750,5,balanced,40dB,0,3.198221379639264e-06,1.568313689812397e-06,0.0342458323045722,0.0342519820971504,8.89667397739653e-05
7750,5,balanced,40dB,1,2.5713144256202555e-06,2.124652084970371e-06,0.0342953050799156,0.0342519820971504,9.04880714876298e-05
7750,5,balanced,40dB,2,2.994117499110048e-06,2.504945207040973e-06,0.0342158241079927,0.0342519820971504,8.681972501400801e-05
7750,5,balanced,40dB,3,2.3734588482629783e-06,2.042796410954773e-06,0.0343093862259421,0.0342519820971504,9.527055206742009e-05
7750,5,balanced,40dB,4,2.4320026625147943e-06,2.637908109418404e-06,0.0342651689711862,0.0342519820971504,9.189729029234308e-05
7750,5,balanced,40dB,5,4.120377054098893e-06,3.963423366349412e-06,0.0342522331466311,0.0342519820971504,9.372342388260288e-05
7750,5,balanced,40dB,6,2.1542507203592e-06,2.4532687834954218e-06,0.0343490011630117,0.0342519820971504,9.290950154889396e-05
7750,5,balanced,40dB,7,3.21005393172488e-06,2.1819329890107784e-06,0.0342441585370976,0.0342519820971504,9.956281314773208e-05
7750,8,legacy,clean,0,9.876690202896269e-14,3.740473913234226e-14,0.0342519738006072,0.0342519820971504,1.6249894740752088e-13
7750,8,legacy,60dB,0,6.88886658246588e-08,6.529361277159497e-08,0.0342510126651754,0.0342519820971504,8.165119519886591e-07
7750,8,legacy,60dB,1,6.930799860164707e-08,7.613814845904765e-08,0.0342518242982925,0.0342519820971504,8.126323841202172e-07
7750,8,legacy,60dB,2,7.202213322616043e-08,8.09787178125866e-08,0.0342418803744592,0.0342519820971504,7.887218842729701e-07
7750,8,legacy,60dB,3,8.837890940479117e-08,1.175120131342602e-07,0.0342575107276874,0.0342519820971504,8.400315378051579e-07
7750,8,legacy,60dB,4,6.944981714321662e-08,8.786193650841517e-08,0.0342509760552769,0.0342519820971504,8.097405222267224e-07
7750,8,legacy,60dB,5,9.61097637879781e-08,9.86957931210889e-08,0.0342484577114516,0.0342519820971504,8.495188304747129e-07
7750,8,legacy,60dB,6,7.208231727842355e-08,8.138704842094066e-08,0.0342574522663415,0.0342519820971504,8.336179465511373e-07
7750,8,legacy,60dB,7,9.10102966645108e-08,1.1855464737458205e-07,0.0342531844869061,0.0342519820971504,8.880733083457626e-07
7750,8,legacy,40dB,0,6.888505552235297e-06,6.529918687148318e-06,0.0342485620660718,0.0342519820971504,8.165421967636896e-05
7750,8,legacy,40dB,1,6.930438839851678e-06,7.614094686856626e-06,0.0342567161372025,0.0342519820971504,8.126295274654757e-05
7750,8,legacy,40dB,2,7.20092505017039e-06,8.099046432369268e-06,0.034157520243734,0.0342519820971504,7.887195685822615e-05
7750,8,legacy,40dB,3,8.838074183478309e-06,1.175307631137684e-05,0.0343152973573871,0.0342519820971504,8.400226480682692e-05
7750,8,legacy,40dB,4,6.945750117884702e-06,8.78810712922071e-06,0.0342482476001397,0.0342519820971504,8.097320167386722e-05
7750,8,legacy,40dB,5,9.611372278102829e-06,9.870812566672716e-06,0.03422546318458,0.0342519820971504,8.495184624708487e-05
7750,8,legacy,40dB,6,7.208129384623318e-06,8.139886657176334e-06,0.0343132457650501,0.0342519820971504,8.336139112201225e-05
7750,8,legacy,40dB,7,9.100129511211396e-06,1.1855393647841e-05,0.0342722706910293,0.0342519820971504,8.880556702057256e-05
7750,8,balanced,clean,0,9.402509769357789e-14,1.9589283079840484e-14,0.034251977120486,0.0342519820971504,1.913318105280565e-13
7750,8,balanced,60dB,0,6.717948879384038e-08,6.649311152594554e-08,0.0342516171308983,0.0342519820971504,8.000849312800366e-07
7750,8,balanced,60dB,1,6.556461866633187e-08,7.399134345579578e-08,0.0342513523760034,0.0342519820971504,8.03691088058454e-07
7750,8,balanced,60dB,2,6.579718985774577e-08,7.299674855699223e-08,0.0342489174751296,0.0342519820971504,7.792334022579896e-07
7750,8,balanced,60dB,3,6.744177916095367e-08,8.892763262253785e-08,0.0342580306266654,0.0342519820971504,8.497034104783591e-07
7750,8,balanced,60dB,4,6.120295434714535e-08,7.772630410434425e-08,0.0342517024240406,0.0342519820971504,8.264178202837738e-07
7750,8,balanced,60dB,5,8.754381640836758e-08,1.0446976884943427e-07,0.0342529948236356,0.0342519820971504,8.416589822733547e-07
7750,8,balanced,60dB,6,5.801737537844252e-08,6.205860196165381e-08,0.0342597120437195,0.0342519820971504,8.513099093585073e-07
7750,8,balanced,60dB,7,8.888038727227457e-08,8.249663043743217e-08,0.03425033986379,0.0342519820971504,8.753858480119044e-07
7750,8,balanced,40dB,0,6.718009903910027e-06,6.6487575445969405e-06,0.0342544234404711,0.0342519820971504,8.001095360847407e-05
7750,8,balanced,40dB,1,6.5568283676792185e-06,7.399896653635519e-06,0.0342516308586866,0.0342519820971504,8.037024274482297e-05
7750,8,balanced,40dB,2,6.579978177242525e-06,7.299707695427414e-06,0.0342273026740466,0.0342519820971504,7.792449713159587e-05
7750,8,balanced,40dB,3,6.744596368281568e-06,8.8944676129887e-06,0.0343185823617031,0.0342519820971504,8.49717450359176e-05
7750,8,balanced,40dB,4,6.1196811503496015e-06,7.771996627430081e-06,0.0342547378084844,0.0342519820971504,8.264011306879975e-05
7750,8,balanced,40dB,5,8.755627072905581e-06,1.0448138132784996e-05,0.0342700343417365,0.0342519820971504,8.417030056211528e-05
7750,8,balanced,40dB,6,5.80184931715916e-06,6.206421999335791e-06,0.0343345480292299,0.0342519820971504,8.51317279195853e-05
7750,8,balanced,40dB,7,8.888560235628617e-06,8.249927399906939e-06,0.0342436043107355,0.0342519820971504,8.753918455600506e-05
7750,12,legacy,clean,0,6.953935129818904e-22,4.531267258024202e-22,0.0342519820967376,0.0342519820971504,5.65050439642901e-22
7750,12,legacy,60dB,0,2.150992784845278e-07,2.0799942342942337e-07,0.034254148698674,0.0342519820971504,6.312632862318512e-07
7750,12,legacy,60dB,1,2.098777597250917e-07,1.878862080890726e-07,0.034254553657337,0.0342519820971504,6.453418226851112e-07
7750,12,legacy,60dB,2,1.7733709683067356e-07,1.8256620125499578e-07,0.0342392903591363,0.0342519820971504,6.258104577245606e-07
7750,12,legacy,60dB,3,2.1015997244890203e-07,2.3168847158221698e-07,0.0342608402823,0.0342519820971504,6.838522533909516e-07
7750,12,legacy,60dB,4,2.0270568509976207e-07,1.8947523675348721e-07,0.0342561158368513,0.0342519820971504,6.214016723900326e-07
7750,12,legacy,60dB,5,2.0964244730216254e-07,2.121697799589221e-07,0.0342493564194107,0.0342519820971504,6.750251020983235e-07
7750,12,legacy,60dB,6,2.0636324736915859e-07,2.0132285658063867e-07,0.0342583128495161,0.0342519820971504,6.480004372356538e-07
7750,12,legacy,60dB,7,2.140485460077781e-07,2.256675945874431e-07,0.0342542523441404,0.0342519820971504,6.88944059468801e-07
7750,12,legacy,40dB,0,2.15099280069805e-05,2.079994286688984e-05,0.0342930070513237,0.0342519820971504,6.312632877047804e-05
7750,12,legacy,40dB,1,2.0987775968601627e-05,1.87886206606937e-05,0.0342965867011032,0.0342519820971504,6.453418234442924e-05
7750,12,legacy,40dB,2,1.773370953986796e-05,1.8256620135211885e-05,0.0341410250592967,0.0342519820971504,6.258104573443079e-05
7750,12,legacy,40dB,3,2.1015997067499776e-05,2.3168846985210533e-05,0.034359478349705,0.0342519820971504,6.838522523507461e-05
7750,12,legacy,40dB,4,2.0270568445103008e-05,1.894752361314886e-05,0.0343115630094689,0.0342519820971504,6.21401672913271e-05
7750,12,legacy,40dB,5,2.0964244597293315e-05,2.121697791922223e-05,0.0342445931435927,0.0342519820971504,6.750251023309065e-05
7750,12,legacy,40dB,6,2.0636324620286107e-05,2.013228548507444e-05,0.0343338623166701,0.0342519820971504,6.48000437334615e-05
7750,12,legacy,40dB,7,2.1404854548414632e-05,2.256675936369948e-05,0.0342939489398542,0.0342519820971504,6.889440591281143e-05
7750,12,balanced,clean,0,5.603611628430684e-22,2.3276425949549527e-22,0.0342519820972515,0.0342519820971504,6.528865557600793e-22
7750,12,balanced,60dB,0,1.5584812300035292e-07,1.434929088712371e-07,0.0342507043909855,0.0342519820971504,6.507904017469774e-07
7750,12,balanced,60dB,1,1.5558261806411218e-07,1.714521459110339e-07,0.0342495427776568,0.0342519820971504,6.226414195306287e-07
7750,12,balanced,60dB,2,1.538772075636139e-07,1.577907424480592e-07,0.0342455379846351,0.0342519820971504,6.1131499388233e-07
7750,12,balanced,60dB,3,1.7168028429515298e-07,1.886083053754232e-07,0.0342545518640097,0.0342519820971504,6.597439686060945e-07
7750,12,balanced,60dB,4,1.4472585432459318e-07,1.5587295355473077e-07,0.0342510395234371,0.0342519820971504,6.710348761696916e-07
7750,12,balanced,60dB,5,1.841270383439821e-07,1.9148833858006485e-07,0.0342528147103783,0.0342519820971504,6.61132575046069e-07
7750,12,balanced,60dB,6,1.5959687703788765e-07,1.518257644477605e-07,0.0342579724137324,0.0342519820971504,6.641770937297774e-07
7750,12,balanced,60dB,7,2.009599689540296e-07,1.798127592371341e-07,0.034252509391349,0.0342519820971504,6.793118804531489e-07
7750,12,balanced,40dB,0,1.558481232600828e-05,1.4349290936411346e-05,0.0342532313656878,0.0342519820971504,6.507904007605687e-05
7750,12,balanced,40dB,1,1.5558261754559955e-05,1.7145214551740746e-05,0.0342415913368774,0.0342519820971504,6.226414204673746e-05
7750,12,balanced,40dB,2,1.5387720762712382e-05,1.577907419893584e-05,0.0342013899197751,0.0342519820971504,6.113149926561361e-05
7750,12,balanced,40dB,3,1.7168028453811012e-05,1.8860830414518425e-05,0.0342931309904443,0.0342519820971504,6.597439686069896e-05
7750,12,balanced,40dB,4,1.4472585387322134e-05,1.5587295450301423e-05,0.0342555816859512,0.0342519820971504,6.710348743888933e-05
7750,12,balanced,40dB,5,1.84127037785437e-05,1.914883373396496e-05,0.0342768796619133,0.0342519820971504,6.611325767569371e-05
7750,12,balanced,40dB,6,1.595968771353813e-05,1.518257638397092e-05,0.0343262489810035,0.0342519820971504,6.64177094417748e-05
7750,12,balanced,40dB,7,2.0095996860324783e-05,1.7981276091057496e-05,0.0342753414353959,0.0342519820971504,6.793118798329162e-05
8000,5,legacy,clean,0,2.861070055541238e-09,4.715141992792303e-10,0.0328826080171042,0.0328818544981353,6.296139711352171e-09
8000,5,legacy,60dB,0,5.182036568315648e-08,4.959619993397591e-08,0.0328895162791006,0.0328818544981353,9.88638743575692e-07
8000,5,legacy,60dB,1,2.666343236499097e-08,4.291071764238824e-08,0.0328746836397913,0.0328818544981353,9.7797353882737e-07
8000,5,legacy,60dB,2,2.6734319701430322e-08,3.0966800040254266e-08,0.032883916568095,0.0328818544981353,9.310065638437736e-07
8000,5,legacy,60dB,3,3.212628274794206e-08,3.7075374766253486e-08,0.0328784881012818,0.0328818544981353,9.320335718725956e-07
8000,5,legacy,60dB,4,2.5769441273141595e-08,2.9715228449672578e-08,0.0328898702366473,0.0328818544981353,9.40524350588318e-07
8000,5,legacy,60dB,5,2.6831153506926005e-08,3.1589257959503886e-08,0.0328845044042722,0.0328818544981353,9.059608664660914e-07
8000,5,legacy,60dB,6,2.7292659840420077e-08,4.3924860489210304e-08,0.0328819501250987,0.0328818544981353,9.633949110251997e-07
8000,5,legacy,60dB,7,3.5951467107382975e-08,4.0949615255275394e-08,0.0328858399803961,0.0328818544981353,9.166402292723952e-07
8000,5,legacy,40dB,0,4.845027913736861e-06,4.78571018920704e-06,0.0329560432109552,0.0328818544981353,9.795907403301098e-05
8000,5,legacy,40dB,1,2.415691582993587e-06,4.101457940777977e-06,0.0328055390508647,0.0328818544981353,9.709917648865636e-05
8000,5,legacy,40dB,2,2.352022920074373e-06,3.076393984272268e-06,0.0328978039563672,0.0328818544981353,9.225100348211743e-05
8000,5,legacy,40dB,3,3.013451249042071e-06,3.975923152480939e-06,0.0328441267969316,0.0328818544981353,9.251973377872483e-05
8000,5,legacy,40dB,4,2.2751157013024667e-06,2.903848849884885e-06,0.0329572733834538,0.0328818544981353,9.333206885318592e-05
8000,5,legacy,40dB,5,2.384542177725424e-06,3.0863963830605645e-06,0.0329037138690579,0.0328818544981353,8.997813833842119e-05
8000,5,legacy,40dB,6,2.4786344184695955e-06,4.476968395163371e-06,0.0328782605544999,0.0328818544981353,9.499743278384404e-05
8000,5,legacy,40dB,7,3.26556280217027e-06,3.8958615166907e-06,0.0329178594477855,0.0328818544981353,9.126348662667996e-05
8000,5,balanced,clean,0,2.8463083181974103e-09,2.8576701389622097e-10,0.0328825073987891,0.0328818544981353,7.099405225396981e-09
8000,5,balanced,60dB,0,3.385076560462531e-08,2.8970560524154672e-08,0.0328970714578984,0.0328818544981353,1.0147394578310635e-06
8000,5,balanced,60dB,1,3.9681987583073774e-08,3.970841523251738e-08,0.0328836039998902,0.0328818544981353,9.531786828467696e-07
8000,5,balanced,60dB,2,2.832583022756257e-08,2.6936810436634844e-08,0.0328700091849633,0.0328818544981353,9.426111666578556e-07
8000,5,balanced,60dB,3,2.9773507253987052e-08,2.5185982420978557e-08,0.0328869214291373,0.0328818544981353,9.197203454736964e-07
8000,5,balanced,60dB,4,3.243139268078144e-08,4.190825361154868e-08,0.0328839407745505,0.0328818544981353,9.208090617594952e-07
8000,5,balanced,60dB,5,2.9771568972710192e-08,3.699997068469689e-08,0.0328833335981481,0.0328818544981353,8.988009257936569e-07
8000,5,balanced,60dB,6,2.7575432528461585e-08,2.7223054624169052e-08,0.0328919531832241,0.0328818544981353,9.6291305768438e-07
8000,5,balanced,60dB,7,3.694144959304892e-08,5.0870242201811664e-08,0.0328948042140722,0.0328818544981353,9.002965960217492e-07
8000,5,balanced,40dB,0,3.003387080625176e-06,2.757369663537396e-06,0.0330308384860814,0.0328818544981353,0.0001005696915829
8000,5,balanced,40dB,1,3.696480436256197e-06,3.956133146714584e-06,0.0328967986871357,0.0328818544981353,9.464493201953482e-05
8000,5,balanced,40dB,2,2.6305056256558475e-06,2.7824341982841736e-06,0.0327598981246295,0.0328818544981353,9.283312811465008e-05
8000,5,balanced,40dB,3,2.681225521782438e-06,2.518305262816045e-06,0.0329290568094943,0.0328818544981353,9.178824592517944e-05
8000,5,balanced,40dB,4,2.8899609287486268e-06,4.106443946972287e-06,0.0328994324201794,0.0328818544981353,9.114420220413932e-05
8000,5,balanced,40dB,5,2.6736285807468065e-06,3.6430044388358313e-06,0.0328931709220454,0.0328818544981353,8.914163767717913e-05
8000,5,balanced,40dB,6,2.38332694279819e-06,2.518194602495185e-06,0.0329790984325313,0.0328818544981353,9.537839312664992e-05
8000,5,balanced,40dB,7,3.3277342026996866e-06,5.038377839425971e-06,0.0330084594881015,0.0328818544981353,8.973037695258001e-05
8000,8,legacy,clean,0,1.7385967899127925e-13,3.722587518155337e-14,0.0328818557752678,0.0328818544981353,2.6703370703630973e-13
8000,8,legacy,60dB,0,8.330840199873045e-08,7.986701262616491e-08,0.0328844533155939,0.0328818544981353,8.827962703464254e-07
8000,8,legacy,60dB,1,6.150088056025989e-08,6.909646172687042e-08,0.0328731435653179,0.0328818544981353,8.941058051274315e-07
8000,8,legacy,60dB,2,7.676043909211954e-08,8.103713657806436e-08,0.0328816919428814,0.0328818544981353,8.198186924196358e-07
8000,8,legacy,60dB,3,6.57972883204203e-08,6.967300058592231e-08,0.0328782001522607,0.0328818544981353,8.512755511267592e-07
8000,8,legacy,60dB,4,6.789226746984637e-08,5.900548938511038e-08,0.0328901389687617,0.0328818544981353,8.494662161165782e-07
8000,8,legacy,60dB,5,6.547230190955843e-08,6.27113226196502e-08,0.0328851149895173,0.0328818544981353,8.130692424934707e-07
8000,8,legacy,60dB,6,6.683626061130547e-08,8.986333668694379e-08,0.0328812592253216,0.0328818544981353,8.584059317389362e-07
8000,8,legacy,60dB,7,7.91454122489019e-08,8.37851885887098e-08,0.0328840027582616,0.0328818544981353,8.198090696287242e-07
8000,8,legacy,40dB,0,8.330624840787755e-06,7.98612813777097e-06,0.0329153287209137,0.0328818544981353,8.827973103955124e-05
8000,8,legacy,40dB,1,6.150246190934657e-06,6.91014724275459e-06,0.032800268914718,0.0328818544981353,8.941141631208184e-05
8000,8,legacy,40dB,2,7.676416653071405e-06,8.105234471713695e-06,0.0328871262652299,0.0328818544981353,8.198007810887921e-05
8000,8,legacy,40dB,3,6.579803477398374e-06,6.965562701213832e-06,0.0328512213773562,0.0328818544981353,8.512855958357978e-05
8000,8,legacy,40dB,4,6.78888479014828e-06,5.900800869602632e-06,0.0329707976738873,0.0328818544981353,8.494480235968397e-05
8000,8,legacy,40dB,5,6.54679112144275e-06,6.271389762581185e-06,0.0329203399874291,0.0328818544981353,8.13065889842006e-05
8000,8,legacy,40dB,6,6.682641397155319e-06,8.985703374706779e-06,0.0328819045561612,0.0328818544981353,8.58392494222295e-05
8000,8,legacy,40dB,7,7.91236349809829e-06,8.377053108950537e-06,0.0329104465161462,0.0328818544981353,8.19783035335662e-05
8000,8,balanced,clean,0,1.5339623168670368e-13,2.7783271993934922e-14,0.032881852518866,0.0328818544981353,3.149561033118927e-13
8000,8,balanced,60dB,0,7.468423806647911e-08,6.01383291504102e-08,0.0328947129153285,0.0328818544981353,8.994649294215249e-07
8000,8,balanced,60dB,1,8.372602404769268e-08,7.683362773129788e-08,0.0328811038805432,0.0328818544981353,8.504296790337833e-07
8000,8,balanced,60dB,2,6.082894107697222e-08,6.506368253885166e-08,0.032867421807589,0.0328818544981353,8.478184491819601e-07
8000,8,balanced,60dB,3,6.705286417775412e-08,5.8107869102779714e-08,0.0328871857938927,0.0328818544981353,8.345442578128387e-07
8000,8,balanced,60dB,4,6.717920569356602e-08,7.67543604193391e-08,0.0328833319808266,0.0328818544981353,8.152804446269667e-07
8000,8,balanced,60dB,5,5.84618403826908e-08,6.158685802693563e-08,0.0328832762278672,0.0328818544981353,8.165138029571044e-07
8000,8,balanced,60dB,6,6.519098901033476e-08,6.3793980351267e-08,0.0328913239710992,0.0328818544981353,8.572804880579257e-07
8000,8,balanced,60dB,7,7.551516821283173e-08,8.494633612444559e-08,0.0328935094072064,0.0328818544981353,8.055222142897209e-07
8000,8,balanced,40dB,0,7.468487795643598e-06,6.0150180640037146e-06,0.0330171781302873,0.0328818544981353,8.994622491980469e-05
8000,8,balanced,40dB,1,8.371997676543966e-06,7.684227471637446e-06,0.0328819008744549,0.0328818544981353,8.504491967830193e-05
8000,8,balanced,40dB,2,6.082277723066294e-06,6.504659647069472e-06,0.0327430193957891,0.0328818544981353,8.478049090048282e-05
8000,8,balanced,40dB,3,6.705797632937741e-06,5.810487309608976e-06,0.0329412205395047,0.0328818544981353,8.345104365023909e-05
8000,8,balanced,40dB,4,6.718396637082458e-06,7.675869389318944e-06,0.0329026937444333,0.0328818544981353,8.15278813317915e-05
8000,8,balanced,40dB,5,5.846996808100095e-06,6.159244059086622e-06,0.0329013519886635,0.0328818544981353,8.164891859329452e-05
8000,8,balanced,40dB,6,6.518880776132641e-06,6.37999979089846e-06,0.0329824340134648,0.0328818544981353,8.572876991941802e-05
8000,8,balanced,40dB,7,7.550594388353677e-06,8.493949678514119e-06,0.0330052168463564,0.0328818544981353,8.055050666149267e-05
8000,12,legacy,clean,0,1.4166298132879542e-21,9.58786879195214e-22,0.0328818544990429,0.0328818544981353,1.2061003053459724e-21
8000,12,legacy,60dB,0,1.838543064454584e-07,2.09692960092176e-07,0.0328864132452774,0.0328818544981353,7.154655916198169e-07
8000,12,legacy,60dB,1,1.9915825042639985e-07,2.1284014607873078e-07,0.0328738909808466,0.0328818544981353,7.143183375439943e-07
8000,12,legacy,60dB,2,1.9406533797389957e-07,2.0663694511686554e-07,0.0328807931915474,0.0328818544981353,6.489546030581128e-07
8000,12,legacy,60dB,3,2.041480092070502e-07,2.1843030680551057e-07,0.0328754228102822,0.0328818544981353,6.643333706246184e-07
8000,12,legacy,60dB,4,1.797839733303957e-07,1.906755940211748e-07,0.0328831429802126,0.0328818544981353,6.804871508984515e-07
8000,12,legacy,60dB,5,2.0052576008454861e-07,2.3181661228550562e-07,0.0328867548562431,0.0328818544981353,6.298494752565612e-07
8000,12,legacy,60dB,6,1.989655544618945e-07,2.394916686029518e-07,0.0328792418680812,0.0328818544981353,6.659585371873389e-07
8000,12,legacy,60dB,7,2.3153270542616374e-07,2.3615434032634914e-07,0.0328900582985296,0.0328818544981353,6.46136717780382e-07
8000,12,legacy,40dB,0,1.8385430377037168e-05,2.096929557140293e-05,0.0329439888487005,0.0328818544981353,7.154655897681088e-05
8000,12,legacy,40dB,1,1.9915824890024527e-05,2.1284014711989803e-05,0.0328201435594654,0.0328818544981353,7.143183381220963e-05
8000,12,legacy,40dB,2,1.940653389179456e-05,2.066369470116656e-05,0.0328887073045997,0.0328818544981353,6.48954604303944e-05
8000,12,legacy,40dB,3,2.0414800697346125e-05,2.184303041643081e-05,0.0328359109320407,0.0328818544981353,6.643333684291377e-05
8000,12,legacy,40dB,4,1.797839730568314e-05,1.90675593416539e-05,0.0329109198683125,0.0328818544981353,6.804871503020553e-05
8000,12,legacy,40dB,5,2.005257567330084e-05,2.3181660640341745e-05,0.0329489053891176,0.0328818544981353,6.298494747284694e-05
8000,12,legacy,40dB,6,1.9896555318874083e-05,2.3949166443904697e-05,0.0328736350892,0.0328818544981353,6.659585371039649e-05
8000,12,legacy,40dB,7,2.3153270854459128e-05,2.3615434428836742e-05,0.032984730437709,0.0328818544981353,6.461367176018232e-05
8000,12,balanced,clean,0,1.2044202185227948e-21,5.065697637963181e-22,0.0328818544987942,0.0328818544981353,1.399832845654298e-21
8000,12,balanced,60dB,0,1.5693544840114017e-07,1.4642039503601601e-07,0.0328959616521225,0.0328818544981353,7.373932310232481e-07
8000,12,balanced,60dB,1,1.9126629076256058e-07,2.0908059710890457e-07,0.0328779490341435,0.0328818544981353,6.542406898370787e-07
8000,12,balanced,60dB,2,1.4533418207731822e-07,1.5675249775214946e-07,0.032871185458776,0.0328818544981353,6.827942303889716e-07
8000,12,balanced,60dB,3,1.7170361408410086e-07,1.705962743367274e-07,0.0328874770610207,0.0328818544981353,6.605677565447985e-07
8000,12,balanced,60dB,4,1.5562343853025492e-07,1.9481365543352619e-07,0.0328884819854625,0.0328818544981353,6.517619771993552e-07
8000,12,balanced,60dB,5,1.537837705700201e-07,1.761283904802809e-07,0.0328828708594488,0.0328818544981353,6.31954296801966e-07
8000,12,balanced,60dB,6,1.8935446653314058e-07,1.950100535405595e-07,0.0328881073646161,0.0328818544981353,6.61664380507261e-07
8000,12,balanced,60dB,7,1.9958877472871735e-07,2.1042151616231017e-07,0.0328881618367364,0.0328818544981353,6.248615195574158e-07
8000,12,balanced,40dB,0,1.5693544753131076e-05,1.464203944307337e-05,0.0330370502223458,0.0328818544981353,7.373932305750042e-05
8000,12,balanced,40dB,1,1.91266292682063e-05,2.0908059849856716e-05,0.0328600138186475,0.0328818544981353,6.542406881930095e-05
8000,12,balanced,40dB,2,1.4533418143367126e-05,1.5675249692877565e-05,0.0327882441749357,0.0328818544981353,6.827942286919649e-05
8000,12,balanced,40dB,3,1.717036146504591e-05,1.7059627446987617e-05,0.0329535334463839,0.0328818544981353,6.605677580655369e-05
8000,12,balanced,40dB,4,1.5562343595639223e-05,1.948136539400122e-05,0.0329621354746879,0.0328818544981353,6.51761978324472e-05
8000,12,balanced,40dB,5,1.537837701445732e-05,1.7612838951644595e-05,0.0329058586446489,0.0328818544981353,6.319542955718674e-05
8000,12,balanced,40dB,6,1.8935446542006497e-05,1.950100520022054e-05,0.0329614250588896,0.0328818544981353,6.61664380837261e-05
8000,12,balanced,40dB,7,1.9958877492772408e-05,2.1042151702963664e-05,0.0329628908679627,0.0328818544981353,6.248615185677372e-05
8250,5,legacy,clean,0,4.065363439085932e-09,4.290870798495503e-10,0.0315372525415455,0.0315381688420949,8.922436959628374e-09
8250,5,legacy,60dB,0,3.0019574629805965e-08,3.0682103909831374e-08,0.0315339481142563,0.0315381688420949,9.454746704042134e-07
8250,5,legacy,60dB,1,3.3472435265064674e-08,2.8912141898473106e-08,0.0315335106751277,0.0315381688420949,9.507296691059742e-07
8250,5,legacy,60dB,2,4.65569154032689e-08,3.8017912725616216e-08,0.0315328406827146,0.0315381688420949,9.168171474926056e-07
8250,5,legacy,60dB,3,4.1776965528108674e-08,3.444586301639433e-08,0.0315346072890059,0.0315381688420949,9.632907167627525e-07
8250,5,legacy,60dB,4,4.017536422004525e-08,3.477450767613719e-08,0.0315426117093414,0.0315381688420949,9.086087500280426e-07
8250,5,legacy,60dB,5,3.878806487313432e-08,2.563282918483973e-08,0.031539149552217,0.0315381688420949,9.974332972282982e-07
8250,5,legacy,60dB,6,3.919070945296176e-08,3.4416080904417875e-08,0.0315381782129504,0.0315381688420949,9.437568210242316e-07
8250,5,legacy,60dB,7,3.5177210886521966e-08,2.768540675046804e-08,0.0315555610448459,0.0315381688420949,9.068997273788112e-07
8250,5,legacy,40dB,0,2.597262095172133e-06,3.0763013711082285e-06,0.0315065419232736,0.0315381688420949,9.374400180019032e-05
8250,5,legacy,40dB,1,3.026952151767726e-06,2.836906528528588e-06,0.0315025626934378,0.0315381688420949,9.416476344004468e-05
8250,5,legacy,40dB,2,4.149712792169014e-06,3.740816692996882e-06,0.0314968546851449,0.0315381688420949,9.060637272157017e-05
8250,5,legacy,40dB,3,3.785484900962973e-06,3.445934385403884e-06,0.0315142043196668,0.0315381688420949,9.470435417660968e-05
8250,5,legacy,40dB,4,3.511961994953189e-06,3.4198197160528555e-06,0.0315939910161281,0.0315381688420949,8.959759657346427e-05
8250,5,legacy,40dB,5,3.520731240512746e-06,2.5617220542986487e-06,0.0315593920871225,0.0315381688420949,9.857964370516512e-05
8250,5,legacy,40dB,6,3.622860145236543e-06,3.4452461527570287e-06,0.0315497767969158,0.0315381688420949,9.404260624680324e-05
8250,5,legacy,40dB,7,3.042443149810909e-06,2.7386074297680675e-06,0.0317230648338616,0.0315381688420949,8.913365739989769e-05
8250,5,balanced,clean,0,4.049012632661258e-09,3.4198477875446823e-10,0.0315388899331137,0.0315381688420949,1.0101928715043506e-08
8250,5,balanced,60dB,0,2.6132825931878537e-08,1.940341986659973e-08,0.0315328086746234,0.0315381688420949,9.477668549995026e-07
8250,5,balanced,60dB,1,3.3614070246548495e-08,2.9232587161127804e-08,0.0315288906934882,0.0315381688420949,9.397650754827566e-07
8250,5,balanced,60dB,2,3.8474745684676326e-08,2.9667802368082592e-08,0.0315366756702678,0.0315381688420949,9.2153495093585e-07
8250,5,balanced,60dB,3,3.58286701052994e-08,2.853165125614444e-08,0.0315509113699538,0.0315381688420949,9.611477512875447e-07
8250,5,balanced,60dB,4,2.9715293786568522e-08,2.265352759984486e-08,0.031543189341516,0.0315381688420949,9.142519774248858e-07
8250,5,balanced,60dB,5,3.41263985899718e-08,2.3808235358081848e-08,0.0315406289345625,0.0315381688420949,1.016027466568482e-06
8250,5,balanced,60dB,6,2.9816160573846675e-08,2.8829769882731852e-08,0.0315311265647879,0.0315381688420949,9.550609071938635e-07
8250,5,balanced,60dB,7,3.745628763483401e-08,2.212521558816384e-08,0.0315378211791711,0.0315381688420949,8.988531561009677e-07
8250,5,balanced,40dB,0,2.2258384343662e-06,1.9124294729751622e-06,0.0314800782994987,0.0315381688420949,9.46084530214157e-05
8250,5,balanced,40dB,1,2.951415480857889e-06,2.9559930837186814e-06,0.0314415492527499,0.0315381688420949,9.29604536825078e-05
8250,5,balanced,40dB,2,3.502818641903522e-06,3.080174960131728e-06,0.0315199018169533,0.0315381688420949,9.025289902563066e-05
8250,5,balanced,40dB,3,3.152871628440702e-06,2.8937594951696563e-06,0.0316619353275551,0.0315381688420949,9.561644893094425e-05
8250,5,balanced,40dB,4,2.637685165647724e-06,2.3352387955546155e-06,0.0315842609904775,0.0315381688420949,9.032335437337228e-05
8250,5,balanced,40dB,5,2.974631189797065e-06,2.3929831524652054e-06,0.0315589497559179,0.0315381688420949,9.952220403038972e-05
8250,5,balanced,40dB,6,2.464329867683216e-06,2.7592054680356797e-06,0.0314634588592309,0.0315381688420949,9.42556914083185e-05
8250,5,balanced,40dB,7,3.2951580042986485e-06,2.136672712466685e-06,0.0315311594299281,0.0315381688420949,8.842554812542955e-05
8250,8,legacy,clean,0,2.683050246596076e-13,7.312976307067522e-14,0.0315381805235485,0.0315381688420949,4.326087583605025e-13
8250,8,legacy,60dB,0,6.729751948117493e-08,7.579165327768058e-08,0.0315340001158164,0.0315381688420949,8.432377122830747e-07
8250,8,legacy,60dB,1,7.279442932496168e-08,7.177874698264889e-08,0.0315331973260133,0.0315381688420949,8.414875254530067e-07
8250,8,legacy,60dB,2,8.040718526836547e-08,7.555829694333352e-08,0.0315321041972074,0.0315381688420949,8.197483213095541e-07
8250,8,legacy,60dB,3,7.583511146134058e-08,6.914711908656343e-08,0.031534344152398,0.0315381688420949,8.628309209422431e-07
8250,8,legacy,60dB,4,8.54477987580394e-08,6.822499095080586e-08,0.0315426323405972,0.0315381688420949,8.141083911419555e-07
8250,8,legacy,60dB,5,9.414366522217677e-08,6.757604528158337e-08,0.0315408508994822,0.0315381688420949,8.803182858847308e-07
8250,8,legacy,60dB,6,9.089822044973469e-08,8.241180383603974e-08,0.0315401759659159,0.0315381688420949,8.347702635720318e-07
8250,8,legacy,60dB,7,7.684062779691029e-08,7.028047821438301e-08,0.0315597506103545,0.0315381688420949,7.989755158572821e-07
8250,8,legacy,40dB,0,6.728426357481096e-06,7.579244164523067e-06,0.0315024318998055,0.0315381688420949,8.432509922267358e-05
8250,8,legacy,40dB,1,7.279274611852412e-06,7.177031518401599e-06,0.0314948998809292,0.0315381688420949,8.414913106810195e-05
8250,8,legacy,40dB,2,8.04130217524142e-06,7.555344234659525e-06,0.0314846544928742,0.0315381688420949,8.197607322174735e-05
8250,8,legacy,40dB,3,7.583778200020532e-06,6.914285108714491e-06,0.0315066422415434,0.0315381688420949,8.628514104740664e-05
8250,8,legacy,40dB,4,8.545286429008301e-06,6.824793859924633e-06,0.0315903895048913,0.0315381688420949,8.141237337856897e-05
8250,8,legacy,40dB,5,9.417176226691315e-06,6.760181759345448e-06,0.0315733600248742,0.0315381688420949,8.803103698092686e-05
8250,8,legacy,40dB,6,9.08914225864088e-06,8.240056627554714e-06,0.0315663151096904,0.0315381688420949,8.347462506709472e-05
8250,8,legacy,40dB,7,7.684267244656988e-06,7.027423604417572e-06,0.0317607972549896,0.0315381688420949,7.989993192532036e-05
8250,8,balanced,clean,0,2.4831730516330233e-13,4.0621748312211414e-14,0.0315381745197511,0.0315381688420949,5.095450838947146e-13
8250,8,balanced,60dB,0,6.72498524065868e-08,5.5597152353698486e-08,0.0315380623369537,0.0315381688420949,8.447708581476984e-07
8250,8,balanced,60dB,1,7.272224723834623e-08,7.002681210039764e-08,0.0315275450878657,0.0315381688420949,8.272949442090975e-07
8250,8,balanced,60dB,2,7.7588231148868e-08,6.551798332297735e-08,0.0315355088460106,0.0315381688420949,8.097494692302928e-07
8250,8,balanced,60dB,3,7.587329803885609e-08,7.732105912054238e-08,0.0315483277518413,0.0315381688420949,8.635117651376229e-07
8250,8,balanced,60dB,4,6.8874158666179e-08,6.689216383081798e-08,0.031543794641739,0.0315381688420949,8.186173874997052e-07
8250,8,balanced,60dB,5,6.72594998920138e-08,6.551147750355793e-08,0.0315373721031118,0.0315381688420949,8.963162510491246e-07
8250,8,balanced,60dB,6,5.7218019765360415e-08,6.592965985627097e-08,0.0315328156890629,0.0315381688420949,8.491304597167416e-07
8250,8,balanced,60dB,7,8.033257671249147e-08,6.538044959853849e-08,0.0315374069127358,0.0315381688420949,7.839284163812911e-07
8250,8,balanced,40dB,0,6.724427042292753e-06,5.559454985935279e-06,0.0315431046225296,0.0315381688420949,8.447764739077891e-05
8250,8,balanced,40dB,1,7.272729872733077e-06,7.00260277281756e-06,0.0314384257105329,0.0315381688420949,8.272773381868555e-05
8250,8,balanced,40dB,2,7.757107305506503e-06,6.550836324558186e-06,0.0315184990095741,0.0315381688420949,8.098177899858804e-05
8250,8,balanced,40dB,3,7.586814280179655e-06,7.732335277488879e-06,0.0316465349241872,0.0315381688420949,8.63498785446754e-05
8250,8,balanced,40dB,4,6.88736578708821e-06,6.689055639015611e-06,0.0316005743660643,0.0315381688420949,8.186472341788442e-05
8250,8,balanced,40dB,5,6.727756564458663e-06,6.55183197246416e-06,0.031536205517158,0.0315381688420949,8.963040280794251e-05
8250,8,balanced,40dB,6,5.721822808590784e-06,6.594530498381885e-06,0.0314897358577146,0.0315381688420949,8.491131631536998e-05
8250,8,balanced,40dB,7,8.033662472587157e-06,6.538050060748852e-06,0.0315377287885382,0.0315381688420949,7.839156086040639e-05
8250,12,legacy,clean,0,3.031769110241298e-21,1.8978374977105355e-21,0.0315381688424367,0.0315381688420949,2.5146242580044615e-21
8250,12,legacy,60dB,0,1.885476302414946e-07,1.948251942791809e-07,0.0315424030835941,0.0315381688420949,6.602992222025111e-07
8250,12,legacy,60dB,1,2.436702762315747e-07,2.0425323072711459e-07,0.0315265364478499,0.0315381688420949,6.706938113770988e-07
8250,12,legacy,60dB,2,1.914743164123004e-07,1.80702850174892e-07,0.0315254504639793,0.0315381688420949,6.504849886040502e-07
8250,12,legacy,60dB,3,2.087719911019141e-07,1.8833992535735637e-07,0.0315239593940163,0.0315381688420949,6.896636706034811e-07
8250,12,legacy,60dB,4,2.3874735422103666e-07,1.940128198102421e-07,0.031537236771381,0.0315381688420949,6.370851864307966e-07
8250,12,legacy,60dB,5,2.3834596943119615e-07,1.971149805290474e-07,0.0315300742850181,0.0315381688420949,6.859627080420907e-07
8250,12,legacy,60dB,6,2.1647068799349814e-07,2.375952288804994e-07,0.0315462987315647,0.0315381688420949,6.618037769092502e-07
8250,12,legacy,60dB,7,2.152512766563858e-07,2.091435038113895e-07,0.0315620832125461,0.0315381688420949,6.246042629221933e-07
8250,12,legacy,40dB,0,1.8854762899116885e-05,1.948251934332133e-05,0.0315974805406079,0.0315381688420949,6.602992210553382e-05
8250,12,legacy,40dB,1,2.436702770346791e-05,2.0425323170897054e-05,0.03144377522151,0.0315381688420949,6.706938159011245e-05
8250,12,legacy,40dB,2,1.9147431529756435e-05,1.8070285001231384e-05,0.0314282177462281,0.0315381688420949,6.504849889604e-05
8250,12,legacy,40dB,3,2.0877199266696788e-05,1.8833992844617414e-05,0.0314148638375883,0.0315381688420949,6.896636720783198e-05
8250,12,legacy,40dB,4,2.387473569083059e-05,1.9401281995581755e-05,0.0315503353940283,0.0315381688420949,6.370851841953897e-05
8250,12,legacy,40dB,5,2.3834596573967756e-05,1.971149768096061e-05,0.0314786744051309,0.0315381688420949,6.8596270578435e-05
8250,12,legacy,40dB,6,2.1647069314380368e-05,2.3759523565915876e-05,0.0316389500961511,0.0315381688420949,6.618037777814041e-05
8250,12,legacy,40dB,7,2.152512790678884e-05,2.091435081066061e-05,0.0317966851586715,0.0315381688420949,6.246042605930006e-05
8250,12,balanced,clean,0,2.27617684451368e-21,7.9941310131632965e-22,0.0315381688423482,0.0315381688420949,2.9169301408965643e-21
8250,12,balanced,60dB,0,1.677918943145878e-07,1.460566707840483e-07,0.0315416804531694,0.0315381688420949,6.533795007471276e-07
8250,12,balanced,60dB,1,1.8677468391529059e-07,1.6485313162760088e-07,0.0315280855754893,0.0315381688420949,6.300387192137968e-07
8250,12,balanced,60dB,2,1.654236339573105e-07,1.354028626927209e-07,0.0315332572123201,0.0315381688420949,6.420323012408678e-07
8250,12,balanced,60dB,3,1.8488075700196037e-07,1.815539917679133e-07,0.0315507295180276,0.0315381688420949,6.74228304228883e-07
8250,12,balanced,60dB,4,1.6106723892463057e-07,1.536011360778449e-07,0.0315461194425095,0.0315381688420949,6.420863592594054e-07
8250,12,balanced,60dB,5,1.7071499922651564e-07,1.4760387945043437e-07,0.0315391849043801,0.0315381688420949,7.150441268171836e-07
8250,12,balanced,60dB,6,1.618320273782959e-07,1.385123184860283e-07,0.0315298069312819,0.0315381688420949,6.739386388609673e-07
8250,12,balanced,60dB,7,1.8054875316842198e-07,1.611840583310584e-07,0.0315351730378928,0.0315381688420949,6.097222411474348e-07
8250,12,balanced,40dB,0,1.6779189531862267e-05,1.4605667082935008e-05,0.0315883862211487,0.0315381688420949,6.533794982659571e-05
8250,12,balanced,40dB,1,1.8677468539961923e-05,1.6485313319087325e-05,0.0314541458954602,0.0315381688420949,6.300387196977585e-05
8250,12,balanced,40dB,2,1.654236335325438e-05,1.3540286299111518e-05,0.0315039406690808,0.0315381688420949,6.420323021111766e-05
8250,12,balanced,40dB,3,1.848807562951288e-05,1.81553989920921e-05,0.0316804148672014,0.0315381688420949,6.742283034733605e-05
8250,12,balanced,40dB,4,1.6106724002226672e-05,1.5360113563400693e-05,0.0316321708955742,0.0315381688420949,6.420863594283721e-05
8250,12,balanced,40dB,5,1.707149971524169e-05,1.476038770397953e-05,0.03156369381239,0.0315381688420949,7.150441261454228e-05
8250,12,balanced,40dB,6,1.618320266432512e-05,1.3851231875365053e-05,0.0314691146140754,0.0315381688420949,6.739386392376445e-05
8250,12,balanced,40dB,7,1.8054875176368144e-05,1.611840581233006e-05,0.0315244601854379,0.0315381688420949,6.097222358618416e-05
8500,5,legacy,clean,0,5.974770696397967e-09,5.040388157606125e-10,0.0302248981306488,0.0302239847090662,1.2516069036099426e-08
8500,5,legacy,60dB,0,4.093829014638312e-08,2.2986551549805703e-08,0.0302295114767529,0.0302239847090662,9.396228170662142e-07
8500,5,legacy,60dB,1,3.7585229880251494e-08,3.471528320280309e-08,0.0302188180843684,0.0302239847090662,9.189642739658788e-07
8500,5,legacy,60dB,2,3.9665134276807615e-08,3.3067340589560174e-08,0.0302384560194243,0.0302239847090662,9.596198299979513e-07
8500,5,legacy,60dB,3,4.318394475965713e-08,2.57708072947179e-08,0.0302252867607144,0.0302239847090662,9.489439325289904e-07
8500,5,legacy,60dB,4,3.7923952915793766e-08,2.9683757201893752e-08,0.0302228400036867,0.0302239847090662,9.18243566597856e-07
8500,5,legacy,60dB,5,3.895883381447272e-08,2.1928776222505757e-08,0.0302219483155782,0.0302239847090662,9.548979512386569e-07
8500,5,legacy,60dB,6,3.6091196794128274e-08,2.6000251664388287e-08,0.0302233707538261,0.0302239847090662,9.329870832499268e-07
8500,5,legacy,60dB,7,3.0352451949797976e-08,2.7815431541599583e-08,0.0302238364146298,0.0302239847090662,9.792356107651355e-07
8500,5,legacy,40dB,0,3.5423170324066714e-06,2.3612084997803053e-06,0.0302742182987563,0.0302239847090662,9.25244558823802e-05
8500,5,legacy,40dB,1,3.0952066262699656e-06,3.274801143266996e-06,0.0301668707951089,0.0302239847090662,9.20310004870968e-05
8500,5,legacy,40dB,2,3.3402610588771128e-06,3.045141717898917e-06,0.0303634744010559,0.0302239847090662,9.463307433154104e-05
8500,5,legacy,40dB,3,3.675363120385294e-06,2.4238343773450267e-06,0.0302320817279135,0.0302239847090662,9.351502793508997e-05
8500,5,legacy,40dB,4,3.091045495182248e-06,2.809470708138063e-06,0.03020708243993,0.0302239847090662,9.09125465983137e-05
8500,5,legacy,40dB,5,3.210627873210868e-06,2.1643461472504807e-06,0.0301982747924143,0.0302239847090662,9.444081401270788e-05
8500,5,legacy,40dB,6,2.9344698610393577e-06,2.491668156453741e-06,0.0302122516932514,0.0302239847090662,9.195077733919518e-05
8500,5,legacy,40dB,7,2.511329686427105e-06,2.8165245705679606e-06,0.0302165425485619,0.0302239847090662,9.6285819685427e-05
8500,5,balanced,clean,0,5.638048260682043e-09,3.8336381396846524e-10,0.0302233902064544,0.0302239847090662,1.4196940451246175e-08
8500,5,balanced,60dB,0,2.6044040740920744e-08,1.678493621770819e-08,0.030223661975724,0.0302239847090662,9.377843925691908e-07
8500,5,balanced,60dB,1,3.258807729254454e-08,2.59072947652902e-08,0.0302322422489132,0.0302239847090662,9.300937576892976e-07
8500,5,balanced,60dB,2,5.0508097384768944e-08,4.8520324037015027e-08,0.0302313472077227,0.0302239847090662,9.258980007964036e-07
8500,5,balanced,60dB,3,3.121233309999912e-08,2.4375032399228987e-08,0.0302213035478546,0.0302239847090662,9.718526121192127e-07
8500,5,balanced,60dB,4,2.9000184649663865e-08,2.0936624225959836e-08,0.030219748262895,0.0302239847090662,9.181129221305104e-07
8500,5,balanced,60dB,5,3.061647263116939e-08,1.687720775236148e-08,0.0302184849134611,0.0302239847090662,9.52298942503114e-07
8500,5,balanced,60dB,6,3.668068398366027e-08,2.3027149147753088e-08,0.0302297102621138,0.0302239847090662,9.29749916535268e-07
8500,5,balanced,60dB,7,2.8540580393691768e-08,2.7535111884186718e-08,0.0302270004559492,0.0302239847090662,9.926833745004394e-07
8500,5,balanced,40dB,0,2.041553980628248e-06,1.6736671036210578e-06,0.0302279397551582,0.0302239847090662,9.245473719335234e-05
8500,5,balanced,40dB,1,2.717812617323769e-06,2.647108138861781e-06,0.0303143533053211,0.0302239847090662,9.194997414034712e-05
8500,5,balanced,40dB,2,4.431676310710286e-06,4.598996100487721e-06,0.0303069375569089,0.0302239847090662,9.12304066176836e-05
8500,5,balanced,40dB,3,2.4846410855362788e-06,2.2930222266013263e-06,0.0302047468806465,0.0302239847090662,9.614778555122544e-05
8500,5,balanced,40dB,4,2.3522733651785606e-06,2.0826548702633395e-06,0.0301890837848138,0.0302239847090662,9.153149489894526e-05
8500,5,balanced,40dB,5,2.505248754194158e-06,1.73090723137972e-06,0.0301765871029844,0.0302239847090662,9.372588347015126e-05
8500,5,balanced,40dB,6,3.124681585902369e-06,2.34064988502958e-06,0.0302893993802292,0.0302239847090662,9.085326795175312e-05
8500,5,balanced,40dB,7,2.316998387656145e-06,2.7918205601702046e-06,0.0302615750364214,0.0302239847090662,9.702500643305691e-05
8500,8,legacy,clean,0,4.058629834441058e-13,1.659345612367511e-13,0.0302239661590176,0.0302239847090662,6.896905997795263e-13
8500,8,legacy,60dB,0,7.528271682829782e-08,6.351430404713713e-08,0.0302273046335331,0.0302239847090662,8.524163613840041e-07
8500,8,legacy,60dB,1,7.724658919734475e-08,9.262602194970032e-08,0.030217025946567,0.0302239847090662,8.244077983252603e-07
8500,8,legacy,60dB,2,7.338316665234586e-08,7.449225786834973e-08,0.0302363109896881,0.0302239847090662,8.552945525428363e-07
8500,8,legacy,60dB,3,8.70299311486286e-08,7.749036933916408e-08,0.0302191373953056,0.0302239847090662,8.45903549494848e-07
8500,8,legacy,60dB,4,7.116661503949558e-08,7.682089282539168e-08,0.0302198833791214,0.0302239847090662,8.268116644228185e-07
8500,8,legacy,60dB,5,7.58314784474332e-08,8.50201006240388e-08,0.0302253712665322,0.0302239847090662,8.591838349444861e-07
8500,8,legacy,60dB,6,7.138758446733403e-08,8.201810341651907e-08,0.0302194608952301,0.0302239847090662,8.265976322990989e-07
8500,8,legacy,60dB,7,5.8852965147088684e-08,8.092452420355452e-08,0.030226194128748,0.0302239847090662,8.794754728486983e-07
8500,8,legacy,40dB,0,7.527887582759304e-06,6.3522154912323804e-06,0.03026412596824,0.0302239847090662,8.523711100090581e-05
8500,8,legacy,40dB,1,7.7238764571482e-06,9.259438482113371e-06,0.0301615154487291,0.0302239847090662,8.244836347693313e-05
8500,8,legacy,40dB,2,7.33966971815545e-06,7.451400229572706e-06,0.0303540203074257,0.0302239847090662,8.553757463447316e-05
8500,8,legacy,40dB,3,8.701297034001775e-06,7.745859753194144e-06,0.0301835095232721,0.0302239847090662,8.459175686581849e-05
8500,8,legacy,40dB,4,7.116628580944719e-06,7.678703903450042e-06,0.0301895433261382,0.0302239847090662,8.268202084139775e-05
8500,8,legacy,40dB,5,7.583330202597424e-06,8.503843204208169e-06,0.0302448422532336,0.0302239847090662,8.591278905498472e-05
8500,8,legacy,40dB,6,7.140184482348487e-06,8.203877906299922e-06,0.0301853398334333,0.0302239847090662,8.265938315035069e-05
8500,8,legacy,40dB,7,5.886669950014154e-06,8.091748485686863e-06,0.0302515440002735,0.0302239847090662,8.794855001158705e-05
8500,8,balanced,clean,0,3.9599803478353403e-13,7.614135632282994e-14,0.0302239857216091,0.0302239847090662,8.114318305941601e-13
8500,8,balanced,60dB,0,5.610187252831504e-08,5.947172184096384e-08,0.0302270330208307,0.0302239847090662,8.445749415840249e-07
8500,8,balanced,60dB,1,6.268848518176122e-08,7.277589256892652e-08,0.0302344166995319,0.0302239847090662,8.40088701950055e-07
8500,8,balanced,60dB,2,7.90274459959246e-08,8.918286730265099e-08,0.0302305450432295,0.0302239847090662,8.309689291505953e-07
8500,8,balanced,60dB,3,5.891742846510008e-08,6.346993156687917e-08,0.030222108850926,0.0302239847090662,8.813097473015933e-07
8500,8,balanced,60dB,4,6.279249662780132e-08,7.110488585461138e-08,0.0302195949077177,0.0302239847090662,8.23542434000016e-07
8500,8,balanced,60dB,5,6.223862163900751e-08,6.201963732907013e-08,0.0302178679498696,0.0302239847090662,8.520234018330245e-07
8500,8,balanced,60dB,6,6.895477458951367e-08,8.004742581147536e-08,0.0302303280168002,0.0302239847090662,8.176173122598515e-07
8500,8,balanced,60dB,7,6.3629189006451e-08,9.495025213172908e-08,0.0302285971078341,0.0302239847090662,8.761104568604189e-07
8500,8,balanced,40dB,0,5.609708314560258e-06,5.947696219082327e-06,0.0302595074069787,0.0302239847090662,8.446066586771778e-05
8500,8,balanced,40dB,1,6.267943618523036e-06,7.276233048533306e-06,0.0303339365631668,0.0302239847090662,8.400669177208807e-05
8500,8,balanced,40dB,2,7.902114569150794e-06,8.916521969742628e-06,0.030296690781485,0.0302239847090662,8.30973351459788e-05
8500,8,balanced,40dB,3,5.891610344114592e-06,6.346410481287519e-06,0.0302105194544004,0.0302239847090662,8.813490666828999e-05
8500,8,balanced,40dB,4,6.279251578329302e-06,7.109974057441901e-06,0.0301857289128696,0.0302239847090662,8.235444116815639e-05
8500,8,balanced,40dB,5,6.224526174661442e-06,6.204295027353137e-06,0.0301684101477359,0.0302239847090662,8.520346752096483e-05
8500,8,balanced,40dB,6,6.895769524363648e-06,8.005177345761868e-06,0.0302936148988624,0.0302239847090662,8.176324971521949e-05
8500,8,balanced,40dB,7,6.36113709072449e-06,9.494415065708387e-06,0.0302758244326238,0.0302239847090662,8.761120323934118e-05
8500,12,legacy,clean,0,5.8876487373551225e-21,4.517650353306333e-21,0.0302239847084396,0.0302239847090662,5.126903743632843e-21
8500,12,legacy,60dB,0,1.8294405637357045e-07,2.120887882191216e-07,0.0302345268943154,0.0302239847090662,6.657273185036765e-07
8500,12,legacy,60dB,1,1.905821970412888e-07,2.482212364613132e-07,0.0302270109923367,0.0302239847090662,6.448203532839428e-07
8500,12,legacy,60dB,2,1.96854856782848e-07,1.7169335507472646e-07,0.0302247908017103,0.0302239847090662,6.681880822597503e-07
8500,12,legacy,60dB,3,2.058744726934537e-07,1.9486173508762106e-07,0.0302121347128553,0.0302239847090662,6.676924673191983e-07
8500,12,legacy,60dB,4,2.002628273860216e-07,2.113705053509255e-07,0.0302273715993801,0.0302239847090662,6.52631714251843e-07
8500,12,legacy,60dB,5,2.20144454728227e-07,2.225405447943816e-07,0.0302309127582824,0.0302239847090662,6.653862972716718e-07
8500,12,legacy,60dB,6,2.0664006009766825e-07,2.0658459156827148e-07,0.0302331852152107,0.0302239847090662,6.281213459812275e-07
8500,12,legacy,60dB,7,2.1751387603913922e-07,2.2729446360531765e-07,0.0302273038451533,0.0302239847090662,6.983098636564775e-07
8500,12,legacy,40dB,0,1.829440547842249e-05,2.120887855958084e-05,0.0303458715321117,0.0302239847090662,6.657273214185029e-05
8500,12,legacy,40dB,1,1.9058220014470848e-05,2.4822123447401566e-05,0.0302713999454528,0.0302239847090662,6.448203502713616e-05
8500,12,legacy,40dB,2,1.9685485520235363e-05,1.716933540908524e-05,0.0302497625780984,0.0302239847090662,6.681880844018156e-05
8500,12,legacy,40dB,3,2.058744713826508e-05,1.9486173065425736e-05,0.0301240134550069,0.0302239847090662,6.676924693298666e-05
8500,12,legacy,40dB,4,2.0026282789653325e-05,2.113705078145781e-05,0.0302758772723599,0.0302239847090662,6.526317119212318e-05
8500,12,legacy,40dB,5,2.201444587651813e-05,2.225405505915285e-05,0.0303130782081976,0.0302239847090662,6.65386293377447e-05
8500,12,legacy,40dB,6,2.066400591176823e-05,2.065845867904784e-05,0.0303345873814603,0.0302239847090662,6.281213483544948e-05
8500,12,legacy,40dB,7,2.1751386731097367e-05,2.2729445643539905e-05,0.0302767523235472,0.0302239847090662,6.983098607618976e-05
8500,12,balanced,clean,0,4.692249326204324e-21,1.7287715731649007e-21,0.0302239847093154,0.0302239847090662,5.914628494738385e-21
8500,12,balanced,60dB,0,1.5446747034146218e-07,1.6802153815252645e-07,0.0302254364467895,0.0302239847090662,6.540515331025843e-07
8500,12,balanced,60dB,1,1.4145326095726206e-07,1.525630299027754e-07,0.0302340204233288,0.0302239847090662,6.635946491834347e-07
8500,12,balanced,60dB,2,1.9462915662013969e-07,1.9352444876532054e-07,0.0302233003904693,0.0302239847090662,6.435705358271265e-07
8500,12,balanced,60dB,3,1.4217538009780458e-07,1.3864260890000002e-07,0.0302174373886692,0.0302239847090662,7.182248771023885e-07
8500,12,balanced,60dB,4,1.557154320395757e-07,1.6926856931475628e-07,0.0302194138945164,0.0302239847090662,6.47079585196015e-07
8500,12,balanced,60dB,5,1.6109023233351164e-07,1.777642954795484e-07,0.0302158680775283,0.0302239847090662,6.513911189051899e-07
8500,12,balanced,60dB,6,1.7241453023933592e-07,1.614052583059662e-07,0.0302334917326717,0.0302239847090662,6.398143429976455e-07
8500,12,balanced,60dB,7,1.5574751629044356e-07,1.9090891499024323e-07,0.0302277273227104,0.0302239847090662,6.97400203408887e-07
8500,12,balanced,40dB,0,1.5446746649544957e-05,1.6802153626107898e-05,0.0302524041560013,0.0302239847090662,6.5405152970241e-05
8500,12,balanced,40dB,1,1.414532619376763e-05,1.525630301578832e-05,0.0303370726430339,0.0302239847090662,6.635946442190494e-05
8500,12,balanced,40dB,2,1.946291576186444e-05,1.935244508755544e-05,0.0302346581450503,0.0302239847090662,6.435705321506282e-05
8500,12,balanced,40dB,3,1.421753772868972e-05,1.386426055832464e-05,0.0301713072867805,0.0302239847090662,7.182248797662782e-05
8500,12,balanced,40dB,4,1.5571543493190445e-05,1.6926857142833768e-05,0.0301922909504977,0.0302239847090662,6.470795833177162e-05
8500,12,balanced,40dB,5,1.610902314231411e-05,1.777642941287783e-05,0.0301573165122634,0.0302239847090662,6.51391126081181e-05
8500,12,balanced,40dB,6,1.7241453116548358e-05,1.6140525834127656e-05,0.0303345722506927,0.0302239847090662,6.398143418252866e-05
8500,12,balanced,40dB,7,1.557475137225068e-05,1.9090891609112315e-05,0.0302754281194746,0.0302239847090662,6.974002030387694e-05
8750,5,legacy,clean,0,8.038506032932442e-09,1.575728055189806e-09,0.0289422858664989,0.0289420778859786,1.7420404177918135e-08
8750,5,legacy,60dB,0,4.2586314877512094e-08,5.1132234923918134e-08,0.028922525003486,0.0289420778859786,9.134946113062658e-07
8750,5,legacy,60dB,1,4.3695822636402236e-08,3.1496106835928193e-08,0.0289440835960299,0.0289420778859786,9.371880335479668e-07
8750,5,legacy,60dB,2,4.5889384392488186e-08,4.1144387579588536e-08,0.0289429339309444,0.0289420778859786,9.453105818451226e-07
8750,5,legacy,60dB,3,3.7927673511858065e-08,3.3019395712760394e-08,0.0289370225228802,0.0289420778859786,9.260878428998412e-07
8750,5,legacy,60dB,4,4.16274513293643e-08,3.2594293598105824e-08,0.0289412006448311,0.0289420778859786,9.474050712758432e-07
8750,5,legacy,60dB,5,4.413450392797288e-08,5.871769304668807e-08,0.0289388150459016,0.0289420778859786,8.97461499242305e-07
8750,5,legacy,60dB,6,3.8791249752492486e-08,4.1765889997232495e-08,0.0289418952104783,0.0289420778859786,1.0048621383574456e-06
8750,5,legacy,60dB,7,3.8613367824794856e-08,4.298279814301616e-08,0.0289325276704198,0.0289420778859786,9.017380366468456e-07
8750,5,legacy,40dB,0,3.339308866162294e-06,4.3687628991548645e-06,0.0287476630286416,0.0289420778859786,9.022604649180132e-05
8750,5,legacy,40dB,1,3.630325388278824e-06,3.372969063982026e-06,0.0289635288755253,0.0289420778859786,9.18340583106614e-05
8750,5,legacy,40dB,2,3.978362021383029e-06,4.3139211827130165e-06,0.028952358325686,0.0289420778859786,9.206436827066484e-05
8750,5,legacy,40dB,3,2.8668287557922304e-06,3.1443217419302794e-06,0.0288922123288872,0.0289420778859786,9.077147570047789e-05
8750,5,legacy,40dB,4,3.2642523244287898e-06,3.1780664983394903e-06,0.0289343539741871,0.0289420778859786,9.287715227463418e-05
8750,5,legacy,40dB,5,3.792758447358214e-06,6.079751362069176e-06,0.0289110014204887,0.0289420778859786,8.857462252115754e-05
8750,5,legacy,40dB,6,3.140489422949192e-06,3.718595241009839e-06,0.0289412042297728,0.0289420778859786,9.9062087220248e-05
8750,5,legacy,40dB,7,3.1591885883247773e-06,4.472316564488702e-06,0.0288475493071727,0.0289420778859786,8.943325603666875e-05
8750,5,balanced,clean,0,7.855253877742039e-09,8.839899608550861e-10,0.0289432351212584,0.0289420778859786,1.9708693272212212e-08
8750,5,balanced,60dB,0,3.8948579351385763e-08,3.3550306594925625e-08,0.0289427696989605,0.0289420778859786,9.23314845348083e-07
8750,5,balanced,60dB,1,2.8359853800195185e-08,2.3995448442457495e-08,0.0289383954271263,0.0289420778859786,9.400065216847072e-07
8750,5,balanced,60dB,2,3.49837586708189e-08,3.5001943284628855e-08,0.0289469128152998,0.0289420778859786,9.47459925688689e-07
8750,5,balanced,60dB,3,2.979233482050644e-08,2.633698537887713e-08,0.0289461196649042,0.0289420778859786,9.284365145055738e-07
8750,5,balanced,60dB,4,3.5808333679651464e-08,3.8869939602269165e-08,0.0289524175551671,0.0289420778859786,9.426415447623868e-07
8750,5,balanced,60dB,5,3.59337258267755e-08,2.4913609286983417e-08,0.0289290477855754,0.0289420778859786,9.37174600965844e-07
8750,5,balanced,60dB,6,3.5540535012641604e-08,3.5397321243298874e-08,0.0289505794559318,0.0289420778859786,1.004175468716396e-06
8750,5,balanced,60dB,7,4.2383348750230695e-08,3.8303709382124965e-08,0.0289482873200069,0.0289420778859786,9.09647240174872e-07
8750,5,balanced,40dB,0,3.1639348308478912e-06,3.291146238817344e-06,0.0289414260446013,0.0289420778859786,8.978443663501865e-05
8750,5,balanced,40dB,1,2.037560291438816e-06,2.2591009646597144e-06,0.0288966628389762,0.0289420778859786,9.259886652624644e-05
8750,5,balanced,40dB,2,2.7415537816546697e-06,3.155277281115882e-06,0.0289824744751535,0.0289420778859786,9.258804873048502e-05
8750,5,balanced,40dB,3,2.158076584308908e-06,2.567226667967563e-06,0.0289740114082387,0.0289420778859786,9.168204308592e-05
8750,5,balanced,40dB,4,2.6723571828065464e-06,3.633715695435644e-06,0.0290374444314777,0.0289420778859786,9.244611117783976e-05
8750,5,balanced,40dB,5,2.8721031657398235e-06,2.432984424051873e-06,0.0288039452276215,0.0289420778859786,9.188645041259093e-05
8750,5,balanced,40dB,6,2.7045586140498453e-06,3.3383567561445126e-06,0.0290190983185411,0.0289420778859786,9.846131702691412e-05
8750,5,balanced,40dB,7,3.360486063504385e-06,3.68564676296854e-06,0.028996764458605,0.0289420778859786,8.913028122198104e-05
8750,8,legacy,clean,0,6.856346917363144e-13,1.0612396282393317e-13,0.0289420817898673,0.0289420778859786,1.0818737948270785e-12
8750,8,legacy,60dB,0,7.702583830294472e-08,7.27560828100968e-08,0.0289239930784886,0.0289420778859786,8.038470405647081e-07
8750,8,legacy,60dB,1,7.14592194621228e-08,6.742124538021148e-08,0.0289391484243038,0.0289420778859786,8.446086208759102e-07
8750,8,legacy,60dB,2,7.64618286265266e-08,6.592148147414924e-08,0.0289419065202065,0.0289420778859786,8.327887066805227e-07
8750,8,legacy,60dB,3,6.787782026219524e-08,6.381686529132681e-08,0.0289361445455766,0.0289420778859786,8.277267463712712e-07
8750,8,legacy,60dB,4,8.526237506678563e-08,7.990095700902112e-08,0.0289431466075874,0.0289420778859786,8.207021126169969e-07
8750,8,legacy,60dB,5,8.048015734904325e-08,1.0477788943674653e-07,0.0289396275921441,0.0289420778859786,8.035997766270574e-07
8750,8,legacy,60dB,6,6.851587711379506e-08,7.508705672534391e-08,0.0289418298747535,0.0289420778859786,8.988523080001567e-07
8750,8,legacy,60dB,7,7.124246060278563e-08,7.617747990342006e-08,0.0289283022655358,0.0289420778859786,8.046227471323409e-07
8750,8,legacy,40dB,0,7.704981889717227e-06,7.277425430004799e-06,0.0287681294057569,0.0289420778859786,8.038959272919956e-05
8750,8,legacy,40dB,1,7.145955116784098e-06,6.741413622587114e-06,0.0289191795033246,0.0289420778859786,8.445893158086739e-05
8750,8,legacy,40dB,2,7.645210330777e-06,6.592186592602223e-06,0.0289472096914747,0.0289420778859786,8.328220335614923e-05
8750,8,legacy,40dB,3,6.793154480698473e-06,6.384666246713275e-06,0.0288888237294081,0.0289420778859786,8.278035519863297e-05
8750,8,legacy,40dB,4,8.525589544122215e-06,7.98757367523685e-06,0.0289604029390317,0.0289420778859786,8.207427565794244e-05
8750,8,legacy,40dB,5,8.045748467314914e-06,1.0475217376370483e-05,0.0289247807656997,0.0289420778859786,8.035891084969831e-05
8750,8,legacy,40dB,6,6.854697320038845e-06,7.510911086146359e-06,0.0289457321834484,0.0289420778859786,8.988533033305191e-05
8750,8,legacy,40dB,7,7.123801349759318e-06,7.616459308990743e-06,0.0288106979294668,0.0289420778859786,8.045658890393993e-05
8750,8,balanced,clean,0,6.174995827926581e-13,9.894813136386603e-14,0.0289420661792719,0.0289420778859786,1.271917603530278e-12
8750,8,balanced,60dB,0,7.272579769449567e-08,7.445545976908684e-08,0.0289393801285059,0.0289420778859786,7.88095412209459e-07
8750,8,balanced,60dB,1,6.107063415883996e-08,4.854153055147704e-08,0.0289351091129763,0.0289420778859786,8.356275755993459e-07
8750,8,balanced,60dB,2,6.442718235305697e-08,5.982610379092961e-08,0.0289449393808307,0.0289420778859786,8.364487079061607e-07
8750,8,balanced,60dB,3,6.136621445130444e-08,5.097099119587137e-08,0.028945055707659,0.0289420778859786,8.2433204629207e-07
8750,8,balanced,60dB,4,6.509454802780828e-08,5.978769425160045e-08,0.0289525487736833,0.0289420778859786,8.391165942503482e-07
8750,8,balanced,60dB,5,5.8724102864394426e-08,4.9405898640376e-08,0.0289279699551185,0.0289420778859786,8.36349886090078e-07
8750,8,balanced,60dB,6,7.537563554615056e-08,6.786253464805238e-08,0.0289510641861932,0.0289420778859786,8.909859631627352e-07
8750,8,balanced,60dB,7,6.283179908381288e-08,5.388870609200811e-08,0.0289450003478837,0.0289420778859786,8.129733041716127e-07
8750,8,balanced,40dB,0,7.272654955040482e-06,7.44385190800633e-06,0.0289217510741468,0.0289420778859786,7.881626304528729e-05
8750,8,balanced,40dB,1,6.1067778570563575e-06,4.85421297905595e-06,0.028877991593389,0.0289420778859786,8.355592686299249e-05
8750,8,balanced,40dB,2,6.4403751573038025e-06,5.982650458219018e-06,0.0289765943037504,0.0289420778859786,8.364058377197449e-05
8750,8,balanced,40dB,3,6.136111779043612e-06,5.094263770748867e-06,0.0289774839183349,0.0289420778859786,8.243354325269392e-05
8750,8,balanced,40dB,4,6.511752779260003e-06,5.977016110222384e-06,0.0290527529362415,0.0289420778859786,8.391278749226896e-05
8750,8,balanced,40dB,5,5.871317652100047e-06,4.936727036847059e-06,0.028806388019919,0.0289420778859786,8.363775986875743e-05
8750,8,balanced,40dB,6,7.538320025988883e-06,6.785705565831725e-06,0.0290388308177131,0.0289420778859786,8.910047902409778e-05
8750,8,balanced,40dB,7,6.283845922537853e-06,5.389307610690676e-06,0.0289770633988795,0.0289420778859786,8.12939200093743e-05
8750,12,legacy,clean,0,1.1809090815102826e-20,7.114283806216395e-21,0.028942077886499,0.0289420778859786,1.019974533610975e-20
8750,12,legacy,60dB,0,1.5808057670501344e-07,1.9574926519682597e-07,0.0289267707164311,0.0289420778859786,6.423422204661657e-07
8750,12,legacy,60dB,1,2.0096748711758606e-07,1.9254174572481277e-07,0.028926328180513,0.0289420778859786,6.654365095916734e-07
8750,12,legacy,60dB,2,2.016747111090649e-07,2.1401794113362265e-07,0.028940469257398,0.0289420778859786,6.394921600488236e-07
8750,12,legacy,60dB,3,1.7907701749812614e-07,2.1349881904379362e-07,0.0289420530120866,0.0289420778859786,6.469139620150531e-07
8750,12,legacy,60dB,4,2.2578038784050346e-07,2.40936551658409e-07,0.0289387799406826,0.0289420778859786,6.354527821852833e-07
8750,12,legacy,60dB,5,1.949394950012917e-07,2.3055014784965318e-07,0.0289453658638194,0.0289420778859786,6.202026248357662e-07
8750,12,legacy,60dB,6,2.2450938261556986e-07,2.387025478170757e-07,0.0289441384948186,0.0289420778859786,7.280245476857592e-07
8750,12,legacy,60dB,7,2.1486476018884919e-07,2.5464358921196254e-07,0.0289316719261537,0.0289420778859786,6.218819913900139e-07
8750,12,legacy,40dB,0,1.5808058344121013e-05,1.957492711181992e-05,0.0288032334383967,0.0289420778859786,6.42342220870759e-05
8750,12,legacy,40dB,1,2.009674864695302e-05,1.925417398930854e-05,0.0288026679004144,0.0289420778859786,6.654365131933029e-05
8750,12,legacy,40dB,2,2.0167471556912986e-05,2.140179476153201e-05,0.0289441423199336,0.0289420778859786,6.39492154999507e-05
8750,12,legacy,40dB,3,1.7907702687537284e-05,2.134988157345909e-05,0.0289579460748876,0.0289420778859786,6.469139685199889e-05
8750,12,legacy,40dB,4,2.257803790250285e-05,2.4093654293362228e-05,0.0289294186623591,0.0289420778859786,6.354527807290153e-05
8750,12,legacy,40dB,5,1.949394955494733e-05,2.305501362257933e-05,0.0289925022143073,0.0289420778859786,6.202026273732772e-05
8750,12,legacy,40dB,6,2.2450937563838804e-05,2.387025543703589e-05,0.0289828898134326,0.0289420778859786,7.280245534317069e-05
8750,12,legacy,40dB,7,2.14864765387514e-05,2.5464359502643e-05,0.0288573561119826,0.0289420778859786,6.218819908484924e-05
8750,12,balanced,clean,0,9.34790445947054e-21,3.522125666582986e-21,0.0289420778867933,0.0289420778859786,1.1704945342959415e-20
8750,12,balanced,60dB,0,1.560589366371072e-07,1.8488094827421521e-07,0.0289419289897738,0.0289420778859786,6.235918240509165e-07
8750,12,balanced,60dB,1,1.6083165755815175e-07,1.5282699168851909e-07,0.0289327500693839,0.0289420778859786,6.664140473741722e-07
8750,12,balanced,60dB,2,1.5966943561317264e-07,1.561222049500329e-07,0.0289424223218556,0.0289420778859786,6.554505292358287e-07
8750,12,balanced,60dB,3,1.5749608866424908e-07,1.5733457425272077e-07,0.0289474736998131,0.0289420778859786,6.667670458938747e-07
8750,12,balanced,60dB,4,1.520500476758843e-07,1.402397748882131e-07,0.0289518581454867,0.0289420778859786,6.861600664094407e-07
8750,12,balanced,60dB,5,1.6106750715292905e-07,1.6223630117548257e-07,0.0289268603633719,0.0289420778859786,6.537046463742268e-07
8750,12,balanced,60dB,6,1.69210654058244e-07,1.879125049934842e-07,0.0289498873443922,0.0289420778859786,6.989690070149686e-07
8750,12,balanced,60dB,7,1.464009530178687e-07,1.4177428930239126e-07,0.0289442590661477,0.0289420778859786,6.56156954582772e-07
8750,12,balanced,40dB,0,1.5605893474311772e-05,1.8488094532387807e-05,0.0289546342207065,0.0289420778859786,6.23591826829883e-05
8750,12,balanced,40dB,1,1.6083165711446154e-05,1.5282699197181744e-05,0.028863274561835,0.0289420778859786,6.664140456262234e-05
8750,12,balanced,40dB,2,1.5966943825016754e-05,1.56122207733996e-05,0.028959892486886,0.0289420778859786,6.554505357565742e-05
8750,12,balanced,40dB,3,1.5749608550813123e-05,1.5733457029080616e-05,0.029010210664656,0.0289420778859786,6.667670381961527e-05
8750,12,balanced,40dB,4,1.5205005007227596e-05,1.4023977722720447e-05,0.0290535649782577,0.0289420778859786,6.861600649760487e-05
8750,12,balanced,40dB,5,1.610675118376459e-05,1.6223630552738807e-05,0.0288043987286921,0.0289420778859786,6.537046448347609e-05
8750,12,balanced,40dB,6,1.6921065478274877e-05,1.87912506031498e-05,0.0290354014217201,0.0289420778859786,6.98969013891395e-05
8750,12,balanced,40dB,7,1.4640095902724486e-05,1.4177429131699288e-05,0.0289770657667107,0.0289420778859786,6.561569585626268e-05
9000,5,legacy,clean,0,1.0942717916119509e-08,9.869204854716107e-10,0.0276932816678575,0.0276949342527103,2.4050471423147996e-08
9000,5,legacy,60dB,0,5.000647199984803e-08,3.083369328420673e-08,0.0276999063374825,0.0276949342527103,9.228330713354102e-07
9000,5,legacy,60dB,1,3.8334980287417694e-08,2.9003737007744914e-08,0.0276914896445392,0.0276949342527103,8.985667392546594e-07
9000,5,legacy,60dB,2,3.6599136335144354e-08,2.5950667158191372e-08,0.0276939779199666,0.0276949342527103,1.0240306337638398e-06
9000,5,legacy,60dB,3,3.5677505841724064e-08,2.2254551098619893e-08,0.0276894379482525,0.0276949342527103,9.56543366859764e-07
9000,5,legacy,60dB,4,4.455474207551002e-08,2.4273189054941024e-08,0.0276733479013702,0.0276949342527103,9.464817882874307e-07
9000,5,legacy,60dB,5,3.379367155069311e-08,2.5075236441544048e-08,0.0276997506740196,0.0276949342527103,9.2502356558758e-07
9000,5,legacy,60dB,6,4.0729540630795984e-08,2.3297937353505287e-08,0.0276910077347077,0.0276949342527103,9.213258886061632e-07
9000,5,legacy,60dB,7,4.086093140353276e-08,3.7902984281416956e-08,0.027699299384527,0.0276949342527103,9.716041037202735e-07
9000,5,legacy,40dB,0,3.811191358969132e-06,2.793930045013691e-06,0.0277629379752082,0.0276949342527103,9.006718967445849e-05
9000,5,legacy,40dB,1,2.901118707781075e-06,2.789556116842989e-06,0.0276779776880405,0.0276949342527103,8.812320686809966e-05
9000,5,legacy,40dB,2,2.640984272346852e-06,2.6404022937884766e-06,0.0277026176663189,0.0276949342527103,9.964088685998016e-05
9000,5,legacy,40dB,3,2.549457961964189e-06,2.2444039695235684e-06,0.0276571356391728,0.0276949342527103,9.24746165988256e-05
9000,5,legacy,40dB,4,3.277494362773069e-06,2.3262315236243014e-06,0.0274968744343875,0.0276949342527103,9.180845672648336e-05
9000,5,legacy,40dB,5,2.362290054172836e-06,2.437031000900696e-06,0.0277600945672785,0.0276949342527103,9.01228669976324e-05
9000,5,legacy,40dB,6,2.911282816459928e-06,2.0510345965250703e-06,0.0276731448082304,0.0276949342527103,9.034855498848352e-05
9000,5,legacy,40dB,7,3.1114895424833417e-06,3.664299024314645e-06,0.0277562601992419,0.0276949342527103,9.472734616366548e-05
9000,5,balanced,clean,0,1.1048515992145882e-08,8.818093858018616e-10,0.0276959229496259,0.0276949342527103,2.7047352837937045e-08
9000,5,balanced,60dB,0,4.6256319145208995e-08,2.9202040113306527e-08,0.0276918663057402,0.0276949342527103,9.273927156021535e-07
9000,5,balanced,60dB,1,4.1135924292023464e-08,4.183893693497797e-08,0.0277038534600521,0.0276949342527103,9.022226581626288e-07
9000,5,balanced,60dB,2,4.209865111978212e-08,3.082988021756057e-08,0.0276919179207902,0.0276949342527103,1.0002190526909598e-06
9000,5,balanced,60dB,3,3.98238425201594e-08,2.2730433821269198e-08,0.0276926572854284,0.0276949342527103,9.435177024200296e-07
9000,5,balanced,60dB,4,3.087625991635668e-08,2.325388704118524e-08,0.0276990418986745,0.0276949342527103,9.547259759569175e-07
9000,5,balanced,60dB,5,3.9073820308260315e-08,2.630326343734333e-08,0.0277009855652367,0.0276949342527103,9.216587186624144e-07
9000,5,balanced,60dB,6,3.6475546568651495e-08,2.3493788123739656e-08,0.0276932890539573,0.0276949342527103,8.927484836524992e-07
9000,5,balanced,60dB,7,3.8127751662011126e-08,2.1715985097564692e-08,0.0276943105625133,0.0276949342527103,9.841532857027075e-07
9000,5,balanced,40dB,0,3.6641064416740423e-06,2.888095128911789e-06,0.0276586574906622,0.0276949342527103,9.087850397693926e-05
9000,5,balanced,40dB,1,2.8260805538716545e-06,3.906385017288489e-06,0.0277777422118431,0.0276949342527103,8.726951351994973e-05
9000,5,balanced,40dB,2,3.0871221023702885e-06,3.099640110915797e-06,0.0276586382335038,0.0276949342527103,9.631323349878374e-05
9000,5,balanced,40dB,3,2.873738415880803e-06,2.0762068516495147e-06,0.0276658412442856,0.0276949342527103,9.192732466905662e-05
9000,5,balanced,40dB,4,1.9426441457057277e-06,2.2417619803453985e-06,0.0277288457583035,0.0276949342527103,9.201362613956437e-05
9000,5,balanced,40dB,5,2.8063258809709344e-06,2.455107844423322e-06,0.0277490641300552,0.0276949342527103,8.915978345082631e-05
9000,5,balanced,40dB,6,2.7338441179929715e-06,2.264552454959236e-06,0.0276720525182362,0.0276949342527103,8.782857831502391e-05
9000,5,balanced,40dB,7,2.838853912217144e-06,2.193904577110429e-06,0.0276823560915395,0.0276949342527103,9.588259071285184e-05
9000,8,legacy,clean,0,1.0502801176654785e-12,3.267113717607951e-13,0.0276949536739842,0.0276949342527103,1.6735420441189453e-12
9000,8,legacy,60dB,0,7.4267038124863e-08,6.726048887395818e-08,0.0277035100644046,0.0276949342527103,8.228816330338129e-07
9000,8,legacy,60dB,1,7.651473980465116e-08,7.467536412294537e-08,0.0276923170683261,0.0276949342527103,7.969017266931643e-07
9000,8,legacy,60dB,2,6.503475111660745e-08,6.954418271350232e-08,0.0276883446916086,0.0276949342527103,9.18960495711038e-07
9000,8,legacy,60dB,3,6.281827051756859e-08,6.587666072161704e-08,0.0276903326959002,0.0276949342527103,8.390455221926431e-07
9000,8,legacy,60dB,4,7.547598812547687e-08,6.1065152044266e-08,0.0276708709196672,0.0276949342527103,8.327492218639743e-07
9000,8,legacy,60dB,5,6.646379701509056e-08,6.895452723369054e-08,0.0277010106286806,0.0276949342527103,8.062540142422636e-07
9000,8,legacy,60dB,6,7.789334871599029e-08,6.831186809194735e-08,0.0276920627139978,0.0276949342527103,8.00613289574025e-07
9000,8,legacy,60dB,7,7.608288911856877e-08,9.22833401065075e-08,0.0277036329551249,0.0276949342527103,8.398863143584633e-07
9000,8,legacy,40dB,0,7.428562574495992e-06,6.723155624910232e-06,0.0277872034798345,0.0276949342527103,8.228621640220622e-05
9000,8,legacy,40dB,1,7.650611306047137e-06,7.465156472223276e-06,0.027675473090764,0.0276949342527103,7.968607421678461e-05
9000,8,legacy,40dB,2,6.504928284482578e-06,6.9564434940533525e-06,0.0276347184404542,0.0276949342527103,9.19011817211554e-05
9000,8,legacy,40dB,3,6.284375690842578e-06,6.587966506632916e-06,0.0276544000955832,0.0276949342527103,8.390334305782817e-05
9000,8,legacy,40dB,4,7.5471244321222334e-06,6.108488975713333e-06,0.0274609185048185,0.0276949342527103,8.327342774518873e-05
9000,8,legacy,40dB,5,6.64460403267914e-06,6.89084736647961e-06,0.0277615031964632,0.0276949342527103,8.062118280171925e-05
9000,8,legacy,40dB,6,7.786278662632862e-06,6.829097321720421e-06,0.0276730514287484,0.0276949342527103,8.006337546275005e-05
9000,8,legacy,40dB,7,7.603529974624418e-06,9.222483400143072e-06,0.0277885891959273,0.0276949342527103,8.39931040780583e-05
9000,8,balanced,clean,0,9.527505147878865e-13,1.75750100275409e-13,0.0276949359875606,0.0276949342527103,1.961406005571762e-12
9000,8,balanced,60dB,0,6.996340866569324e-08,6.678785981049019e-08,0.0276884179802682,0.0276949342527103,8.232869480380418e-07
9000,8,balanced,60dB,1,6.234602145230653e-08,7.769307121297882e-08,0.02770335720602,0.0276949342527103,7.837078551234687e-07
9000,8,balanced,60dB,2,6.822652670815727e-08,6.448569981688014e-08,0.0276899296733508,0.0276949342527103,8.788661008868842e-07
9000,8,balanced,60dB,3,5.957946055604391e-08,6.33140741307772e-08,0.0276925641174318,0.0276949342527103,8.295567010803458e-07
9000,8,balanced,60dB,4,5.4710571671289246e-08,4.905856662318288e-08,0.0276989976082001,0.0276949342527103,8.41586642025716e-07
9000,8,balanced,60dB,5,6.456712701718325e-08,7.186376330007328e-08,0.0277028706153214,0.0276949342527103,7.992644598374624e-07
9000,8,balanced,60dB,6,7.599820149856488e-08,6.554158096342593e-08,0.0276925975541819,0.0276949342527103,7.980440139483295e-07
9000,8,balanced,60dB,7,7.041418278647432e-08,5.5892078498204563e-08,0.0276958356938986,0.0276949342527103,8.544229323276899e-07
9000,8,balanced,40dB,0,6.995485103045323e-06,6.67919620320613e-06,0.0276360517742279,0.0276949342527103,8.232058397118259e-05
9000,8,balanced,40dB,1,6.235031287540882e-06,7.769997048431382e-06,0.0277847597518038,0.0276949342527103,7.83608584461007e-05
9000,8,balanced,40dB,2,6.824228846611587e-06,6.450574562845237e-06,0.0276510148176169,0.0276949342527103,8.788477666964751e-05
9000,8,balanced,40dB,3,5.9577326560948216e-06,6.331600162246566e-06,0.0276765792328986,0.0276949342527103,8.295258989431382e-05
9000,8,balanced,40dB,4,5.473684976109711e-06,4.905914337726313e-06,0.0277404787817898,0.0276949342527103,8.415074773862952e-05
9000,8,balanced,40dB,5,6.457956003061146e-06,7.185900999683231e-06,0.0277800945584774,0.0276949342527103,7.991757873404283e-05
9000,8,balanced,40dB,6,7.599546663763655e-06,6.551359065931128e-06,0.0276783912269972,0.0276949342527103,7.979333364316797e-05
9000,8,balanced,40dB,7,7.040885993347427e-06,5.589032668166925e-06,0.0277102698036806,0.0276949342527103,8.545026814409377e-05
9000,12,legacy,clean,0,2.4859294534073286e-20,1.6308968378468818e-20,0.0276949342560686,0.0276949342527103,1.973671646976736e-20
9000,12,legacy,60dB,0,2.0954460262290202e-07,1.893463834772615e-07,0.0277086987505647,0.0276949342527103,6.268633967731644e-07
9000,12,legacy,60dB,1,2.2359507222553441e-07,1.7678351690957105e-07,0.0276961952370414,0.0276949342527103,6.129253846547707e-07
9000,12,legacy,60dB,2,2.2148270582335265e-07,2.1874782922110306e-07,0.0276880324374597,0.0276949342527103,7.035302893138977e-07
9000,12,legacy,60dB,3,2.0545675192433257e-07,1.9286568062098498e-07,0.0276811767756708,0.0276949342527103,6.530290615704104e-07
9000,12,legacy,60dB,4,2.187243571074458e-07,1.830117599760442e-07,0.0276633955430024,0.0276949342527103,6.58072248405298e-07
9000,12,legacy,60dB,5,1.876441817831854e-07,1.788263640506395e-07,0.0276906831735178,0.0276949342527103,6.158691964678228e-07
9000,12,legacy,60dB,6,1.892347911694503e-07,1.3826526859139297e-07,0.0276946706162796,0.0276949342527103,6.421949024645686e-07
9000,12,legacy,60dB,7,2.028484767939093e-07,1.994242858311882e-07,0.027702317471364,0.0276949342527103,6.621725858807731e-07
9000,12,legacy,40dB,0,2.095446005375266e-05,1.8934637016330068e-05,0.0278514382150573,0.0276949342527103,6.268633983401015e-05
9000,12,legacy,40dB,1,2.2359507631924703e-05,1.767835157469883e-05,0.0277276676227065,0.0276949342527103,6.129253857246455e-05
9000,12,legacy,40dB,2,2.2148270262807863e-05,2.1874782326210786e-05,0.0276458495131846,0.0276949342527103,7.035302953337571e-05
9000,12,legacy,40dB,3,2.054567568721492e-05,1.9286568154405272e-05,0.0275758505602585,0.0276949342527103,6.530290594383474e-05
9000,12,legacy,40dB,4,2.1872434824772e-05,1.8301175158510827e-05,0.0273992323166609,0.0276949342527103,6.580722451954434e-05
9000,12,legacy,40dB,5,1.8764418689150186e-05,1.788263636522539e-05,0.0276693114074321,0.0276949342527103,6.158691988951217e-05
9000,12,legacy,40dB,6,1.892347939045075e-05,1.3826527627791204e-05,0.0277093289896575,0.0276949342527103,6.421949159343068e-05
9000,12,legacy,40dB,7,2.0284847216142653e-05,1.9942427344162315e-05,0.0277870227714714,0.0276949342527103,6.621725940265834e-05
9000,12,balanced,clean,0,1.7551648304175523e-20,6.03433216727726e-21,0.0276949342535899,0.0276949342527103,2.2650195295333152e-20
9000,12,balanced,60dB,0,1.6968598520823077e-07,1.4618455582186636e-07,0.0276856720682047,0.0276949342527103,6.563507857605037e-07
9000,12,balanced,60dB,1,1.5129060756697437e-07,1.5052877901003777e-07,0.0277041688898517,0.0276949342527103,6.299014319951215e-07
9000,12,balanced,60dB,2,1.742838368911931e-07,1.5975030893521756e-07,0.0276936155984903,0.0276949342527103,6.78557989794447e-07
9000,12,balanced,60dB,3,1.3988895118628885e-07,1.3718210541185077e-07,0.0276899023230061,0.0276949342527103,6.71211159808022e-07
9000,12,balanced,60dB,4,1.5435126968337385e-07,1.4492516498814458e-07,0.0277039161435307,0.0276949342527103,6.635332511215858e-07
9000,12,balanced,60dB,5,1.541617748351356e-07,1.5463940044238705e-07,0.0277064664231756,0.0276949342527103,6.350877177853769e-07
9000,12,balanced,60dB,6,1.6431093995600219e-07,1.5954437889334734e-07,0.0276933037300299,0.0276949342527103,6.152533749378265e-07
9000,12,balanced,60dB,7,1.846815183198743e-07,1.6102840074389096e-07,0.0276906779409154,0.0276949342527103,6.524715655346194e-07
9000,12,balanced,40dB,0,1.6968598902100955e-05,1.4618455309048844e-05,0.0276175841387876,0.0276949342527103,6.563507896099965e-05
9000,12,balanced,40dB,1,1.5129061009338952e-05,1.5052877832930206e-05,0.0278008967711408,0.0276949342527103,6.299014164928165e-05
9000,12,balanced,40dB,2,1.7428383127121482e-05,1.597503080939656e-05,0.0276974332473524,0.0276949342527103,6.785579950535586e-05
9000,12,balanced,40dB,3,1.3988894973172566e-05,1.371821039510837e-05,0.027657204953213,0.0276949342527103,6.712111502850389e-05
9000,12,balanced,40dB,4,1.5435126890767818e-05,1.4492515860815447e-05,0.0277986447671914,0.0276949342527103,6.635332444538722e-05
9000,12,balanced,40dB,5,1.5416177516897326e-05,1.546393993103161e-05,0.0278241305092152,0.0276949342527103,6.350877178372498e-05
9000,12,balanced,40dB,6,1.6431094413333463e-05,1.5954438392889414e-05,0.0276934170030031,0.0276949342527103,6.152533789209833e-05
9000,12,balanced,40dB,7,1.846815192508941e-05,1.610284010954389e-05,0.0276689924635857,0.0276949342527103,6.524715529203209e-05
9250,5,legacy,clean,0,1.5442693007285727e-08,1.446395332155615e-09,0.0264862535954971,0.0264847459452544,3.290917579452953e-08
9250,5,legacy,60dB,0,4.0253422099927003e-08,2.6865058736815834e-08,0.0264836257367269,0.0264847459452544,1.0132948689544906e-06
9250,5,legacy,60dB,1,3.6705574493530736e-08,1.858433702273451e-08,0.0264904284389887,0.0264847459452544,9.235066219477452e-07
9250,5,legacy,60dB,2,5.350584851368761e-08,3.2759623612147626e-08,0.0264938816104467,0.0264847459452544,9.56029590960111e-07
9250,5,legacy,60dB,3,4.8207201265133016e-08,2.8691321733891764e-08,0.0264941838468022,0.0264847459452544,1.0010969606908509e-06
9250,5,legacy,60dB,4,4.4351651445031015e-08,3.814634606131113e-08,0.0264789376678859,0.0264847459452544,9.809792689693286e-07
9250,5,legacy,60dB,5,4.589174333939741e-08,2.7204088131139757e-08,0.0264923397973845,0.0264847459452544,9.47816934591433e-07
9250,5,legacy,60dB,6,4.026147910157647e-08,3.086207436235358e-08,0.0264816379602759,0.0264847459452544,9.381689677022656e-07
9250,5,legacy,60dB,7,4.451951136854724e-08,3.5874244589616656e-08,0.0264837455381724,0.0264847459452544,9.967078872298568e-07
9250,5,legacy,40dB,0,2.2418890277001767e-06,2.267682516981938e-06,0.0264619533468394,0.0264847459452544,9.772866048402848e-05
9250,5,legacy,40dB,1,2.1814833111150973e-06,1.733252528615813e-06,0.0265299554422166,0.0264847459452544,9.019731541866715e-05
9250,5,legacy,40dB,2,3.547182863819976e-06,2.910883214421487e-06,0.0265656848536088,0.0264847459452544,9.263868270573678e-05
9250,5,legacy,40dB,3,3.3651625690243057e-06,2.8850992950302816e-06,0.0265685781833419,0.0264847459452544,9.547324147503478e-05
9250,5,legacy,40dB,4,3.17590800531639e-06,3.891928007178219e-06,0.0264159656951128,0.0264847459452544,9.45653340994314e-05
9250,5,legacy,40dB,5,3.080844007020486e-06,2.6998285151363665e-06,0.0265498765251824,0.0264847459452544,9.151143521116062e-05
9250,5,legacy,40dB,6,2.821813252543136e-06,3.2779316541829077e-06,0.0264426554259835,0.0264847459452544,9.051813405258658e-05
9250,5,legacy,40dB,7,2.774414886224089e-06,3.2971570288304243e-06,0.0264636412262599,0.0264847459452544,9.507969992620044e-05
9250,5,balanced,clean,0,1.4966906531275563e-08,1.2532412296684855e-09,0.026483968439583,0.0264847459452544,3.6716900202876215e-08
9250,5,balanced,60dB,0,4.15393108263497e-08,2.6989162860108783e-08,0.0264777165009032,0.0264847459452544,9.87020881306573e-07
9250,5,balanced,60dB,1,3.93372026940936e-08,2.5132059350995953e-08,0.0264800821785948,0.0264847459452544,9.047619563705572e-07
9250,5,balanced,60dB,2,3.9426939042359446e-08,2.3271001834247836e-08,0.0264891509560581,0.0264847459452544,9.616204377682885e-07
9250,5,balanced,60dB,3,3.6995846330638914e-08,2.2233117963054444e-08,0.0264718279876172,0.0264847459452544,9.997062163783345e-07
9250,5,balanced,60dB,4,4.4742442228837564e-08,2.308605794664065e-08,0.0264843649344637,0.0264847459452544,1.008991005650646e-06
9250,5,balanced,60dB,5,3.890067892528119e-08,2.797646032734678e-08,0.0264819148793659,0.0264847459452544,9.467278968278736e-07
9250,5,balanced,60dB,6,4.103374371933356e-08,1.944876693200299e-08,0.0264771670404087,0.0264847459452544,9.33884851693823e-07
9250,5,balanced,60dB,7,5.1636025565694426e-08,2.6828659499192623e-08,0.0264778012242315,0.0264847459452544,9.794063964921132e-07
9250,5,balanced,40dB,0,2.579557632591901e-06,2.281137108479955e-06,0.0264237479194681,0.0264847459452544,9.55810753750015e-05
9250,5,balanced,40dB,1,2.3291807043381546e-06,2.295698635428227e-06,0.0264471763405389,0.0264847459452544,8.885723702765168e-05
9250,5,balanced,40dB,2,2.4549012017748137e-06,2.338154085889558e-06,0.0265379889383054,0.0264847459452544,9.254188593044616e-05
9250,5,balanced,40dB,3,2.163641121139566e-06,2.026253873853318e-06,0.0263644923047428,0.0264847459452544,9.666055004437532e-05
9250,5,balanced,40dB,4,3.015647512101534e-06,2.1997086417240075e-06,0.026490636313639,0.0264847459452544,9.5728092826752e-05
9250,5,balanced,40dB,5,2.4933839600438504e-06,2.7307970971411302e-06,0.0264656719167421,0.0264847459452544,9.142030914707148e-05
9250,5,balanced,40dB,6,2.747156505049918e-06,1.8742747454617896e-06,0.0264184259690672,0.0264847459452544,9.071041671344056e-05
9250,5,balanced,40dB,7,3.583711811692736e-06,2.566960423568844e-06,0.0264254983397833,0.0264847459452544,9.382771496249843e-05
9250,8,legacy,clean,0,1.5262798370377597e-12,5.51301720026429e-13,0.0264847003936827,0.0264847459452544,2.5616100601305105e-12
9250,8,legacy,60dB,0,5.933519066543363e-08,7.497573978927537e-08,0.0264816287628334,0.0264847459452544,8.877693064800948e-07
9250,8,legacy,60dB,1,6.907898613227156e-08,7.034873093732137e-08,0.0264908537059839,0.0264847459452544,8.114379204373412e-07
9250,8,legacy,60dB,2,6.322567712248015e-08,7.2010862605702e-08,0.0264956827914214,0.0264847459452544,8.514087449160597e-07
9250,8,legacy,60dB,3,7.713737043781115e-08,8.8652595337703e-08,0.0264944297846991,0.0264847459452544,8.637332853663998e-07
9250,8,legacy,60dB,4,6.776334563887823e-08,8.382942458594509e-08,0.0264745921216303,0.0264847459452544,8.69275841389498e-07
9250,8,legacy,60dB,5,6.882800474774679e-08,8.068904046934482e-08,0.0264907481335383,0.0264847459452544,8.296529075237703e-07
9250,8,legacy,60dB,6,7.731617634385638e-08,8.502302767418694e-08,0.0264793675903354,0.0264847459452544,7.992868860385342e-07
9250,8,legacy,60dB,7,7.975972625429044e-08,9.520435042285081e-08,0.0264786799292028,0.0264847459452544,8.434785997972684e-07
9250,8,legacy,40dB,0,5.934343479407291e-06,7.496063408164694e-06,0.0264593250904997,0.0264847459452544,8.878780419421113e-05
9250,8,legacy,40dB,1,6.903806970817914e-06,7.032647659776233e-06,0.0265524465475413,0.0264847459452544,8.114992802742267e-05
9250,8,legacy,40dB,2,6.323055919884717e-06,7.200026638458386e-06,0.0266002151839553,0.0264847459452544,8.514617572774375e-05
9250,8,legacy,40dB,3,7.715332452207177e-06,8.864681314101423e-06,0.026588938276332,0.0264847459452544,8.636762637107516e-05
9250,8,legacy,40dB,4,6.7770875768361246e-06,8.379315973069141e-06,0.0263897171410158,0.0264847459452544,8.692864002163582e-05
9250,8,legacy,40dB,5,6.883212494673395e-06,8.068312817871351e-06,0.0265513727384228,0.0264847459452544,8.296533587578288e-05
9250,8,legacy,40dB,6,7.728210477069509e-06,8.502319151845925e-06,0.02643832742266,0.0264847459452544,7.992713708683491e-05
9250,8,legacy,40dB,7,7.974423990850811e-06,9.51644357541358e-06,0.0264316725893486,0.0264847459452544,8.4351983620068e-05
9250,8,balanced,clean,0,1.4921347009517009e-12,3.428433503801421e-13,0.0264847689187897,0.0264847459452544,2.9783320209106992e-12
9250,8,balanced,60dB,0,7.347499850328141e-08,9.117105814612417e-08,0.0264795286321981,0.0264847459452544,8.447609349288216e-07
9250,8,balanced,60dB,1,6.555933165517867e-08,7.85519840329075e-08,0.0264782248736011,0.0264847459452544,7.938670130264861e-07
9250,8,balanced,60dB,2,5.662281493089578e-08,7.948975602742967e-08,0.0264897864324298,0.0264847459452544,8.410727125607779e-07
9250,8,balanced,60dB,3,6.443603502750274e-08,6.396061536709196e-08,0.0264727541367375,0.0264847459452544,8.76721043451396e-07
9250,8,balanced,60dB,4,6.929720602066785e-08,7.45318137049165e-08,0.0264881840384351,0.0264847459452544,8.567603823468094e-07
9250,8,balanced,60dB,5,7.151227600725507e-08,8.44369156596009e-08,0.0264824082365247,0.0264847459452544,8.189072006749604e-07
9250,8,balanced,60dB,6,6.088081865304415e-08,6.683705754305024e-08,0.0264799186632649,0.0264847459452544,8.187860027947972e-07
9250,8,balanced,60dB,7,7.989989595259449e-08,9.457897340590942e-08,0.0264752476365698,0.0264847459452544,8.411251627021928e-07
9250,8,balanced,40dB,0,7.349661017660224e-06,9.115863967600834e-06,0.0264389809773355,0.0264847459452544,8.447554684444498e-05
9250,8,balanced,40dB,1,6.556626247343206e-06,7.857191206556918e-06,0.0264252295132632,0.0264847459452544,7.939479210671031e-05
9250,8,balanced,40dB,2,5.661487009647842e-06,7.951062454785063e-06,0.0265400393274802,0.0264847459452544,8.410395032030673e-05
9250,8,balanced,40dB,3,6.444206666480538e-06,6.394752810896438e-06,0.0263704209580133,0.0264847459452544,8.768080772884824e-05
9250,8,balanced,40dB,4,6.928151481180124e-06,7.4524526458039e-06,0.0265251553080935,0.0264847459452544,8.568215179732373e-05
9250,8,balanced,40dB,5,7.148917888276034e-06,8.444334683863213e-06,0.0264675959046973,0.0264847459452544,8.18991808219656e-05
9250,8,balanced,40dB,6,6.0874146416446975e-06,6.68452635021091e-06,0.0264417449834257,0.0264847459452544,8.188861195376347e-05
9250,8,balanced,40dB,7,7.99346138941406e-06,9.458465350951365e-06,0.0263967505724499,0.0264847459452544,8.411117808540617e-05
9250,12,legacy,clean,0,4.2198345366330044e-20,3.3305754615009504e-20,0.0264847459386941,0.0264847459452544,3.7218382770147357e-20
9250,12,legacy,60dB,0,2.1092105121338694e-07,2.2684405507572586e-07,0.0264610086447011,0.0264847459452544,6.9598419180775e-07
9250,12,legacy,60dB,1,1.8533163800854227e-07,1.8872039267091828e-07,0.0264981255747691,0.0264847459452544,6.429791485019603e-07
9250,12,legacy,60dB,2,1.9174840966492315e-07,1.938329876335491e-07,0.0264958900955114,0.0264847459452544,6.8699127600807e-07
9250,12,legacy,60dB,3,1.7834409755087688e-07,1.8520800098007625e-07,0.0264931857372723,0.0264847459452544,6.984178319559524e-07
9250,12,legacy,60dB,4,1.8978081351627577e-07,2.4631146377387296e-07,0.0264722511822923,0.0264847459452544,6.672758942190517e-07
9250,12,legacy,60dB,5,2.260792816680252e-07,2.042727369444987e-07,0.0264911900049442,0.0264847459452544,6.400673284540529e-07
9250,12,legacy,60dB,6,2.094597638933511e-07,2.623681086525435e-07,0.0264702405800456,0.0264847459452544,6.037395132281199e-07
9250,12,legacy,60dB,7,2.0369284172396158e-07,2.444322640714655e-07,0.0264721411363167,0.0264847459452544,6.645268116332766e-07
9250,12,legacy,40dB,0,2.1092103933383995e-05,2.2684405455497808e-05,0.0262663558921848,0.0264847459452544,6.95984185138487e-05
9250,12,legacy,40dB,1,1.8533165377035447e-05,1.887204132763701e-05,0.026635222148442,0.0264847459452544,6.4297915484775e-05
9250,12,legacy,40dB,2,1.9174843624690704e-05,1.9383300430136346e-05,0.0266134448663948,0.0264847459452544,6.869912704449111e-05
9250,12,legacy,40dB,3,1.78344098001396e-05,1.8520800524979915e-05,0.0265851948933014,0.0264847459452544,6.98417830641961e-05
9250,12,legacy,40dB,4,1.8978079735317907e-05,2.4631144803283546e-05,0.026376878646277,0.0264847459452544,6.672758945181581e-05
9250,12,legacy,40dB,5,2.260792862196417e-05,2.0427274385812143e-05,0.0265695337370009,0.0264847459452544,6.400673096838434e-05
9250,12,legacy,40dB,6,2.0945975199221957e-05,2.623680974994174e-05,0.0263585437297702,0.0264847459452544,6.037395200555007e-05
9250,12,legacy,40dB,7,2.036928324280532e-05,2.4443225506453093e-05,0.0263770302697464,0.0264847459452544,6.645268089605926e-05
9250,12,balanced,clean,0,3.3995087159615464e-20,1.3590634523832312e-20,0.0264847459478592,0.0264847459452544,4.2912868522823984e-20
9250,12,balanced,60dB,0,1.5701014697181816e-07,1.8700430365657797e-07,0.026482508501699,0.0264847459452544,6.669831012108009e-07
9250,12,balanced,60dB,1,1.6313350576934974e-07,1.7587640916387748e-07,0.0264787619803369,0.0264847459452544,6.111860633900305e-07
9250,12,balanced,60dB,2,1.415629611767846e-07,1.6568232667323722e-07,0.0264872744726788,0.0264847459452544,6.68804266542422e-07
9250,12,balanced,60dB,3,1.7006689348609545e-07,1.7244817781482038e-07,0.0264777603600252,0.0264847459452544,6.689109969188911e-07
9250,12,balanced,60dB,4,1.944015306300784e-07,1.952279979686895e-07,0.0264871330044285,0.0264847459452544,6.530926598703457e-07
9250,12,balanced,60dB,5,1.840740257878569e-07,1.9662087414222246e-07,0.0264780704674353,0.0264847459452544,6.250611192582567e-07
9250,12,balanced,60dB,6,1.5548458239200638e-07,1.6336066001615465e-07,0.0264776678493279,0.0264847459452544,6.43648645173313e-07
9250,12,balanced,60dB,7,1.5690380125359182e-07,2.021211535904128e-07,0.0264787075094019,0.0264847459452544,6.518743695692839e-07
9250,12,balanced,40dB,0,1.570101448487522e-05,1.8700430316053065e-05,0.0264765023992725,0.0264847459452544,6.669830962550436e-05
9250,12,balanced,40dB,1,1.6313351151737592e-05,1.7587641861253634e-05,0.0264395882887309,0.0264847459452544,6.111860685455816e-05
9250,12,balanced,40dB,2,1.415629648036686e-05,1.6568232659192633e-05,0.0265227718629241,0.0264847459452544,6.688042680425647e-05
9250,12,balanced,40dB,3,1.7006689586488666e-05,1.7244818713446904e-05,0.0264301960901713,0.0264847459452544,6.689109987776084e-05
9250,12,balanced,40dB,4,1.9440153235140733e-05,1.9522799582300453e-05,0.0265261126514805,0.0264847459452544,6.530926689035443e-05
9250,12,balanced,40dB,5,1.840740191144026e-05,1.966208748068428e-05,0.0264345578052742,0.0264847459452544,6.250611111027319e-05
9250,12,balanced,40dB,6,1.5548458327518856e-05,1.6336066104725488e-05,0.0264279585750494,0.0264847459452544,6.436486579394883e-05
9250,12,balanced,40dB,7,1.5690379577266734e-05,2.0212114365390007e-05,0.0264384829048514,0.0264847459452544,6.518743658011957e-05
9500,5,legacy,clean,0,2.0329773062783413e-08,3.084395897481484e-09,0.0253123030725669,0.0253134097724061,4.4621403207379115e-08
9500,5,legacy,60dB,0,5.6723735538133535e-08,4.4689889162456895e-08,0.0253147455257078,0.0253134097724061,9.580312797661735e-07
9500,5,legacy,60dB,1,4.4207966915904545e-08,2.795394401590037e-08,0.0253100841298593,0.0253134097724061,9.08744859325076e-07
9500,5,legacy,60dB,2,4.9498126410101065e-08,4.4070855275440485e-08,0.0253075001155803,0.0253134097724061,9.706758778842955e-07
9500,5,legacy,60dB,3,5.006782999555303e-08,4.2339453533348015e-08,0.0253063748077123,0.0253134097724061,1.000797058688045e-06
9500,5,legacy,60dB,4,5.07601566725589e-08,4.419547042909665e-08,0.0253224730014784,0.0253134097724061,9.981212924432991e-07
9500,5,legacy,60dB,5,4.93364598266984e-08,3.6354648258167216e-08,0.0253064315417502,0.0253134097724061,1.0190874879593069e-06
9500,5,legacy,60dB,6,4.8865634077820495e-08,3.2763810852521245e-08,0.0253035669076074,0.0253134097724061,1.0001539856635273e-06
9500,5,legacy,60dB,7,5.0435367935091375e-08,5.3065740512126446e-08,0.0253187908882735,0.0253134097724061,9.58021876465252e-07
9500,5,legacy,40dB,0,3.694779912032734e-06,4.361996922333345e-06,0.02534003811449,0.0253134097724061,9.22773871127762e-05
9500,5,legacy,40dB,1,2.7402876949633385e-06,2.647394895026892e-06,0.0252925948214754,0.0253134097724061,8.769818530755314e-05
9500,5,legacy,40dB,2,3.0278379973266863e-06,3.5359324268077107e-06,0.0252669893273911,0.0253134097724061,9.29754139359117e-05
9500,5,legacy,40dB,3,3.16462279663684e-06,4.3818662271055885e-06,0.0252558673364747,0.0253134097724061,9.564906634619646e-05
9500,5,legacy,40dB,4,3.3937852186154897e-06,4.49147609247546e-06,0.025417071513291,0.0253134097724061,9.452571793190186e-05
9500,5,legacy,40dB,5,2.8283496706678474e-06,3.3806391682696687e-06,0.0252561057174296,0.0253134097724061,9.821174736773408e-05
9500,5,legacy,40dB,6,3.050623528886341e-06,3.101000854666512e-06,0.0252276863581179,0.0253134097724061,9.44908955067548e-05
9500,5,legacy,40dB,7,3.165287221368725e-06,4.891630331716418e-06,0.0253800251311324,0.0253134097724061,9.183997272067224e-05
9500,5,balanced,clean,0,1.989107314441065e-08,3.165805773291099e-09,0.0253146545876066,0.0253134097724061,4.9331648928768717e-08
9500,5,balanced,60dB,0,4.5999418850067993e-08,3.5190006173472025e-08,0.025305878761648,0.0253134097724061,9.97373856486994e-07
9500,5,balanced,60dB,1,4.827972635273193e-08,2.6442659375077228e-08,0.0253184054782572,0.0253134097724061,9.380491542381436e-07
9500,5,balanced,60dB,2,4.862901868207689e-08,2.787665647267287e-08,0.0253110565185609,0.0253134097724061,9.668507271757287e-07
9500,5,balanced,60dB,3,5.691050306311377e-08,4.319867538629914e-08,0.0253184331439585,0.0253134097724061,1.0050487240287536e-06
9500,5,balanced,60dB,4,4.647764253625688e-08,2.8972099304876352e-08,0.0253190142393213,0.0253134097724061,1.0042150219909945e-06
9500,5,balanced,60dB,5,4.90981174124339e-08,4.522556803139305e-08,0.0253037324267539,0.0253134097724061,1.015765046711968e-06
9500,5,balanced,60dB,6,4.982186649212199e-08,4.1570862329515064e-08,0.0253030936649987,0.0253134097724061,9.960490453194195e-07
9500,5,balanced,60dB,7,4.033625831798718e-08,3.550900705794953e-08,0.0253129414066904,0.0253134097724061,9.74774526475162e-07
9500,5,balanced,40dB,0,2.6155231794680028e-06,3.1093832116485443e-06,0.0252292308766691,0.0253134097724061,9.323105511911452e-05
9500,5,balanced,40dB,1,2.841026154218808e-06,2.338128679811105e-06,0.0253547007426617,0.0253134097724061,8.853494651483384e-05
9500,5,balanced,40dB,2,2.9354233025545604e-06,2.858844501708264e-06,0.0252813020499244,0.0253134097724061,9.235010318823688e-05
9500,5,balanced,40dB,3,3.6365264082087474e-06,3.696296093139561e-06,0.0253556865921623,0.0253134097724061,9.544207851105494e-05
9500,5,balanced,40dB,4,2.6545541282052666e-06,2.698189730524936e-06,0.0253606199021147,0.0253134097724061,9.48878425387971e-05
9500,5,balanced,40dB,5,2.9037745691196667e-06,3.921204532590683e-06,0.0252080247921323,0.0253134097724061,9.723640911947091e-05
9500,5,balanced,40dB,6,3.027614805098173e-06,3.585334977574945e-06,0.0252017537773263,0.0253134097724061,9.437002135259009e-05
9500,5,balanced,40dB,7,2.0356569825241693e-06,3.27212578942662e-06,0.0252993340925019,0.0253134097724061,9.255906863286524e-05
9500,8,legacy,clean,0,2.378577713075333e-12,4.615031102538179e-13,0.0253134222794395,0.0253134097724061,3.8862114545043824e-12
9500,8,legacy,60dB,0,7.006220060390039e-08,7.787550060858548e-08,0.0253153690566883,0.0253134097724061,8.31679633904112e-07
9500,8,legacy,60dB,1,6.617287235303537e-08,5.0668989456841015e-08,0.0253121169973421,0.0253134097724061,8.020849223902772e-07
9500,8,legacy,60dB,2,7.551618715969983e-08,6.813744238333132e-08,0.0253071335708901,0.0253134097724061,8.399790256332369e-07
9500,8,legacy,60dB,3,8.818396120420198e-08,7.41777159024131e-08,0.0253075406345539,0.0253134097724061,8.563258934283119e-07
9500,8,legacy,60dB,4,8.668396549535003e-08,7.702437908090287e-08,0.0253235302572671,0.0253134097724061,8.476474675574045e-07
9500,8,legacy,60dB,5,7.223208120495709e-08,8.408386415817497e-08,0.0253088023397282,0.0253134097724061,8.824993993939667e-07
9500,8,legacy,60dB,6,8.587362763682887e-08,5.3012969491235116e-08,0.025304313632538,0.0253134097724061,8.465766796504842e-07
9500,8,legacy,60dB,7,7.414279065169423e-08,6.959591617506225e-08,0.0253186521175723,0.0253134097724061,8.38265839743022e-07
9500,8,legacy,40dB,0,7.006040814839216e-06,7.78256975072667e-06,0.0253391954921437,0.0253134097724061,8.316866645843285e-05
9500,8,legacy,40dB,1,6.61536794642782e-06,5.06802431192596e-06,0.0253063231190965,0.0253134097724061,8.020000233156289e-05
9500,8,legacy,40dB,2,7.556343063008065e-06,6.81591185709297e-06,0.0252573363965436,0.0253134097724061,8.400326168309615e-05
9500,8,legacy,40dB,3,8.81426743631535e-06,7.415737638453625e-06,0.0252625382798153,0.0253134097724061,8.563565007996921e-05
9500,8,legacy,40dB,4,8.661067115479897e-06,7.69304160813463e-06,0.0254222963065833,0.0253134097724061,8.475746161857145e-05
9500,8,legacy,40dB,5,7.220220465425663e-06,8.402135432189594e-06,0.0252737208033871,0.0253134097724061,8.825289293153406e-05
9500,8,legacy,40dB,6,8.591630162458429e-06,5.303090297003498e-06,0.0252300687257176,0.0253134097724061,8.46507086914873e-05
9500,8,legacy,40dB,7,7.414233439982801e-06,6.95841460507386e-06,0.0253723934877082,0.0253134097724061,8.38277505804011e-05
9500,8,balanced,clean,0,2.312314161568035e-12,3.48430674009682e-13,0.0253133834374469,0.0253134097724061,4.459955553074257e-12
9500,8,balanced,60dB,0,7.151340310910824e-08,5.4951816752257705e-08,0.0253011880910887,0.0253134097724061,8.428027158620432e-07
9500,8,balanced,60dB,1,5.6763793196666685e-08,4.6899356414451616e-08,0.0253166553059401,0.0253134097724061,8.133705315634397e-07
9500,8,balanced,60dB,2,6.185133843111953e-08,5.9030291988807446e-08,0.0253094627174154,0.0253134097724061,8.430690457770923e-07
9500,8,balanced,60dB,3,8.532791704625886e-08,8.983969344183295e-08,0.0253197748245426,0.0253134097724061,8.421355114365744e-07
9500,8,balanced,60dB,4,6.437723878687195e-08,4.8529597384573716e-08,0.0253180358929824,0.0253134097724061,8.553501661296989e-07
9500,8,balanced,60dB,5,7.700582757497176e-08,7.300609644188633e-08,0.0252990411944248,0.0253134097724061,8.734844820411531e-07
9500,8,balanced,60dB,6,6.713094414863864e-08,5.8543614070732334e-08,0.0253032389928449,0.0253134097724061,8.498772283693445e-07
9500,8,balanced,60dB,7,6.536701259723983e-08,6.528790141059052e-08,0.0253118760956542,0.0253134097724061,8.214486901070225e-07
9500,8,balanced,40dB,0,7.154692943340001e-06,5.500392486875829e-06,0.0251978695535878,0.0253134097724061,8.428847766901151e-05
9500,8,balanced,40dB,1,5.6763149914471055e-06,4.688527209461318e-06,0.0253512108202493,0.0253134097724061,8.132487083596911e-05
9500,8,balanced,40dB,2,6.1859613944180185e-06,5.906938392652927e-06,0.0252797437059523,0.0253134097724061,8.431312405365853e-05
9500,8,balanced,40dB,3,8.527254348773366e-06,8.98751909726582e-06,0.025384971304393,0.0253134097724061,8.419646641689677e-05
9500,8,balanced,40dB,4,6.440142190401663e-06,4.849822237295765e-06,0.0253657043834158,0.0253134097724061,8.553643891018196e-05
9500,8,balanced,40dB,5,7.699408863977658e-06,7.2943337954023005e-06,0.0251768903786248,0.0253134097724061,8.733886380597179e-05
9500,8,balanced,40dB,6,6.707716698424146e-06,5.8522318096790936e-06,0.0252179754194944,0.0253134097724061,8.501044537220525e-05
9500,8,balanced,40dB,7,6.5372912409512735e-06,6.529573976131829e-06,0.0253041936614452,0.0253134097724061,8.213931470323151e-05
9500,12,legacy,clean,0,9.050351594252956e-20,5.460085028888516e-20,0.0253134097726732,0.0253134097724061,6.881198380699726e-20
9500,12,legacy,60dB,0,1.8449941580724565e-07,2.141354732658893e-07,0.0253111175224746,0.0253134097724061,6.611281685624843e-07
9500,12,legacy,60dB,1,1.707397056200392e-07,1.8487919278045945e-07,0.0253062508583622,0.0253134097724061,6.174123529373585e-07
9500,12,legacy,60dB,2,2.034199511248561e-07,1.8789573030778046e-07,0.0253036365146557,0.0253134097724061,6.673488634908389e-07
9500,12,legacy,60dB,3,2.1985860521112922e-07,2.153714245267278e-07,0.0253097715381794,0.0253134097724061,6.688961907961043e-07
9500,12,legacy,60dB,4,2.1800221708450693e-07,2.0553736191101573e-07,0.025322018859235,0.0253134097724061,6.666582613230592e-07
9500,12,legacy,60dB,5,2.2538212781516678e-07,2.396056857261312e-07,0.0253112443484185,0.0253134097724061,6.737159279266495e-07
9500,12,legacy,60dB,6,2.0876056571557146e-07,2.096291788096219e-07,0.0252993323765355,0.0253134097724061,6.47224989463207e-07
9500,12,legacy,60dB,7,2.151690443168309e-07,1.9943446135703634e-07,0.0253106907927872,0.0253134097724061,6.590064306779491e-07
9500,12,legacy,40dB,0,1.844994253899978e-05,2.141354464268344e-05,0.025307092219069,0.0253134097724061,6.611281814521247e-05
9500,12,legacy,40dB,1,1.7073970916410998e-05,1.848792047939448e-05,0.0252571872034236,0.0253134097724061,6.174123721173934e-05
9500,12,legacy,40dB,2,2.034199518548409e-05,1.8789571940429424e-05,0.0252339849881727,0.0253134097724061,6.673488529059424e-05
9500,12,legacy,40dB,3,2.198586048954001e-05,2.1537140558292948e-05,0.0252968147021732,0.0253134097724061,6.68896164645516e-05
9500,12,legacy,40dB,4,2.1800224307444524e-05,2.055373779656912e-05,0.0254191208404282,0.0253134097724061,6.666582798873634e-05
9500,12,legacy,40dB,5,2.2538209697907323e-05,2.3960566243934294e-05,0.0253120399185455,0.0253134097724061,6.737159162681132e-05
9500,12,legacy,40dB,6,2.0876058140912316e-05,2.0962919518328237e-05,0.0251914242637802,0.0253134097724061,6.472249823043355e-05
9500,12,legacy,40dB,7,2.1516905619242844e-05,1.9943449036625197e-05,0.0253055851889896,0.0253134097724061,6.59006429277193e-05
9500,12,balanced,clean,0,6.665080593382191e-20,2.6238836590393142e-20,0.0253134097729529,0.0253134097724061,7.968196517273249e-20
9500,12,balanced,60dB,0,1.8510014288353678e-07,1.5137078027028693e-07,0.025301811253565,0.0253134097724061,6.557415817118756e-07
9500,12,balanced,60dB,1,1.6215577411633917e-07,1.505399896081695e-07,0.0253110727625586,0.0253134097724061,6.312001738853045e-07
9500,12,balanced,60dB,2,1.551085535367358e-07,1.915757956335735e-07,0.0253062823612184,0.0253134097724061,6.453156986169761e-07
9500,12,balanced,60dB,3,2.1465609593001294e-07,2.0794260284201175e-07,0.0253171481498608,0.0253134097724061,6.469615314204248e-07
9500,12,balanced,60dB,4,1.567166479536346e-07,1.3361686826453413e-07,0.0253186283606786,0.0253134097724061,6.657708334607938e-07
9500,12,balanced,60dB,5,1.7992548286027394e-07,1.916697868075894e-07,0.0253064741900284,0.0253134097724061,6.855169475429816e-07
9500,12,balanced,60dB,6,1.666246626416451e-07,1.3536544114138285e-07,0.0252961109496246,0.0253134097724061,6.778941702855661e-07
9500,12,balanced,60dB,7,1.629776036552568e-07,1.781892328661787e-07,0.0253105730338272,0.0253134097724061,6.539281931498278e-07
9500,12,balanced,40dB,0,1.851001472800784e-05,1.5137078278663165e-05,0.0252140835923728,0.0253134097724061,6.557415947671466e-05
9500,12,balanced,40dB,1,1.6215576165507882e-05,1.5053998496809126e-05,0.0253046336874341,0.0253134097724061,6.312001505332013e-05
9500,12,balanced,40dB,2,1.551085533919687e-05,1.9157578826247596e-05,0.0252560954254115,0.0253134097724061,6.453156993169825e-05
9500,12,balanced,40dB,3,2.146560989879825e-05,2.079425955171148e-05,0.0253701125909722,0.0253134097724061,6.469615533804799e-05
9500,12,balanced,40dB,4,1.567166408640763e-05,1.3361686871994486e-05,0.0253797001478166,0.0253134097724061,6.657708508625805e-05
9500,12,balanced,40dB,5,1.7992548474734966e-05,1.916697758278029e-05,0.0252602472373546,0.0253134097724061,6.855169442006442e-05
9500,12,balanced,40dB,6,1.6662465777807302e-05,1.3536543257646585e-05,0.0251554177588205,0.0253134097724061,6.778941675353252e-05
9500,12,balanced,40dB,7,1.6297761222099247e-05,1.7818923242362533e-05,0.0252997103668812,0.0253134097724061,6.539282159065449e-05
9750,5,legacy,clean,0,2.6764647780461086e-08,1.9415345155946903e-09,0.0241819086744618,0.0241825278404231,5.995782207523835e-08
9750,5,legacy,60dB,0,5.9091065323028125e-08,2.8518374302827402e-08,0.0241900176570042,0.0241825278404231,1.013481966433222e-06
9750,5,legacy,60dB,1,5.127507149831389e-08,3.06774386510819e-08,0.0241808029651026,0.0241825278404231,1.0145896445861888e-06
9750,5,legacy,60dB,2,6.123533761489454e-08,3.3589557988927145e-08,0.0241823771674276,0.0241825278404231,9.748071324105738e-07
9750,5,legacy,60dB,3,5.601667303237796e-08,2.6620451730532808e-08,0.024183225951125,0.0241825278404231,9.561228704430967e-07
9750,5,legacy,60dB,4,6.092741909856676e-08,4.2266388153592485e-08,0.0241708241548087,0.0241825278404231,9.86651813738384e-07
9750,5,legacy,60dB,5,5.553344877845432e-08,2.6088174437230795e-08,0.0241853087080065,0.0241825278404231,1.0622179683916292e-06
9750,5,legacy,60dB,6,5.313628291006108e-08,2.232849983180869e-08,0.0241752399486396,0.0241825278404231,9.635865501645483e-07
9750,5,legacy,60dB,7,6.124452415944643e-08,3.261075649987236e-08,0.0241818751142165,0.0241825278404231,9.964686673244114e-07
9750,5,legacy,40dB,0,3.114397513202911e-06,2.327540527144175e-06,0.0242657628685763,0.0241825278404231,9.44196605782396e-05
9750,5,legacy,40dB,1,2.385054257838841e-06,2.886704277132409e-06,0.0241729647662434,0.0241825278404231,9.503691822933274e-05
9750,5,legacy,40dB,2,3.685935380006973e-06,3.141763216508155e-06,0.0241899080679535,0.0241825278404231,9.020226955491402e-05
9750,5,legacy,40dB,3,2.9049882924084986e-06,2.368960369937423e-06,0.0241976671444853,0.0241825278404231,8.858760740643478e-05
9750,5,legacy,40dB,4,3.496438737651753e-06,4.247893716841358e-06,0.0240741915243089,0.0241825278404231,9.129243350340764e-05
9750,5,legacy,40dB,5,2.721247494719364e-06,2.5311030669009188e-06,0.0242183158047457,0.0241825278404231,9.876816575242092e-05
9750,5,legacy,40dB,6,2.6184072099065345e-06,2.124274968577098e-06,0.0241175493424505,0.0241825278404231,8.949488301064378e-05
9750,5,legacy,40dB,7,3.5387701831109603e-06,3.025679795588248e-06,0.0241847402787816,0.0241825278404231,9.368946915100678e-05
9750,5,balanced,clean,0,2.7831839470077205e-08,2.400063073810537e-09,0.0241831448909039,0.0241825278404231,6.566470273807047e-08
9750,5,balanced,60dB,0,5.4038646703574456e-08,2.639157373359767e-08,0.0241717477567222,0.0241825278404231,1.0052897576802737e-06
9750,5,balanced,60dB,1,5.74252617794644e-08,3.590009618030494e-08,0.0241806468990527,0.0241825278404231,1.0321206326510718e-06
9750,5,balanced,60dB,2,5.954807687403655e-08,2.1015881658767533e-08,0.0241862106753324,0.0241825278404231,9.379966701019132e-07
9750,5,balanced,60dB,3,5.5614932954215626e-08,3.142355177520715e-08,0.0241657321663913,0.0241825278404231,9.55362138929672e-07
9750,5,balanced,60dB,4,5.1932217425794586e-08,3.104570512579083e-08,0.0241750870516974,0.0241825278404231,9.96728501443767e-07
9750,5,balanced,60dB,5,6.172457306511553e-08,2.838993531587529e-08,0.0241733107317539,0.0241825278404231,1.024594972599453e-06
9750,5,balanced,60dB,6,4.6266289250726274e-08,1.944930549677817e-08,0.0241763871300777,0.0241825278404231,9.39333648556724e-07
9750,5,balanced,60dB,7,4.3420820364499775e-08,1.9568293197056985e-08,0.0241802357656783,0.0241825278404231,1.024204732740132e-06
9750,5,balanced,40dB,0,3.1665284857651308e-06,2.620377419631997e-06,0.0240720501776601,0.0241825278404231,9.389170867086093e-05
9750,5,balanced,40dB,1,2.6711597149256348e-06,2.8850540077699206e-06,0.0241605123660438,0.0241825278404231,9.564077253949583e-05
9750,5,balanced,40dB,2,3.563105669027612e-06,2.1571300047142453e-06,0.0242170208466435,0.0241825278404231,8.86244867386675e-05
9750,5,balanced,40dB,3,2.846526467000161e-06,2.723978802273968e-06,0.0240115585094701,0.0241825278404231,8.930402533585799e-05
9750,5,balanced,40dB,4,2.6935775909201736e-06,2.949851918765521e-06,0.02410499124081,0.0241825278404231,9.230340899862944e-05
9750,5,balanced,40dB,5,3.544198690965944e-06,2.5230834330281943e-06,0.0240879807389189,0.0241825278404231,9.659117161456446e-05
9750,5,balanced,40dB,6,2.245903301574458e-06,1.671922277271869e-06,0.0241176010096053,0.0241825278404231,8.868386750079489e-05
9750,5,balanced,40dB,7,1.7868989008974708e-06,1.8609935958193568e-06,0.0241556568158997,0.0241825278404231,9.600894308547077e-05
9750,8,legacy,clean,0,3.684205702495223e-12,1.0853120700143905e-12,0.0241825717720359,0.0241825278404231,5.836056948017621e-12
9750,8,legacy,60dB,0,8.578210792859966e-08,9.319372258277737e-08,0.0241929530779778,0.0241825278404231,8.368883011266966e-07
9750,8,legacy,60dB,1,6.708435668198463e-08,8.312279787916304e-08,0.0241795150020826,0.0241825278404231,8.526598709696738e-07
9750,8,legacy,60dB,2,8.526443924278297e-08,8.661771871050371e-08,0.0241823476364335,0.0241825278404231,8.01280184586902e-07
9750,8,legacy,60dB,3,7.618246058204102e-08,7.210486143629077e-08,0.0241842385436058,0.0241825278404231,7.932410531546091e-07
9750,8,legacy,60dB,4,7.806559751697417e-08,7.718300350141053e-08,0.0241742158925196,0.0241825278404231,8.22595550117826e-07
9750,8,legacy,60dB,5,7.789002242093358e-08,8.581142235907853e-08,0.0241875800403423,0.0241825278404231,8.745135513158118e-07
9750,8,legacy,60dB,6,7.106662463526221e-08,5.7021853042774994e-08,0.0241761984107948,0.0241825278404231,8.102679555670071e-07
9750,8,legacy,60dB,7,7.123886317464399e-08,6.857650290741214e-08,0.0241792804358166,0.0241825278404231,8.545779497846141e-07
9750,8,legacy,40dB,0,8.583433765952075e-06,9.319809129618514e-06,0.0242941104772993,0.0241825278404231,8.369554768092336e-05
9750,8,legacy,40dB,1,6.717535601788541e-06,8.319070926668418e-06,0.0241580507976954,0.0241825278404231,8.525669312285837e-05
9750,8,legacy,40dB,2,8.522784816224965e-06,8.660256242945956e-06,0.024188000589594,0.0241825278404231,8.013043817957726e-05
9750,8,legacy,40dB,3,7.62182980653543e-06,7.203949452884229e-06,0.0242060995260942,0.0241825278404231,7.933664014082339e-05
9750,8,legacy,40dB,4,7.810516992881604e-06,7.719064618198426e-06,0.0241060428710484,0.0241825278404231,8.226882492529012e-05
9750,8,legacy,40dB,5,7.789177739231385e-06,8.582741591005135e-06,0.0242396647657727,0.0241825278404231,8.745257582633635e-05
9750,8,legacy,40dB,6,7.112166404421602e-06,5.706043159960338e-06,0.0241252396929403,0.0241825278404231,8.102195842092755e-05
9750,8,legacy,40dB,7,7.129714883963498e-06,6.863674627882676e-06,0.0241560757692524,0.0241825278404231,8.545675173023831e-05
9750,8,balanced,clean,0,3.3577859657284408e-12,9.194837456771696e-13,0.0241825120507915,0.0241825278404231,6.584571998225913e-12
9750,8,balanced,60dB,0,7.741417333047014e-08,7.281027046285058e-08,0.0241698334670154,0.0241825278404231,8.414527005431239e-07
9750,8,balanced,60dB,1,8.226860003135857e-08,7.479074123084743e-08,0.024180801317658,0.0241825278404231,8.449329713215696e-07
9750,8,balanced,60dB,2,8.402770057581354e-08,6.910354497663834e-08,0.0241883307240715,0.0241825278404231,7.883704863158105e-07
9750,8,balanced,60dB,3,6.382723380682324e-08,6.797374351867343e-08,0.0241699119583518,0.0241825278404231,8.034300001898008e-07
9750,8,balanced,60dB,4,6.832041897469823e-08,7.660672496571723e-08,0.0241720267803011,0.0241825278404231,8.386518796706849e-07
9750,8,balanced,60dB,5,8.474921696786475e-08,6.4904880401919e-08,0.0241740133897808,0.0241825278404231,8.648356288839346e-07
9750,8,balanced,60dB,6,5.607924825730689e-08,5.3802941923066377e-08,0.0241750359887464,0.0241825278404231,8.100977162705484e-07
9750,8,balanced,60dB,7,6.033032274292341e-08,6.642369257725938e-08,0.0241778968251224,0.0241825278404231,8.647079604033568e-07
9750,8,balanced,40dB,0,7.741132583905532e-06,7.279103642848122e-06,0.0240626932341011,0.0241825278404231,8.414391419530402e-05
9750,8,balanced,40dB,1,8.23455210401423e-06,7.48309789582257e-06,0.0241728166157807,0.0241825278404231,8.447449794832734e-05
9750,8,balanced,40dB,2,8.401567147050169e-06,6.903187149075803e-06,0.0242482601039527,0.0241825278404231,7.882107017510085e-05
9750,8,balanced,40dB,3,6.380311213493905e-06,6.791175241755352e-06,0.0240622531954901,0.0241825278404231,8.033252813737021e-05
9750,8,balanced,40dB,4,6.828531627586422e-06,7.660225025664175e-06,0.0240838047035455,0.0241825278404231,8.384767153430155e-05
9750,8,balanced,40dB,5,8.474273075681054e-06,6.49225527461738e-06,0.0241051522518101,0.0241825278404231,8.647748041763125e-05
9750,8,balanced,40dB,6,5.604085149928014e-06,5.378187041926853e-06,0.024112794753228,0.0241825278404231,8.10225849048297e-05
9750,8,balanced,40dB,7,6.03155762599919e-06,6.646412331494276e-06,0.0241417880787193,0.0241825278404231,8.647392236847242e-05
9750,12,legacy,clean,0,1.7308645085301488e-19,1.2747102789986458e-19,0.0241825278411345,0.0241825278404231,1.2551553349431693e-19
9750,12,legacy,60dB,0,1.885832754066783e-07,1.828180471709657e-07,0.0241880084925017,0.0241825278404231,6.580038115027874e-07
9750,12,legacy,60dB,1,1.731031221792704e-07,1.7640932471181895e-07,0.0241681270655382,0.0241825278404231,6.891176218344917e-07
9750,12,legacy,60dB,2,1.9222566572071425e-07,1.63014957565309e-07,0.0241851041015481,0.0241825278404231,6.461916108495903e-07
9750,12,legacy,60dB,3,2.0047357874890945e-07,1.7079634305592418e-07,0.0241938056965923,0.0241825278404231,6.24704408530894e-07
9750,12,legacy,60dB,4,1.9096460100438162e-07,1.950575290680765e-07,0.0241817683659843,0.0241825278404231,6.522184935753922e-07
9750,12,legacy,60dB,5,1.9917996420711606e-07,2.3389845052020906e-07,0.0241906730727888,0.0241825278404231,6.8594399318502e-07
9750,12,legacy,60dB,6,1.96278387435776e-07,1.6529147313075827e-07,0.0241770610177237,0.0241825278404231,6.348477523235765e-07
9750,12,legacy,60dB,7,1.75708047970343e-07,2.0122613841674747e-07,0.0241787884161692,0.0241825278404231,6.662433978148965e-07
9750,12,legacy,40dB,0,1.8858326167057567e-05,1.8281806143842825e-05,0.0242543068482206,0.0241825278404231,6.580038225706448e-05
9750,12,legacy,40dB,1,1.7310314436349362e-05,1.7640935833403098e-05,0.0240540993683864,0.0241825278404231,6.891176110502238e-05
9750,12,legacy,40dB,2,1.9222563935817308e-05,1.6301493688868048e-05,0.0242255907525489,0.0241825278404231,6.461915901220408e-05
9750,12,legacy,40dB,3,2.004735717675757e-05,1.707963407536138e-05,0.0243133490171016,0.0241825278404231,6.247044145715183e-05
9750,12,legacy,40dB,4,1.909646046163249e-05,1.950575350869161e-05,0.0241921199040835,0.0241825278404231,6.522184814924913e-05
9750,12,legacy,40dB,5,1.991799486654088e-05,2.338984609451256e-05,0.0242819063529021,0.0241825278404231,6.859440122495716e-05
9750,12,legacy,40dB,6,1.9627838377081168e-05,1.6529145812733423e-05,0.0241455246615298,0.0241825278404231,6.34847748888078e-05
9750,12,legacy,40dB,7,1.757080173025572e-05,2.0122612539416096e-05,0.0241609473127329,0.0241825278404231,6.662434020355178e-05
9750,12,balanced,clean,0,1.2001910335857201e-19,5.1695859535400715e-20,0.0241825278426667,0.0241825278404231,1.4499012836765713e-19
9750,12,balanced,60dB,0,1.94806310931439e-07,1.8451218077220306e-07,0.0241697081961876,0.0241825278404231,6.367925662549434e-07
9750,12,balanced,60dB,1,2.140539771980272e-07,1.7896159945455582e-07,0.0241866655596894,0.0241825278404231,6.505214258624666e-07
9750,12,balanced,60dB,2,1.867727073339715e-07,1.3921458059369074e-07,0.0241914832977954,0.0241825278404231,6.150935412273989e-07
9750,12,balanced,60dB,3,1.610030262060586e-07,1.4352136387358936e-07,0.0241718539680797,0.0241825278404231,6.324695775688037e-07
9750,12,balanced,60dB,4,1.8670137939391386e-07,1.758764645303719e-07,0.0241699763149048,0.0241825278404231,6.393875616114082e-07
9750,12,balanced,60dB,5,1.9095041536768157e-07,1.6219937844566784e-07,0.0241726761922661,0.0241825278404231,6.709642669229358e-07
9750,12,balanced,60dB,6,1.7540877591336286e-07,1.706360818234377e-07,0.0241769461974546,0.0241825278404231,6.145109418414164e-07
9750,12,balanced,60dB,7,1.6658040632492426e-07,1.6137152116460633e-07,0.024175542531899,0.0241825278404231,6.724715557336885e-07
9750,12,balanced,40dB,0,1.94806311389693e-05,1.845121872980203e-05,0.024071863945905,0.0241825278404231,6.367925651233214e-05
9750,12,balanced,40dB,1,2.1405398066735352e-05,1.7896161299421634e-05,0.0242431698711883,0.0241825278404231,6.505214317311453e-05
9750,12,balanced,40dB,2,1.867727129287546e-05,1.3921457909035482e-05,0.0242888919381737,0.0241825278404231,6.150935329540993e-05
9750,12,balanced,40dB,3,1.6100302834752234e-05,1.4352136176646264e-05,0.02409027936937,0.0241825278404231,6.324695892424712e-05
9750,12,balanced,40dB,4,1.8670137557544324e-05,1.758764732751501e-05,0.0240738156888113,0.0241825278404231,6.393875364577118e-05
9750,12,balanced,40dB,5,1.909504051900016e-05,1.6219937850973726e-05,0.0241011968750268,0.0241825278404231,6.709642908588417e-05
9750,12,balanced,40dB,6,1.7540877640795556e-05,1.7063608135588205e-05,0.0241424981804275,0.0241825278404231,6.145109456195216e-05
9750,12,balanced,40dB,7,1.6658039947980364e-05,1.6137151462703468e-05,0.0241276669708749,0.0241825278404231,6.724715526348797e-05
10000,5,legacy,clean,0,3.6361517319770747e-08,3.226355123508453e-09,0.0230941422826878,0.0230934103196661,7.9876122077861e-08
10000,5,legacy,60dB,0,7.417733250551305e-08,2.996031717976204e-08,0.0231099588069713,0.0230934103196661,9.898758683167905e-07
10000,5,legacy,60dB,1,6.98909126004762e-08,3.141406564879396e-08,0.023098706809573,0.0230934103196661,1.013986173021126e-06
10000,5,legacy,60dB,2,6.664054392146242e-08,3.5850733266034486e-08,0.023101544490935,0.0230934103196661,9.414478598619424e-07
10000,5,legacy,60dB,3,6.408535068299364e-08,2.8593898267967868e-08,0.023096863887648,0.0230934103196661,1.0049954301959607e-06
10000,5,legacy,60dB,4,6.714407955356335e-08,3.0011139291563283e-08,0.0230919229968673,0.0230934103196661,1.018408448500033e-06
10000,5,legacy,60dB,5,7.002767775952603e-08,3.029125063524768e-08,0.0230979256648385,0.0230934103196661,1.0095396190283138e-06
10000,5,legacy,60dB,6,7.136947572183143e-08,3.256446851542113e-08,0.0231004640726475,0.0230934103196661,1.0429112773028348e-06
10000,5,legacy,60dB,7,5.97397861784312e-08,2.772786309588361e-08,0.0230908193925204,0.0230934103196661,1.0002194856979075e-06
10000,5,legacy,40dB,0,3.958575607884162e-06,2.61277041801717e-06,0.0232558515814613,0.0230934103196661,9.012146992750296e-05
10000,5,legacy,40dB,1,3.26776592230816e-06,2.804539629485632e-06,0.0231426836619923,0.0230934103196661,9.3240247980436e-05
10000,5,legacy,40dB,2,2.892715807651622e-06,3.290262729231515e-06,0.0231707179291842,0.0230934103196661,8.624159452822478e-05
10000,5,legacy,40dB,3,2.7483723770635544e-06,2.5180867580163635e-06,0.0231237931048164,0.0230934103196661,9.286569132592314e-05
10000,5,legacy,40dB,4,2.9622938907624487e-06,2.6607651965145665e-06,0.0230745675312337,0.0230934103196661,9.41645727220929e-05
10000,5,legacy,40dB,5,3.3254889434806946e-06,2.834759356670275e-06,0.0231349285700171,0.0230934103196661,9.28135621797948e-05
10000,5,legacy,40dB,6,3.4297145352778017e-06,2.906798410128576e-06,0.023160403455719,0.0230934103196661,9.617699130515146e-05
10000,5,legacy,40dB,7,2.377097553610781e-06,2.7595738918905663e-06,0.0230630203343617,0.0230934103196661,9.329526955153105e-05
10000,5,balanced,clean,0,3.6733626054363074e-08,4.271867343713539e-09,0.0230928675421848,0.0230934103196661,8.671556875272765e-08
10000,5,balanced,60dB,0,6.396331447588995e-08,2.628596875665387e-08,0.0230764175765542,0.0230934103196661,9.990950727910714e-07
10000,5,balanced,60dB,1,6.880766472650392e-08,3.5417642638354064e-08,0.0230995055071319,0.0230934103196661,9.997351841699738e-07
10000,5,balanced,60dB,2,6.660858598863687e-08,3.190672097849701e-08,0.0230856114473985,0.0230934103196661,9.386386094021256e-07
10000,5,balanced,60dB,3,6.722163872461956e-08,3.0860385386617985e-08,0.0231069814301128,0.0230934103196661,9.883966207328486e-07
10000,5,balanced,60dB,4,6.002475122712408e-08,3.05350975362558e-08,0.0230978077210788,0.0230934103196661,1.043296113157381e-06
10000,5,balanced,60dB,5,6.476975990057468e-08,3.7395648161513155e-08,0.0230876458146335,0.0230934103196661,1.0255418319074384e-06
10000,5,balanced,60dB,6,7.183781057166167e-08,4.2794460856812036e-08,0.0230845040762535,0.0230934103196661,1.048024112240676e-06
10000,5,balanced,60dB,7,7.164706360865508e-08,3.589182416170824e-08,0.023088531115531,0.0230934103196661,9.85293686396513e-07
10000,5,balanced,40dB,0,2.779602604144464e-06,2.372950181496288e-06,0.0229308384579725,0.0230934103196661,9.104679034116084e-05
10000,5,balanced,40dB,1,2.946871143762586e-06,2.868267321456717e-06,0.0231618365887872,0.0230934103196661,9.237411216271565e-05
10000,5,balanced,40dB,2,3.0206516547451822e-06,2.668878088872272e-06,0.0230229917627511,0.0230934103196661,8.567830029588407e-05
10000,5,balanced,40dB,3,3.4460324701769786e-06,3.014278722872831e-06,0.023237110840182,0.0230934103196661,9.10863310187496e-05
10000,5,balanced,40dB,4,2.307158649315615e-06,2.1821465742218324e-06,0.0231443068448952,0.0230934103196661,9.530333674799302e-05
10000,5,balanced,40dB,5,2.810628544878075e-06,3.077591506824381e-06,0.0230431438002516,0.0230934103196661,9.35572909495607e-05
10000,5,balanced,40dB,6,3.497496199813225e-06,3.5859881972394053e-06,0.0230123426036,0.0230934103196661,9.44893569817282e-05
10000,5,balanced,40dB,7,3.4924455189295843e-06,3.011614683943437e-06,0.0230526098531641,0.0230934103196661,9.095482624862052e-05
10000,8,legacy,clean,0,5.038655574376932e-12,1.5267667210739077e-12,0.0230933058041815,0.0230934103196661,8.660033641679607e-12
10000,8,legacy,60dB,0,7.685482491609327e-08,9.002003665142975e-08,0.0231070259784387,0.0230934103196661,7.919025809254249e-07
10000,8,legacy,60dB,1,8.144140589103576e-08,1.135688297654867e-07,0.0230950922985197,0.0230934103196661,8.123284581171605e-07
10000,8,legacy,60dB,2,7.25152243545747e-08,7.635723120923342e-08,0.0231033096432736,0.0230934103196661,7.805093950948453e-07
10000,8,legacy,60dB,3,6.814304966468484e-08,9.106704291477073e-08,0.0230935622720227,0.0230934103196661,8.363868997857927e-07
10000,8,legacy,60dB,4,8.67323540172805e-08,9.304823046077078e-08,0.0230879379681835,0.0230934103196661,8.364572780174959e-07
10000,8,legacy,60dB,5,7.950846641426418e-08,8.181003513645339e-08,0.0230977512362265,0.0230934103196661,8.334155958675741e-07
10000,8,legacy,60dB,6,7.121027098039663e-08,7.456177846275209e-08,0.0231010989567465,0.0230934103196661,8.616109487696599e-07
10000,8,legacy,60dB,7,5.668625836415736e-08,7.553462387054444e-08,0.0230951891297497,0.0230934103196661,8.551369182475131e-07
10000,8,legacy,40dB,0,7.69223805251894e-06,9.001993501870422e-06,0.0232374312819049,0.0230934103196661,7.919863667139269e-05
10000,8,legacy,40dB,1,8.13444602427636e-06,1.1344208295205362e-05,0.0231184908248765,0.0230934103196661,8.123178625234545e-05
10000,8,legacy,40dB,2,7.249920621276329e-06,7.63851852694879e-06,0.0231998690088279,0.0230934103196661,7.804828481161844e-05
10000,8,legacy,40dB,3,6.811522934928651e-06,9.099298827554195e-06,0.023102000620379,0.0230934103196661,8.364631881509156e-05
10000,8,legacy,40dB,4,8.675764854566256e-06,9.30713925968056e-06,0.0230474359308639,0.0230934103196661,8.365423175891026e-05
10000,8,legacy,40dB,5,7.956757424176874e-06,8.188209421330607e-06,0.0231449218427396,0.0230934103196661,8.33255709596989e-05
10000,8,legacy,40dB,6,7.120123387071144e-06,7.464424292215638e-06,0.0231776453958561,0.0230934103196661,8.614763462810113e-05
10000,8,legacy,40dB,7,5.666581776420506e-06,7.553350097744321e-06,0.0231172388244049,0.0230934103196661,8.551273821578194e-05
10000,8,balanced,clean,0,5.211199740990333e-12,1.6401694561818793e-12,0.0230934497983128,0.0230934103196661,9.573821553958235e-12
10000,8,balanced,60dB,0,6.87968818276809e-08,7.895639411768802e-08,0.0230773269489645,0.0230934103196661,8.100483344524417e-07
10000,8,balanced,60dB,1,7.319363821017108e-08,6.399607410088701e-08,0.0231010945525845,0.0230934103196661,8.279349650581427e-07
10000,8,balanced,60dB,2,6.112723341265386e-08,7.210997222020614e-08,0.0230860958026278,0.0230934103196661,7.701804707552174e-07
10000,8,balanced,60dB,3,7.35248421725105e-08,8.720783186788559e-08,0.0231096076139919,0.0230934103196661,8.155632604920558e-07
10000,8,balanced,60dB,4,4.894577726489535e-08,5.095852917614116e-08,0.0230959072547021,0.0230934103196661,8.768601493600631e-07
10000,8,balanced,60dB,5,7.05391575587826e-08,8.311961406129294e-08,0.0230858498523569,0.0230934103196661,8.383492898718761e-07
10000,8,balanced,60dB,6,8.224874460580996e-08,8.668141925398585e-08,0.0230835675676012,0.0230934103196661,8.428628143440808e-07
10000,8,balanced,60dB,7,7.019536175315422e-08,7.606267702994615e-08,0.0230916388420542,0.0230934103196661,8.159245655731258e-07
10000,8,balanced,40dB,0,6.881714914545136e-06,7.902467079945859e-06,0.022938415097827,0.0230934103196661,8.099349298982866e-05
10000,8,balanced,40dB,1,7.320278838697126e-06,6.394206783136465e-06,0.0231764857303875,0.0230934103196661,8.27751733578282e-05
10000,8,balanced,40dB,2,6.104270862023989e-06,7.202894444412212e-06,0.0230254028868921,0.0230934103196661,7.702969060728228e-05
10000,8,balanced,40dB,3,7.346642816433293e-06,8.7171263524474e-06,0.0232616393963991,0.0230934103196661,8.156296185325834e-05
10000,8,balanced,40dB,4,4.897954438463731e-06,5.096103378559715e-06,0.0231224329057727,0.0230934103196661,8.767297926379649e-05
10000,8,balanced,40dB,5,7.055711534575433e-06,8.311986300446736e-06,0.0230238007056132,0.0230934103196661,8.38117913634157e-05
10000,8,balanced,40dB,6,8.221302750809382e-06,8.669382156873444e-06,0.0230020263534024,0.0230934103196661,8.428209576765423e-05
10000,8,balanced,40dB,7,7.02269743783558e-06,7.609927850997452e-06,0.0230816610264473,0.0230934103196661,8.157532350770491e-05
10000,12,legacy,clean,0,2.956788091414439e-19,2.1086272427598482e-19,0.0230934103001816,0.0230934103196661,2.271881629724533e-19
10000,12,legacy,60dB,0,1.9118831969941008e-07,2.3492687982059923e-07,0.0231082517191871,0.0230934103196661,6.153288079481841e-07
10000,12,legacy,60dB,1,1.7543195491146446e-07,2.332245803336365e-07,0.0230964052228945,0.0230934103196661,6.595548354579905e-07
10000,12,legacy,60dB,2,2.039644835874748e-07,2.1585763546928733e-07,0.0231059724702641,0.0230934103196661,5.963118222107841e-07
10000,12,legacy,60dB,3,2.0864087173184547e-07,2.4648793389311297e-07,0.0230928647763879,0.0230934103196661,6.71324892025719e-07
10000,12,legacy,60dB,4,2.106766625006985e-07,2.3518872689684567e-07,0.0230829136053678,0.0230934103196661,6.639716234115123e-07
10000,12,legacy,60dB,5,2.1225452830399562e-07,2.295576829702535e-07,0.0230991430138308,0.0230934103196661,6.367580163558003e-07
10000,12,legacy,60dB,6,2.1746096671537838e-07,2.2684678251117922e-07,0.0230896074928934,0.0230934103196661,6.655182928015708e-07
10000,12,legacy,60dB,7,2.246308588439169e-07,2.178902060186307e-07,0.0230879357818558,0.0230934103196661,6.715467707696022e-07
10000,12,legacy,40dB,0,1.9118831446951448e-05,2.349268437231004e-05,0.0232590314384864,0.0230934103196661,6.1532881443699e-05
10000,12,legacy,40dB,1,1.7543195155794558e-05,2.3322456114822152e-05,0.0231391484029181,0.0230934103196661,6.595548636423479e-05
10000,12,legacy,40dB,2,2.039644763267504e-05,2.158576184419081e-05,0.023237388803804,0.0230934103196661,5.9631183224695065e-05
10000,12,legacy,40dB,3,2.0864079762302864e-05,2.4648786290517483e-05,0.0231067327332897,0.0230934103196661,6.713248524911825e-05
10000,12,legacy,40dB,4,2.106766279968131e-05,2.351886883755163e-05,0.0230074042482183,0.0230934103196661,6.639716488995242e-05
10000,12,legacy,40dB,5,2.1225450770091248e-05,2.295575961823965e-05,0.0231698403421615,0.0230934103196661,6.367579866241018e-05
10000,12,legacy,40dB,6,2.1746098110646497e-05,2.2684681405875577e-05,0.0230749537157431,0.0230934103196661,6.655182659367257e-05
10000,12,legacy,40dB,7,2.246308479118251e-05,2.1789019741179663e-05,0.023058881893127,0.0230934103196661,6.715467772651476e-05
10000,12,balanced,clean,0,2.366568842022946e-19,1.0310258193516141e-19,0.0230934103304226,0.0230934103196661,2.582696628230812e-19
10000,12,balanced,60dB,0,1.826828954467291e-07,1.9379970241769678e-07,0.0230764381737447,0.0230934103196661,6.434826546010379e-07
10000,12,balanced,60dB,1,1.7669727964342424e-07,1.7648233384148056e-07,0.023101253274932,0.0230934103196661,6.65244226819734e-07
10000,12,balanced,60dB,2,1.4511796225900082e-07,1.6609804196103508e-07,0.0230916637840129,0.0230934103196661,5.856908438080883e-07
10000,12,balanced,60dB,3,1.7249162446389532e-07,1.932844171049415e-07,0.0231093279762004,0.0230934103196661,6.37375091020637e-07
10000,12,balanced,60dB,4,1.4662975934417065e-07,1.5872235948950086e-07,0.0230943715223542,0.0230934103196661,7.047784572404117e-07
10000,12,balanced,60dB,5,1.8248692764814322e-07,2.190163923489057e-07,0.0230824861555986,0.0230934103196661,6.420506356881023e-07
10000,12,balanced,60dB,6,1.949329203916237e-07,1.8219541678746744e-07,0.0230836260608526,0.0230934103196661,6.629124228696145e-07
10000,12,balanced,60dB,7,1.7275890235755924e-07,1.739844950568463e-07,0.0231002772852524,0.0230934103196661,6.437697261893839e-07
10000,12,balanced,40dB,0,1.826828990275657e-05,1.937997188636323e-05,0.0229401302245916,0.0230934103196661,6.434826766791106e-05
10000,12,balanced,40dB,1,1.7669727664369186e-05,1.7648233088142752e-05,0.0231877425303851,0.0230934103196661,6.652442549190713e-05
10000,12,balanced,40dB,2,1.4511796493290988e-05,1.6609804188303267e-05,0.0230890054831963,0.0230934103196661,5.8569088626737e-05
10000,12,balanced,40dB,3,1.724916212453511e-05,1.932843915891453e-05,0.023268111034081,0.0230934103196661,6.373750933870087e-05
10000,12,balanced,40dB,4,1.4662976897571355e-05,1.5872235571399596e-05,0.0231162189290425,0.0230934103196661,7.047784144831444e-05
10000,12,balanced,40dB,5,1.824869161288554e-05,2.190163741286564e-05,0.023000592404519,0.0230934103196661,6.420506033401876e-05
10000,12,balanced,40dB,6,1.949329356432769e-05,1.821954149524471e-05,0.0230131115990836,0.0230934103196661,6.62912432166754e-05
10000,12,balanced,40dB,7,1.72758874995053e-05,1.739844482807822e-05,0.0231776281771964,0.0230934103196661,6.437697318608262e-05
10250,5,legacy,clean,0,4.7108510299958564e-08,5.4507064141383706e-09,0.0220470791542057,0.0220470802682355,1.055717393158634e-07
10250,5,legacy,60dB,0,7.648072046530332e-08,4.066970523880975e-08,0.0220582003589851,0.0220470802682355,1.0515558708375149e-06
10250,5,legacy,60dB,1,8.82966847918847e-08,4.075038604018233e-08,0.0220480808928934,0.0220470802682355,9.822842295963954e-07
10250,5,legacy,60dB,2,7.785442070226785e-08,2.8157896523964433e-08,0.0220530890993427,0.0220470802682355,1.083595964061811e-06
10250,5,legacy,60dB,3,7.8453909405968e-08,5.2232850132375554e-08,0.0220415243983405,0.0220470802682355,1.0570442577035838e-06
10250,5,legacy,60dB,4,8.080401842964601e-08,4.6564120730819614e-08,0.0220377981146262,0.0220470802682355,1.0669608340987794e-06
10250,5,legacy,60dB,5,8.720785457939488e-08,6.227929701184539e-08,0.0220427974016836,0.0220470802682355,9.858260516893555e-07
10250,5,legacy,60dB,6,7.21616234260344e-08,3.5244945207953545e-08,0.0220414531909594,0.0220470802682355,1.0620484864648511e-06
10250,5,legacy,60dB,7,7.654783200946345e-08,3.756026550201919e-08,0.0220481273991677,0.0220470802682355,1.0533785293351662e-06
10250,5,legacy,40dB,0,3.3515764943912736e-06,3.747285816593954e-06,0.0221613019478825,0.0220470802682355,9.458361414936004e-05
10250,5,legacy,40dB,1,4.3925602055126765e-06,3.3739785703196035e-06,0.0220610301110333,0.0220470802682355,9.022347119136184e-05
10250,5,legacy,40dB,2,2.819981165029678e-06,2.76361739184291e-06,0.022109644019127,0.0220470802682355,9.739576707675023e-05
10250,5,legacy,40dB,3,3.1750810992971574e-06,3.896524389286975e-06,0.0219943461141515,0.0220470802682355,9.446953335154448e-05
10250,5,legacy,40dB,4,3.213811522929714e-06,3.597416398795793e-06,0.0219570985063427,0.0220470802682355,9.533096380823546e-05
10250,5,legacy,40dB,5,3.8587100790063805e-06,5.227887088305049e-06,0.0220076722371107,0.0220470802682355,8.743108121112011e-05
10250,5,legacy,40dB,6,3.2294085826561e-06,3.601125955916801e-06,0.0219937512906844,0.0220470802682355,9.406047167796394e-05
10250,5,legacy,40dB,7,2.981954606883106e-06,3.144744708587384e-06,0.0220602020567059,0.0220470802682355,9.568360307690028e-05
10250,5,balanced,clean,0,4.70034079826938e-08,9.216852554182946e-09,0.0220471746193569,0.0220470802682355,1.1379071908205449e-07
10250,5,balanced,60dB,0,7.769432390086675e-08,6.805919919045433e-08,0.0220515319928469,0.0220470802682355,1.0115663685229916e-06
10250,5,balanced,60dB,1,7.489113834473831e-08,4.222102745170732e-08,0.0220420942862464,0.0220470802682355,1.043535982837308e-06
10250,5,balanced,60dB,2,7.360257150447962e-08,4.709157559571626e-08,0.0220476361367544,0.0220470802682355,1.0848561915654373e-06
10250,5,balanced,60dB,3,8.399327515409375e-08,6.19512939359688e-08,0.0220393473521003,0.0220470802682355,1.0261401836793424e-06
10250,5,balanced,60dB,4,8.220425251977017e-08,5.6003352178923575e-08,0.0220562444687591,0.0220470802682355,1.075092646314484e-06
10250,5,balanced,60dB,5,8.056531285508492e-08,3.505719939866493e-08,0.0220495735331635,0.0220470802682355,1.0144857804291118e-06
10250,5,balanced,60dB,6,7.821097979371728e-08,3.327147938453203e-08,0.0220393548858602,0.0220470802682355,1.056945770603063e-06
10250,5,balanced,60dB,7,7.61892088740395e-08,4.175097826033924e-08,0.0220472812940604,0.0220470802682355,1.0603884647369522e-06
10250,5,balanced,40dB,0,3.0587932878100783e-06,4.880270776571462e-06,0.0220934532349783,0.0220470802682355,9.248248960999132e-05
10250,5,balanced,40dB,1,2.7997815681695336e-06,3.824075331432605e-06,0.0219988451891089,0.0220470802682355,9.297029661137092e-05
10250,5,balanced,40dB,2,2.598869824790071e-06,3.6810477114142457e-06,0.0220540756681137,0.0220470802682355,9.63620814212232e-05
10250,5,balanced,40dB,3,3.757049754475238e-06,4.30393614132434e-06,0.0219722420944666,0.0220470802682355,9.36894256205555e-05
10250,5,balanced,40dB,4,3.481720610294817e-06,4.2318648357369175e-06,0.022140955822136,0.0220470802682355,9.560613846468556e-05
10250,5,balanced,40dB,5,3.575859961413367e-06,3.4081291778004405e-06,0.0220743569949276,0.0220470802682355,8.790186839452931e-05
10250,5,balanced,40dB,6,3.128208995818607e-06,2.6079092282263823e-06,0.0219717464142596,0.0220470802682355,9.375461047083336e-05
10250,5,balanced,40dB,7,2.9887608066429264e-06,2.979431133678816e-06,0.0220508912657821,0.0220470802682355,9.624832248855376e-05
10250,8,legacy,clean,0,7.617400537402767e-12,1.831876126116006e-12,0.0220471441581414,0.0220470802682355,1.269526844572883e-11
10250,8,legacy,60dB,0,7.316184999911664e-08,7.198851645249625e-08,0.022060317750945,0.0220470802682355,8.632565162524553e-07
10250,8,legacy,60dB,1,8.545750286294936e-08,7.271186442641382e-08,0.0220456555091546,0.0220470802682355,7.996642961112686e-07
10250,8,legacy,60dB,2,6.669075515264036e-08,6.106918734318778e-08,0.0220540256057189,0.0220470802682355,8.876713445742301e-07
10250,8,legacy,60dB,3,6.977863741169566e-08,8.36607500161751e-08,0.0220415739806627,0.0220470802682355,8.503369354951127e-07
10250,8,legacy,60dB,4,8.202073654714109e-08,6.198399866823889e-08,0.0220356451548528,0.0220470802682355,8.55995760052173e-07
10250,8,legacy,60dB,5,8.250004492748986e-08,6.999847314550795e-08,0.022043724944493,0.0220470802682355,7.90182326726339e-07
10250,8,legacy,60dB,6,7.020825856715997e-08,7.099567108057068e-08,0.0220417360700144,0.0220470802682355,8.536163914296197e-07
10250,8,legacy,60dB,7,5.8858079989767414e-08,6.916279372074748e-08,0.0220443630806749,0.0220470802682355,8.679648442691637e-07
10250,8,legacy,40dB,0,7.310486986541156e-06,7.184720402089952e-06,0.0221854590232212,0.0220470802682355,8.633319884968942e-05
10250,8,legacy,40dB,1,8.553723745226743e-06,7.269513863497004e-06,0.0220399568855472,0.0220470802682355,7.995495294844231e-05
10250,8,legacy,40dB,2,6.670889649169353e-06,6.108613397563665e-06,0.022121962684571,0.0220470802682355,8.875474209025474e-05
10250,8,legacy,40dB,3,6.977148249048342e-06,8.36082200538002e-06,0.0219977218137849,0.0220470802682355,8.503785100112308e-05
10250,8,legacy,40dB,4,8.201794510402739e-06,6.201502917262151e-06,0.0219395357809565,0.0220470802682355,8.558259737896104e-05
10250,8,legacy,40dB,5,8.24843088405004e-06,7.023252543877146e-06,0.0220203755206485,0.0220470802682355,7.903486579299906e-05
10250,8,legacy,40dB,6,7.01553338976842e-06,7.107379123881115e-06,0.0219993767962321,0.0220470802682355,8.53408173518536e-05
10250,8,legacy,40dB,7,5.883313723882963e-06,6.899086675236465e-06,0.0220246281849569,0.0220470802682355,8.679405265613012e-05
10250,8,balanced,clean,0,8.002543823335993e-12,1.1177430472118128e-12,0.0220470627393689,0.0220470802682355,1.3735745892321346e-11
10250,8,balanced,60dB,0,7.118724722549663e-08,8.033997127328915e-08,0.022057149566926,0.0220470802682355,8.376700496725548e-07
10250,8,balanced,60dB,1,7.304011308627321e-08,7.739279852471607e-08,0.0220443018276468,0.0220470802682355,8.359108314707485e-07
10250,8,balanced,60dB,2,7.090849182344687e-08,6.194475816258354e-08,0.022052665851582,0.0220470802682355,8.620899094830609e-07
10250,8,balanced,60dB,3,8.283839549200064e-08,7.436608176873205e-08,0.0220415117841625,0.0220470802682355,8.4155821214465e-07
10250,8,balanced,60dB,4,8.892452515270906e-08,7.55676508924995e-08,0.0220554050019143,0.0220470802682355,8.358006263690333e-07
10250,8,balanced,60dB,5,7.922632591197537e-08,6.821628132202131e-08,0.0220452474323395,0.0220470802682355,7.835350776511407e-07
10250,8,balanced,60dB,6,6.331065470897443e-08,5.034393719121418e-08,0.0220412506080149,0.0220470802682355,8.515534665390098e-07
10250,8,balanced,60dB,7,7.33062548607496e-08,6.498458688499151e-08,0.0220511314306606,0.0220470802682355,8.753704485515852e-07
10250,8,balanced,40dB,0,7.112042952485018e-06,8.039251033677553e-06,0.0221543312574425,0.0220470802682355,8.37613687233187e-05
10250,8,balanced,40dB,1,7.29879035177723e-06,7.739865975560354e-06,0.0220260220833909,0.0220470802682355,8.360212761027706e-05
10250,8,balanced,40dB,2,7.090639837990954e-06,6.191722891402295e-06,0.0221094754884412,0.0220470802682355,8.62045800070745e-05
10250,8,balanced,40dB,3,8.288991098458161e-06,7.435142304625729e-06,0.0219990138664704,0.0220470802682355,8.415147374420405e-05
10250,8,balanced,40dB,4,8.895229868938844e-06,7.558418901503831e-06,0.022138491421463,0.0220470802682355,8.356063624628189e-05
10250,8,balanced,40dB,5,7.909723048743456e-06,6.816269582989463e-06,0.0220360272008861,0.0220470802682355,7.837245702975616e-05
10250,8,balanced,40dB,6,6.3368817216153215e-06,5.033772741586394e-06,0.0219946452730257,0.0220470802682355,8.514180481369731e-05
10250,8,balanced,40dB,7,7.33097679813741e-06,6.5084052055129305e-06,0.0220943476385575,0.0220470802682355,8.752350231026349e-05
10250,12,legacy,clean,0,5.836982305528995e-19,4.2047582574969992e-19,0.022047080265997,0.0220470802682355,4.0988719402665257e-19
10250,12,legacy,60dB,0,2.060177212156393e-07,2.199847134176545e-07,0.0220557706563727,0.0220470802682355,6.72523485580245e-07
10250,12,legacy,60dB,1,2.435632152590576e-07,2.292861639665266e-07,0.0220480881228354,0.0220470802682355,6.15813185164218e-07
10250,12,legacy,60dB,2,1.824067809740759e-07,1.709824027592642e-07,0.0220504509914808,0.0220470802682355,7.21303328984683e-07
10250,12,legacy,60dB,3,2.0021243160199698e-07,2.1185146376331694e-07,0.0220516624013876,0.0220470802682355,6.686993222708522e-07
10250,12,legacy,60dB,4,2.0344025675299188e-07,1.7456671612654718e-07,0.0220367446029117,0.0220470802682355,6.787169630492223e-07
10250,12,legacy,60dB,5,2.2407798150435842e-07,1.8200207030435882e-07,0.0220450590772904,0.0220470802682355,6.212701270499245e-07
10250,12,legacy,60dB,6,1.999561572143896e-07,2.8378196334764465e-07,0.0220484503741233,0.0220470802682355,6.794376994089488e-07
10250,12,legacy,60dB,7,1.8289143686190045e-07,2.1272667404141915e-07,0.0220471497632716,0.0220470802682355,6.723483415178998e-07
10250,12,legacy,40dB,0,2.060177297414685e-05,2.1998467373037477e-05,0.0221525257655156,0.0220470802682355,6.72523518362411e-05
10250,12,legacy,40dB,1,2.435633867908716e-05,2.2928631159202527e-05,0.0220790795409075,0.0220470802682355,6.158131937672473e-05
10250,12,legacy,40dB,2,1.8240678718633472e-05,1.7098237471307587e-05,0.0220972041317435,0.0220470802682355,7.213032942512616e-05
10250,12,legacy,40dB,3,2.00212411603554e-05,2.1185148504561565e-05,0.022110920736748,0.0220470802682355,6.686993437718612e-05
10250,12,legacy,40dB,4,2.034403201869647e-05,1.7456685148287633e-05,0.0219620332645948,0.0220470802682355,6.787169227138819e-05
10250,12,legacy,40dB,5,2.24077873125042e-05,1.820020689253709e-05,0.0220470353864284,0.0220470802682355,6.212701405258883e-05
10250,12,legacy,40dB,6,1.999560995387636e-05,2.8378187772079903e-05,0.0220787773956422,0.0220470802682355,6.794376639819685e-05
10250,12,legacy,40dB,7,1.8289142343426668e-05,2.127266926725056e-05,0.022064235466718,0.0220470802682355,6.723483691925018e-05
10250,12,balanced,clean,0,4.389275189309471e-19,1.9001747594157968e-19,0.0220470802708176,0.0220470802682355,4.509548940758834e-19
10250,12,balanced,60dB,0,1.9570525464098362e-07,2.001839850935544e-07,0.022061810319721,0.0220470802682355,6.694963158735239e-07
10250,12,balanced,60dB,1,1.9115070462280498e-07,2.2748931737526947e-07,0.0220436049692384,0.0220470802682355,6.529603413163273e-07
10250,12,balanced,60dB,2,1.707870333294231e-07,1.6573407286213884e-07,0.0220497178532645,0.0220470802682355,6.787058747247608e-07
10250,12,balanced,60dB,3,1.905030500157678e-07,1.8146147328330683e-07,0.0220366283345783,0.0220470802682355,6.756817085510656e-07
10250,12,balanced,60dB,4,2.044205801814745e-07,1.9054309018353809e-07,0.0220512677792222,0.0220470802682355,6.616731962896242e-07
10250,12,balanced,60dB,5,1.8955661378120605e-07,1.8050765860175316e-07,0.0220472795991154,0.0220470802682355,6.213208991816776e-07
10250,12,balanced,60dB,6,1.6202940327564089e-07,1.4564705239047217e-07,0.0220459105390981,0.0220470802682355,6.762484591470665e-07
10250,12,balanced,60dB,7,1.68984800539643e-07,1.7043626792153965e-07,0.0220540006470237,0.0220470802682355,6.941842896350975e-07
10250,12,balanced,40dB,0,1.957052408492116e-05,2.001839751935715e-05,0.0222119942313901,0.0220470802682355,6.694963221687835e-05
10250,12,balanced,40dB,1,1.911506926916449e-05,2.2748931338726317e-05,0.0220295308172496,0.0220470802682355,6.529603366787213e-05
10250,12,balanced,40dB,2,1.707870227127713e-05,1.657340393108637e-05,0.0220888269272248,0.0220470802682355,6.787058646433445e-05
10250,12,balanced,40dB,3,1.9050303238472658e-05,1.8146144374151992e-05,0.0219597061811634,0.0220470802682355,6.756816629799186e-05
10250,12,balanced,40dB,4,2.0442055882927848e-05,1.9054306037641505e-05,0.0221073532049446,0.0220470802682355,6.616732281401286e-05
10250,12,balanced,40dB,5,1.895566354981785e-05,1.8050765645986588e-05,0.0220661336512085,0.0220470802682355,6.213208822561112e-05
10250,12,balanced,40dB,6,1.620294065626726e-05,1.4564703986642637e-05,0.0220499656002463,0.0220470802682355,6.762484485114143e-05
10250,12,balanced,40dB,7,1.689847980900716e-05,1.7043624159667055e-05,0.0221314926646822,0.0220470802682355,6.941842213115367e-05
10500,5,legacy,clean,0,6.101276355100817e-08,3.6087426352599733e-09,0.0210436285496208,0.0210442804102286,1.3843742741793537e-07
10500,5,legacy,60dB,0,1.0063497529909329e-07,2.3804678847842284e-08,0.021047494654053,0.0210442804102286,1.0443867152335603e-06
10500,5,legacy,60dB,1,9.198976310600949e-08,3.5132084596704907e-08,0.0210517111914134,0.0210442804102286,1.0649391740067828e-06
10500,5,legacy,60dB,2,8.806982132867395e-08,4.0922488481564804e-08,0.0210366943423249,0.0210442804102286,1.030303524291977e-06
10500,5,legacy,60dB,3,9.598352089753929e-08,2.7415659122017537e-08,0.0210289030341023,0.0210442804102286,1.0525647353868975e-06
10500,5,legacy,60dB,4,9.566259785551937e-08,2.727521678522793e-08,0.0210472532304358,0.0210442804102286,1.0637675395835347e-06
10500,5,legacy,60dB,5,8.663261960389976e-08,3.372531737096067e-08,0.0210479604133927,0.0210442804102286,1.0484821603127892e-06
10500,5,legacy,60dB,6,9.412392605518813e-08,2.88324421114715e-08,0.0210339506547695,0.0210442804102286,1.0608887675643858e-06
10500,5,legacy,60dB,7,8.710396265179163e-08,2.0013844818306493e-08,0.0210473826886169,0.0210442804102286,1.0197097866458096e-06
10500,5,legacy,40dB,0,3.5852460449462965e-06,2.1391799141233724e-06,0.021085417605106,0.0210442804102286,9.104584218317722e-05
10500,5,legacy,40dB,1,3.296657686524519e-06,2.7269939672884763e-06,0.0211273808424737,0.0210442804102286,9.291689956103944e-05
10500,5,legacy,40dB,2,2.6528989578071152e-06,3.3753697564525865e-06,0.0209766077922772,0.0210442804102286,9.126981757016348e-05
10500,5,legacy,40dB,3,3.528088184043333e-06,2.5348495205834337e-06,0.0208994907622821,0.0210442804102286,9.05414644974683e-05
10500,5,legacy,40dB,4,3.5645225553670093e-06,2.5029926377398755e-06,0.0210830323692189,0.0210442804102286,9.347096656560732e-05
10500,5,legacy,40dB,5,2.695320905127965e-06,2.8552859859168343e-06,0.02108932529692,0.0210442804102286,9.231661201072492e-05
10500,5,legacy,40dB,6,3.5235149881288726e-06,2.248649417803834e-06,0.020949980991707,0.0210442804102286,9.299133067782555e-05
10500,5,legacy,40dB,7,2.704319486526058e-06,1.658242923123395e-06,0.0210835523343136,0.0210442804102286,8.824409268055307e-05
10500,5,balanced,clean,0,6.439961872629884e-08,6.116719322005061e-09,0.0210444287694408,0.0210442804102286,1.4851081490752948e-07
10500,5,balanced,60dB,0,8.54028782591475e-08,2.2819279247197252e-08,0.0210425485446245,0.0210442804102286,1.0211852856772771e-06
10500,5,balanced,60dB,1,8.791752289630094e-08,2.4313179798981058e-08,0.0210415726736418,0.0210442804102286,1.0711727347252711e-06
10500,5,balanced,60dB,2,9.827110796227633e-08,4.53733663089302e-08,0.0210579581686762,0.0210442804102286,1.0567273805922295e-06
10500,5,balanced,60dB,3,9.654555462890472e-08,3.2943530263353895e-08,0.0210446594777667,0.0210442804102286,1.0966417316576113e-06
10500,5,balanced,60dB,4,9.140385817367704e-08,3.712151714382829e-08,0.0210426086863879,0.0210442804102286,1.0515961815745914e-06
10500,5,balanced,60dB,5,1.0005739104262142e-07,2.678848559205588e-08,0.0210296000528467,0.0210442804102286,1.0404886449625324e-06
10500,5,balanced,60dB,6,9.206533015287632e-08,3.149505918208061e-08,0.0210512641630377,0.0210442804102286,1.0760484309342114e-06
10500,5,balanced,60dB,7,9.67969117806831e-08,3.7927501660680726e-08,0.0210443875016785,0.0210442804102286,1.0015924217788688e-06
10500,5,balanced,40dB,0,2.9290856996204846e-06,2.086698905861003e-06,0.0210282811747629,0.0210442804102286,9.024795099307971e-05
10500,5,balanced,40dB,1,2.523981404553767e-06,1.9968669761784524e-06,0.0210180922141953,0.0210442804102286,9.447337248372632e-05
10500,5,balanced,40dB,2,3.553086756917144e-06,3.915020573090437e-06,0.0211828727340409,0.0210442804102286,9.05356576898898e-05
10500,5,balanced,40dB,3,2.9948282069750062e-06,2.7273368645949987e-06,0.0210493448219289,0.0210442804102286,9.210129143037796e-05
10500,5,balanced,40dB,4,2.678237177678986e-06,2.7548622352859062e-06,0.021028571734076,0.0210442804102286,9.312345093301068e-05
10500,5,balanced,40dB,5,3.761971983719271e-06,2.2701242022044437e-06,0.0208994825981419,0.0210442804102286,8.952124154784852e-05
10500,5,balanced,40dB,6,2.9908132836397032e-06,2.4006634176108856e-06,0.0211154324619607,0.0210442804102286,9.193766380814682e-05
10500,5,balanced,40dB,7,3.04493563298986e-06,3.432107783920917e-06,0.0210466726549017,0.0210442804102286,8.602329149462684e-05
10500,8,legacy,clean,0,1.1358083323782551e-11,2.998651841407737e-12,0.0210443474935634,0.0210442804102286,1.839133376631145e-11
10500,8,legacy,60dB,0,7.907906514306536e-08,7.578073019715455e-08,0.0210519023732786,0.0210442804102286,8.178428609691066e-07
10500,8,legacy,60dB,1,7.354582944709917e-08,7.292065593533871e-08,0.0210517767036871,0.0210442804102286,8.414500165793118e-07
10500,8,legacy,60dB,2,7.581768525211489e-08,9.147092001474985e-08,0.0210432793105052,0.0210442804102286,8.121804914271614e-07
10500,8,legacy,60dB,3,7.96296301036121e-08,9.577435145332949e-08,0.0210280427932816,0.0210442804102286,8.022508555020573e-07
10500,8,legacy,60dB,4,9.862819582671786e-08,8.898808055480073e-08,0.0210447810241271,0.0210442804102286,8.189751502799345e-07
10500,8,legacy,60dB,5,6.479806925165234e-08,7.132015450019823e-08,0.0210475802710151,0.0210442804102286,8.271314812011421e-07
10500,8,legacy,60dB,6,7.329213838588202e-08,6.876435691656077e-08,0.0210349326462589,0.0210442804102286,8.419183070686266e-07
10500,8,legacy,60dB,7,7.365675298918496e-08,6.091435701012716e-08,0.0210469401920437,0.0210442804102286,7.988495753256087e-07
10500,8,legacy,40dB,0,7.897377784169428e-06,7.553467285917425e-06,0.0211270029800707,0.0210442804102286,8.176237426510705e-05
10500,8,legacy,40dB,1,7.34654948352343e-06,7.288101880668867e-06,0.0211252507882121,0.0210442804102286,8.411912495787109e-05
10500,8,legacy,40dB,2,7.583748826994981e-06,9.156295108428298e-06,0.0210404913371788,0.0210442804102286,8.121080117909171e-05
10500,8,legacy,40dB,3,7.95948247126959e-06,9.560875554997544e-06,0.0208884637791384,0.0210442804102286,8.021659250417698e-05
10500,8,legacy,40dB,4,9.84851199826678e-06,8.877893587910005e-06,0.0210575451314639,0.0210442804102286,8.191171499975018e-05
10500,8,legacy,40dB,5,6.478702889845499e-06,7.133392423877156e-06,0.021082506092501,0.0210442804102286,8.273930909155141e-05
10500,8,legacy,40dB,6,7.327491978897591e-06,6.879055737364938e-06,0.020956793693336,0.0210442804102286,8.419610911134751e-05
10500,8,legacy,40dB,7,7.367613974887374e-06,6.090499767274129e-06,0.0210769056270334,0.0210442804102286,7.987109761440687e-05
10500,8,balanced,clean,0,1.1218883133038506e-11,4.936477967842006e-12,0.0210442032204996,0.0210442804102286,1.9554005262805596e-11
10500,8,balanced,60dB,0,7.405206354284516e-08,6.831754609395367e-08,0.0210461647117165,0.0210442804102286,8.125567351903677e-07
10500,8,balanced,60dB,1,7.002344972733584e-08,6.822123394969175e-08,0.0210409903543927,0.0210442804102286,8.469382948952822e-07
10500,8,balanced,60dB,2,6.265746930829798e-08,8.42364009509997e-08,0.0210570233648784,0.0210442804102286,8.289178539708832e-07
10500,8,balanced,60dB,3,6.724341232291855e-08,7.74674902493803e-08,0.0210465602682148,0.0210442804102286,8.201482438717232e-07
10500,8,balanced,60dB,4,6.46031855867678e-08,7.306831140504498e-08,0.0210399690847436,0.0210442804102286,8.367401968979231e-07
10500,8,balanced,60dB,5,8.281077878652139e-08,6.854771513528716e-08,0.0210304648894818,0.0210442804102286,8.010102074667205e-07
10500,8,balanced,60dB,6,6.553189602556213e-08,6.551411133724874e-08,0.0210516827212346,0.0210442804102286,8.271038073111454e-07
10500,8,balanced,60dB,7,7.364603662483938e-08,8.395328968820253e-08,0.0210504996093333,0.0210442804102286,7.594105181161031e-07
10500,8,balanced,40dB,0,7.415132203973354e-06,6.857488942833767e-06,0.0210704928452082,0.0210442804102286,8.129017042503326e-05
10500,8,balanced,40dB,1,7.000314619928347e-06,6.825918889371513e-06,0.0210183747405234,0.0210442804102286,8.472104487028979e-05
10500,8,balanced,40dB,2,6.267709672912838e-06,8.432294551613125e-06,0.0211780459002378,0.0210442804102286,8.28915900901515e-05
10500,8,balanced,40dB,3,6.721683152358224e-06,7.732279432561554e-06,0.0210738230476509,0.0210442804102286,8.201157566371618e-05
10500,8,balanced,40dB,4,6.450221149808026e-06,7.299780078714154e-06,0.0210076661532044,0.0210442804102286,8.36889651490048e-05
10500,8,balanced,40dB,5,8.273383691854176e-06,6.841993829787263e-06,0.0209142652871966,0.0210442804102286,8.011600084509559e-05
10500,8,balanced,40dB,6,6.557025531762776e-06,6.555482968004816e-06,0.0211249000353921,0.0210442804102286,8.270013256016722e-05
10500,8,balanced,40dB,7,7.367896975381422e-06,8.40912215179366e-06,0.0211137986464163,0.0210442804102286,7.594299309060511e-05
10500,12,legacy,clean,0,1.005533348317546e-18,7.015196418815411e-19,0.0210442804115702,0.0210442804102286,7.36200080006891e-19
10500,12,legacy,60dB,0,1.917823933692665e-07,1.7724239255477136e-07,0.0210541008465829,0.0210442804102286,6.418621078058333e-07
10500,12,legacy,60dB,1,1.955218104793515e-07,1.7507602308865968e-07,0.0210474430704169,0.0210442804102286,6.696200970418994e-07
10500,12,legacy,60dB,2,2.136251814658872e-07,1.965396066655889e-07,0.0210399020835213,0.0210442804102286,6.425562637889862e-07
10500,12,legacy,60dB,3,2.175956354420354e-07,2.1943360836823245e-07,0.0210236600474316,0.0210442804102286,6.283755588550214e-07
10500,12,legacy,60dB,4,2.260161838585198e-07,1.9331124557186762e-07,0.0210432229260903,0.0210442804102286,6.422100869692141e-07
10500,12,legacy,60dB,5,1.897447855918984e-07,1.8723828209419757e-07,0.0210574979329002,0.0210442804102286,6.460973918005929e-07
10500,12,legacy,60dB,6,1.7186373967014376e-07,1.7650609377100806e-07,0.0210387557387585,0.0210442804102286,6.634362598831726e-07
10500,12,legacy,60dB,7,2.1246531376202722e-07,1.843697960802844e-07,0.0210468824831631,0.0210442804102286,6.204193979995262e-07
10500,12,legacy,40dB,0,1.9178241404303114e-05,1.7724238894314394e-05,0.0211597451791677,0.0210442804102286,6.418621747652013e-05
10500,12,legacy,40dB,1,1.955217368977365e-05,1.7507595651693473e-05,0.0210935039556227,0.0210442804102286,6.696200736616387e-05
10500,12,legacy,40dB,2,2.136251091280931e-05,1.965395441981185e-05,0.0210197233901788,0.0210442804102286,6.425562520920185e-05
10500,12,legacy,40dB,3,2.175955308922854e-05,2.194334873889889e-05,0.0208576603669189,0.0210442804102286,6.283755584581417e-05
10500,12,legacy,40dB,4,2.2601615230309263e-05,1.9331121829940167e-05,0.0210540470101629,0.0210442804102286,6.42210086886366e-05
10500,12,legacy,40dB,5,1.8974481438790637e-05,1.872382710410689e-05,0.0211935326584525,0.0210442804102286,6.460973724753542e-05
10500,12,legacy,40dB,6,1.7186377045302414e-05,1.765060921787141e-05,0.0210045014231014,0.0210442804102286,6.63436222009982e-05
10500,12,legacy,40dB,7,2.124652121025576e-05,1.843697350899148e-05,0.0210894229955711,0.0210442804102286,6.204194239478359e-05
10500,12,balanced,clean,0,8.012938381616146e-19,4.607846141155669e-19,0.0210442804120847,0.0210442804102286,7.760906075878805e-19
10500,12,balanced,60dB,0,1.746036004717949e-07,1.68241235864326e-07,0.0210424589304732,0.0210442804102286,6.424815330125547e-07
10500,12,balanced,60dB,1,1.85707847371258e-07,1.886831492879645e-07,0.0210459782067139,0.0210442804102286,6.387746868879288e-07
10500,12,balanced,60dB,2,1.679015805613392e-07,1.6714398023092954e-07,0.0210571282886095,0.0210442804102286,6.565956006325669e-07
10500,12,balanced,60dB,3,1.8346614787864426e-07,1.7544790783899397e-07,0.0210541201536181,0.0210442804102286,6.440541665329148e-07
10500,12,balanced,60dB,4,1.755926106308584e-07,1.933778600746888e-07,0.0210365050659164,0.0210442804102286,6.358534119751471e-07
10500,12,balanced,60dB,5,1.734068444613078e-07,1.487101956387357e-07,0.0210358006094054,0.0210442804102286,6.334271049479427e-07
10500,12,balanced,60dB,6,1.6604193251404226e-07,1.4466481283588865e-07,0.0210525201910754,0.0210442804102286,6.405387464651497e-07
10500,12,balanced,60dB,7,1.7369552526078495e-07,1.6572160674335032e-07,0.0210450308031405,0.0210442804102286,6.001276094328477e-07
10500,12,balanced,40dB,0,1.746036308856307e-05,1.6824127506962e-05,0.0210417799230529,0.0210442804102286,6.424816356575961e-05
10500,12,balanced,40dB,1,1.857077943255761e-05,1.886831053853926e-05,0.0210779720593358,0.0210442804102286,6.387746963586069e-05
10500,12,balanced,40dB,2,1.6790161666751956e-05,1.6714403456772707e-05,0.021187870323194,0.0210442804102286,6.565956108203281e-05
10500,12,balanced,40dB,3,1.8346607448779987e-05,1.7544787695802766e-05,0.0211591897733886,0.0210442804102286,6.440541647691124e-05
10500,12,balanced,40dB,4,1.755926180128743e-05,1.933777902098341e-05,0.0209823302860964,0.0210442804102286,6.358533727961656e-05
10500,12,balanced,40dB,5,1.7340683482413353e-05,1.487101777225653e-05,0.0209750890003285,0.0210442804102286,6.334270983556455e-05
10500,12,balanced,40dB,6,1.660419113172292e-05,1.446647717955898e-05,0.0211416219737974,0.0210442804102286,6.40538710487528e-05
10500,12,balanced,40dB,7,1.7369550853136372e-05,1.657216186328193e-05,0.0210674169182427,0.0210442804102286,6.00127650478834e-05
10750,5,legacy,clean,0,8.002975586484104e-08,6.290899169784771e-09,0.0200877060042893,0.0200854817504842,1.7994002333522468e-07
10750,5,legacy,60dB,0,1.1210246257222093e-07,4.04607907870359e-08,0.0200843601651861,0.0200854817504842,1.0999223057054151e-06
10750,5,legacy,60dB,1,1.0803268183732525e-07,2.5766248196035992e-08,0.0200892864835072,0.0200854817504842,1.0202983412711298e-06
10750,5,legacy,60dB,2,1.1458617751870859e-07,5.592936803834e-08,0.0200883633124252,0.0200854817504842,1.1186974934985323e-06
10750,5,legacy,60dB,3,1.1645606184712389e-07,3.3907833920704853e-08,0.0200960404483336,0.0200854817504842,1.0655473550643831e-06
10750,5,legacy,60dB,4,1.1155980925689503e-07,3.48829410730785e-08,0.0200926821731627,0.0200854817504842,1.0384596165371107e-06
10750,5,legacy,60dB,5,1.0585054240305725e-07,3.6079229073262724e-08,0.0200812361158308,0.0200854817504842,1.1173796981170624e-06
10750,5,legacy,60dB,6,1.0235921429170618e-07,2.59755996495024e-08,0.0200836718595866,0.0200854817504842,1.0764389698738585e-06
10750,5,legacy,60dB,7,1.0158685578582935e-07,3.350530801813982e-08,0.0200785266251318,0.0200854817504842,1.1931563246644453e-06
10750,5,legacy,40dB,0,3.6260302514475983e-06,3.723062022189579e-06,0.0200574728866856,0.0200854817504842,9.121132535534526e-05
10750,5,legacy,40dB,1,3.177348323334868e-06,2.751309736516937e-06,0.0201063280857763,0.0200854817504842,8.959408439684681e-05
10750,5,legacy,40dB,2,3.177502161596924e-06,4.430018482393098e-06,0.0200970309938375,0.0200854817504842,9.325207722372674e-05
10750,5,legacy,40dB,3,3.602472197454408e-06,2.939286348836112e-06,0.020174208624114,0.0200854817504842,8.987471580888024e-05
10750,5,legacy,40dB,4,3.3509081960148765e-06,2.8941446930120065e-06,0.0201404232709291,0.0200854817504842,8.923956652142693e-05
10750,5,legacy,40dB,5,2.7497073309818846e-06,3.121002681497778e-06,0.0200254185894146,0.0200854817504842,9.120440532537696e-05
10750,5,legacy,40dB,6,2.320242752263073e-06,2.1167131005906107e-06,0.0200493814756748,0.0200854817504842,9.217318080797864e-05
10750,5,legacy,40dB,7,2.3174581840830115e-06,2.687585575065724e-06,0.0199979340701435,0.0200854817504842,9.729163673093332e-05
10750,5,balanced,clean,0,8.310791419178653e-08,1.1523363848773337e-08,0.0200855581577595,0.0200854817504842,1.92622598391416e-07
10750,5,balanced,60dB,0,1.1517104488456365e-07,4.511712947923397e-08,0.0200860464275925,0.0200854817504842,1.0919716200254674e-06
10750,5,balanced,60dB,1,1.051339497923394e-07,3.3918112845263776e-08,0.0200952702079617,0.0200854817504842,1.1021684460394524e-06
10750,5,balanced,60dB,2,1.067944256791317e-07,3.330297538824438e-08,0.0200967687049004,0.0200854817504842,1.1425516973094329e-06
10750,5,balanced,60dB,3,1.0514366680109083e-07,3.7996338775059234e-08,0.0200900961438298,0.0200854817504842,1.1299980828059798e-06
10750,5,balanced,60dB,4,1.1424371868987994e-07,5.151626709577372e-08,0.0200858051866689,0.0200854817504842,1.095151057040484e-06
10750,5,balanced,60dB,5,1.115614000762916e-07,3.312849453443824e-08,0.0200852039804496,0.0200854817504842,1.0799167258238994e-06
10750,5,balanced,60dB,6,1.1104327370515855e-07,4.834290560209039e-08,0.0200940345883385,0.0200854817504842,1.0881933774316395e-06
10750,5,balanced,60dB,7,1.1820444179273153e-07,5.6891906333927434e-08,0.0200852707342868,0.0200854817504842,1.118811096101257e-06
10750,5,balanced,40dB,0,3.3034477884468795e-06,3.1738579920924315e-06,0.0200933405646568,0.0200854817504842,9.096133407901002e-05
10750,5,balanced,40dB,1,2.2464949626150837e-06,2.698288705531572e-06,0.0201846217864735,0.0200854817504842,9.082570569675758e-05
10750,5,balanced,40dB,2,2.37812775602334e-06,1.8417077104559755e-06,0.0201997217838953,0.0200854817504842,9.445795181560824e-05
10750,5,balanced,40dB,3,2.429056921256296e-06,2.8117477532442555e-06,0.0201330636099435,0.0200854817504842,9.283561692336076e-05
10750,5,balanced,40dB,4,3.280153908027029e-06,3.3939885510612846e-06,0.0200909141348031,0.0200854817504842,8.821346709413497e-05
10750,5,balanced,40dB,5,3.229602962221977e-06,2.383603094374166e-06,0.0200848783448498,0.0200854817504842,9.005416399109517e-05
10750,5,balanced,40dB,6,2.957946022708918e-06,3.749563533707307e-06,0.0201729179480631,0.0200854817504842,8.998277596624693e-05
10750,5,balanced,40dB,7,3.069595252811493e-06,3.755466822475113e-06,0.0200853194450953,0.0200854817504842,9.455282777453258e-05
10750,8,legacy,clean,0,1.5819013573514833e-11,4.7853240781833036e-12,0.0200852901387821,0.0200854817504842,2.630660598753275e-11
10750,8,legacy,60dB,0,9.800485305508957e-08,9.438246650791408e-08,0.0200806755037718,0.0200854817504842,8.003660754024776e-07
10750,8,legacy,60dB,1,7.374620154203424e-08,8.274248163934057e-08,0.0200844496871775,0.0200854817504842,8.006732419899581e-07
10750,8,legacy,60dB,2,8.473816451308425e-08,9.599384073649113e-08,0.0200844756200415,0.0200854817504842,8.328788342571823e-07
10750,8,legacy,60dB,3,6.676907449401048e-08,8.505709370126416e-08,0.0200978474246518,0.0200854817504842,8.120452365145681e-07
10750,8,legacy,60dB,4,8.14322301668812e-08,8.301163090211277e-08,0.0200909099067469,0.0200854817504842,7.941277695936368e-07
10750,8,legacy,60dB,5,7.64964850258075e-08,8.414066796443929e-08,0.0200775788994388,0.0200854817504842,8.035573482561987e-07
10750,8,legacy,60dB,6,7.152393360162718e-08,7.319745516616892e-08,0.0200819267188549,0.0200854817504842,8.277436606206261e-07
10750,8,legacy,60dB,7,7.155775755762593e-08,9.704861040079885e-08,0.02007646920296,0.0200854817504842,8.57977780410965e-07
10750,8,legacy,40dB,0,9.797513101456628e-06,9.447051027882443e-06,0.0200479613956209,0.0200854817504842,8.002406215096392e-05
10750,8,legacy,40dB,1,7.356203873080719e-06,8.25617895474414e-06,0.0200835045069648,0.0200854817504842,8.003815122996686e-05
10750,8,legacy,40dB,2,8.463397156676351e-06,9.595173268713447e-06,0.0200847611092591,0.0200854817504842,8.331392677279096e-05
10750,8,legacy,40dB,3,6.688647914116618e-06,8.516614051795569e-06,0.0202168840970194,0.0200854817504842,8.121366154530891e-05
10750,8,legacy,40dB,4,8.143533963103682e-06,8.302071332022977e-06,0.0201488171724626,0.0200854817504842,7.942565414690432e-05
10750,8,legacy,40dB,5,7.642140964897338e-06,8.410121859958447e-06,0.0200150550638351,0.0200854817504842,8.036408590112906e-05
10750,8,legacy,40dB,6,7.146916180064294e-06,7.325193287986476e-06,0.0200580877587251,0.0200854817504842,8.27544007748779e-05
10750,8,legacy,40dB,7,7.144716460443166e-06,9.695231252081264e-06,0.0200035100618175,0.0200854817504842,8.578082650277381e-05
10750,8,balanced,clean,0,1.6648669081066562e-11,6.347836569745602e-12,0.0200855237089058,0.0200854817504842,2.77269402003535e-11
10750,8,balanced,60dB,0,8.401519226745553e-08,8.712113135563118e-08,0.0200907862554917,0.0200854817504842,8.095826803208368e-07
10750,8,balanced,60dB,1,6.662135255759623e-08,6.854339286081483e-08,0.0200949537954834,0.0200854817504842,8.100497716819193e-07
10750,8,balanced,60dB,2,5.402622467181258e-08,6.318880921034515e-08,0.0200963305779399,0.0200854817504842,8.516959357302118e-07
10750,8,balanced,60dB,3,5.405974011663517e-08,6.913803988445976e-08,0.0200916267947184,0.0200854817504842,8.461908888363266e-07
10750,8,balanced,60dB,4,7.00651254947637e-08,6.628513961955562e-08,0.0200890689175914,0.0200854817504842,8.076809511611825e-07
10750,8,balanced,60dB,5,7.773063596649803e-08,7.124700645698728e-08,0.0200862544312914,0.0200854817504842,8.060286932694158e-07
10750,8,balanced,60dB,6,7.598389714403231e-08,7.657654145826973e-08,0.0200955910380196,0.0200854817504842,7.983894031454768e-07
10750,8,balanced,60dB,7,6.920764803163869e-08,7.627349172747875e-08,0.0200857685862961,0.0200854817504842,8.448389554776948e-07
10750,8,balanced,40dB,0,8.391996989479258e-06,8.715349874326827e-06,0.0201457011696686,0.0200854817504842,8.093341048773963e-05
10750,8,balanced,40dB,1,6.668731685163858e-06,6.873449915550228e-06,0.0201858272426794,0.0200854817504842,8.100393589367889e-05
10750,8,balanced,40dB,2,5.397061377525266e-06,6.326970047225714e-06,0.0201984493482153,0.0200854817504842,8.516646212998598e-05
10750,8,balanced,40dB,3,5.3973361682455336e-06,6.912352510478162e-06,0.0201514114556369,0.0200854817504842,8.460567481891453e-05
10750,8,balanced,40dB,4,6.986856668220914e-06,6.603731182343956e-06,0.0201272621510126,0.0200854817504842,8.077096228551486e-05
10750,8,balanced,40dB,5,7.772996584473437e-06,7.127629838248848e-06,0.0200998267728243,0.0200854817504842,8.061858590255929e-05
10750,8,balanced,40dB,6,7.600627564876267e-06,7.665968311874966e-06,0.0201930379384753,0.0200854817504842,7.984080753925668e-05
10750,8,balanced,40dB,7,6.913954016526109e-06,7.622901431828774e-06,0.0200941945101822,0.0200854817504842,8.44777066176632e-05
10750,12,legacy,clean,0,1.5456896376303386e-18,1.1076006716560114e-18,0.0200854817034244,0.0200854817504842,1.3055460955111126e-18
10750,12,legacy,60dB,0,2.781492077259828e-07,2.7664836276897777e-07,0.0200716066144335,0.0200854817504842,6.155056815854543e-07
10750,12,legacy,60dB,1,2.31881334422587e-07,2.519101034782011e-07,0.0200729586788276,0.0200854817504842,6.184680474086055e-07
10750,12,legacy,60dB,2,2.083175318052507e-07,2.582294214022658e-07,0.0200767376053659,0.0200854817504842,6.43045281142217e-07
10750,12,legacy,60dB,3,1.865308719995555e-07,2.201714280255222e-07,0.0200995583731431,0.0200854817504842,6.484542915927959e-07
10750,12,legacy,60dB,4,1.922694297538494e-07,2.0598319380421333e-07,0.0200942608597742,0.0200854817504842,6.290008081148726e-07
10750,12,legacy,60dB,5,1.7969387723178286e-07,1.910057772070373e-07,0.0200738246100292,0.0200854817504842,6.426404147935798e-07
10750,12,legacy,60dB,6,1.8795903303353714e-07,2.143465843029473e-07,0.0200828603410026,0.0200854817504842,6.639132203044163e-07
10750,12,legacy,60dB,7,2.2307591390940674e-07,2.526601906954923e-07,0.0200732337320064,0.0200854817504842,6.694307123190487e-07
10750,12,legacy,40dB,0,2.781491313579837e-05,2.7664837306748334e-05,0.0199717642345741,0.0200854817504842,6.155057200656363e-05
10750,12,legacy,40dB,1,2.318812617763803e-05,2.519099507805986e-05,0.0199811207702903,0.0200854817504842,6.184680967715466e-05
10750,12,legacy,40dB,2,2.083175186455983e-05,2.582294390927359e-05,0.0200167892993855,0.0200854817504842,6.430452799961373e-05
10750,12,legacy,40dB,3,1.8653095412763843e-05,2.2017144960897916e-05,0.0202430361873039,0.0200854817504842,6.484542762958636e-05
10750,12,legacy,40dB,4,1.9226940994962955e-05,2.059831618235632e-05,0.0201905775136209,0.0200854817504842,6.290007775265675e-05
10750,12,legacy,40dB,5,1.7969384585996218e-05,1.91005800427492e-05,0.0199850832152856,0.0200854817504842,6.426404404894375e-05
10750,12,legacy,40dB,6,1.87959187348215e-05,2.143468034729998e-05,0.0200761844076112,0.0200854817504842,6.639132549525658e-05
10750,12,legacy,40dB,7,2.2307592538736307e-05,2.5266027990850253e-05,0.0199830788226442,0.0200854817504842,6.694307469239023e-05
10750,12,balanced,clean,0,1.4846966516739421e-18,8.870115420150767e-19,0.0200854817886203,0.0200854817504842,1.320765747480247e-18
10750,12,balanced,60dB,0,1.7716121232571557e-07,1.851528166655636e-07,0.0200917481454855,0.0200854817504842,6.389201567799433e-07
10750,12,balanced,60dB,1,1.8184433323106933e-07,1.869770799402419e-07,0.0200976476840704,0.0200854817504842,6.257200545483126e-07
10750,12,balanced,60dB,2,1.885727184530179e-07,1.9038260550291609e-07,0.0200925632985944,0.0200854817504842,6.604900733552319e-07
10750,12,balanced,60dB,3,1.5130900431458797e-07,1.895538553051315e-07,0.0200907929641174,0.0200854817504842,6.809662063493742e-07
10750,12,balanced,60dB,4,1.697115291312311e-07,1.8236537429293161e-07,0.0200871000246614,0.0200854817504842,6.392597782474178e-07
10750,12,balanced,60dB,5,1.5716157110962858e-07,1.5551980291738144e-07,0.0200895749363142,0.0200854817504842,6.446206714949475e-07
10750,12,balanced,60dB,6,1.865050717239641e-07,1.9884052693174426e-07,0.0200974473351256,0.0200854817504842,6.293878342733611e-07
10750,12,balanced,60dB,7,1.7536356798606088e-07,2.026327107453519e-07,0.0200874332512174,0.0200854817504842,6.759639842346297e-07
10750,12,balanced,40dB,0,1.7716121257735035e-05,1.85152829399618e-05,0.020164089866407,0.0200854817504842,6.389201701438584e-05
10750,12,balanced,40dB,1,1.8184436743036007e-05,1.869770530629139e-05,0.0202235067365322,0.0200854817504842,6.257199993810458e-05
10750,12,balanced,40dB,2,1.885726957872879e-05,1.903825657139805e-05,0.0201732684307555,0.0200854817504842,6.604901049948924e-05
10750,12,balanced,40dB,3,1.51309028208218e-05,1.8955386174495434e-05,0.0201522113563691,0.0200854817504842,6.809662427572056e-05
10750,12,balanced,40dB,4,1.697114716058463e-05,1.823653644041962e-05,0.0201169381809005,0.0200854817504842,6.39259768637714e-05
10750,12,balanced,40dB,5,1.5716151024311743e-05,1.5551982506374216e-05,0.0201405578008731,0.0200854817504842,6.446206485966601e-05
10750,12,balanced,40dB,6,1.8650501972110345e-05,1.988405020758813e-05,0.020221922704928,0.0200854817504842,6.293878343839928e-05
10750,12,balanced,40dB,7,1.7536356527129023e-05,2.0263267968603415e-05,0.020120779135439,0.0200854817504842,6.759639921905812e-05
11000,5,legacy,clean,0,1.017702462123399e-07,1.0045471862241829e-08,0.0191721972215277,0.0191708938936135,2.315972539202052e-07
11000,5,legacy,60dB,0,1.408994598728427e-07,5.558351180683788e-08,0.0191725996176035,0.0191708938936135,1.1822019138948324e-06
11000,5,legacy,60dB,1,1.268665429239822e-07,4.0183166416129456e-08,0.019172971872628,0.0191708938936135,1.107571172652231e-06
11000,5,legacy,60dB,2,1.295758794980279e-07,3.4091580372326365e-08,0.0191730665343945,0.0191708938936135,1.204077316524308e-06
11000,5,legacy,60dB,3,1.345122754437555e-07,4.4243923900430785e-08,0.0191727086823622,0.0191708938936135,1.162333600641482e-06
11000,5,legacy,60dB,4,1.3954723226532102e-07,4.700017970893856e-08,0.0191752823531768,0.0191708938936135,1.2104553631468686e-06
11000,5,legacy,60dB,5,1.2724932629990998e-07,4.3066480303386685e-08,0.0191745754667583,0.0191708938936135,1.1334829147161205e-06
11000,5,legacy,60dB,6,1.4522759030974526e-07,4.039638668545008e-08,0.0191695496348079,0.0191708938936135,1.1349245341729152e-06
11000,5,legacy,60dB,7,1.31233848328035e-07,4.339193442864527e-08,0.0191601419336168,0.0191708938936135,1.1667817075768288e-06
11000,5,legacy,40dB,0,3.596230770868588e-06,3.649719753667625e-06,0.0191793243506728,0.0191708938936135,9.44712834443908e-05
11000,5,legacy,40dB,1,3.0363509196466624e-06,3.2009843293092875e-06,0.0191826273502363,0.0191708938936135,8.841703147951552e-05
11000,5,legacy,40dB,2,3.089838371293524e-06,3.2513074824520457e-06,0.0191836003619868,0.0191708938936135,9.48504216325292e-05
11000,5,legacy,40dB,3,3.050622135539233e-06,4.484063030650658e-06,0.0191799332614684,0.0191708938936135,9.613130544901938e-05
11000,5,legacy,40dB,4,3.889181116184445e-06,4.449087043019296e-06,0.0192064581790276,0.0191708938936135,9.774709319950824e-05
11000,5,legacy,40dB,5,2.5052190801692384e-06,3.578186664433932e-06,0.0191981283318657,0.0191708938936135,8.811188454729484e-05
11000,5,legacy,40dB,6,4.471320157610157e-06,4.0157879796283225e-06,0.019149656330799,0.0191708938936135,9.171492782412872e-05
11000,5,legacy,40dB,7,3.227082190783487e-06,3.519123596089634e-06,0.0190544750183419,0.0191708938936135,9.174219488384904e-05
11000,5,balanced,clean,0,1.0336769736014324e-07,1.9992209480484943e-08,0.019169928012952,0.0191708938936135,2.4794167636228576e-07
11000,5,balanced,60dB,0,1.292540372171669e-07,4.4694044702779634e-08,0.0191803931456138,0.0191708938936135,1.2085535533764597e-06
11000,5,balanced,60dB,1,1.251464340115755e-07,3.5521761026994734e-08,0.0191641843888155,0.0191708938936135,1.1518799890110443e-06
11000,5,balanced,60dB,2,1.3161615304901957e-07,6.732338305358112e-08,0.0191677749684384,0.0191708938936135,1.1682717286516062e-06
11000,5,balanced,60dB,3,1.2314679686254777e-07,5.1788620950137066e-08,0.0191727869546821,0.0191708938936135,1.2288388236271634e-06
11000,5,balanced,60dB,4,1.3451064878270974e-07,5.5361952156854297e-08,0.0191725662166814,0.0191708938936135,1.2398173959827103e-06
11000,5,balanced,60dB,5,1.2166311614129626e-07,4.8637684242389873e-08,0.0191697400716882,0.0191708938936135,1.072891936857598e-06
11000,5,balanced,60dB,6,1.3509255392224812e-07,7.662849643503283e-08,0.0191652925874631,0.0191708938936135,1.1919282739897605e-06
11000,5,balanced,60dB,7,1.3153865277729853e-07,5.2891680330027275e-08,0.0191717199727831,0.0191708938936135,1.1556792119398151e-06
11000,5,balanced,40dB,0,2.939282364029873e-06,3.1038731982312807e-06,0.0192771563908384,0.0191708938936135,9.40057048843309e-05
11000,5,balanced,40dB,1,2.565000859318613e-06,2.114343974886562e-06,0.0191147356173819,0.0191708938936135,8.92857212727292e-05
11000,5,balanced,40dB,2,3.2166644257244826e-06,3.924603676181655e-06,0.019151228379987,0.0191708938936135,9.175566338062888e-05
11000,5,balanced,40dB,3,2.277338865116985e-06,2.5785751382496824e-06,0.0192004936104259,0.0191708938936135,9.702634354323131e-05
11000,5,balanced,40dB,4,2.943295007798965e-06,3.2397973841673933e-06,0.019198838548042,0.0191708938936135,9.858866236096954e-05
11000,5,balanced,40dB,5,2.4025797793900757e-06,2.9629088636632074e-06,0.0191701648582083,0.0191708938936135,8.512389721815058e-05
11000,5,balanced,40dB,6,3.095363834597269e-06,4.203639841827154e-06,0.0191262485056344,0.0191708938936135,9.261430487425996e-05
11000,5,balanced,40dB,7,3.653342982889503e-06,4.1716167579504605e-06,0.0191911158769951,0.0191708938936135,9.0648739282537e-05
11000,8,legacy,clean,0,2.295482470364997e-11,7.336253954652639e-12,0.0191710799195704,0.0191708938936135,3.7120732419316354e-11
11000,8,legacy,60dB,0,8.33244635363642e-08,5.412239488688255e-08,0.019168744354332,0.0191708938936135,8.424913545196845e-07
11000,8,legacy,60dB,1,6.68009495080685e-08,5.9490611175058666e-08,0.0191707399499918,0.0191708938936135,8.067468773055763e-07
11000,8,legacy,60dB,2,8.018908540902965e-08,6.807076352303505e-08,0.0191742830362638,0.0191708938936135,8.339231658897117e-07
11000,8,legacy,60dB,3,7.269899487504005e-08,8.010611069991263e-08,0.0191708662367358,0.0191708938936135,8.682687392628586e-07
11000,8,legacy,60dB,4,9.014707122619025e-08,8.793291323109291e-08,0.0191735011796254,0.0191708938936135,8.702560369939765e-07
11000,8,legacy,60dB,5,6.967283177119319e-08,6.251866908263113e-08,0.0191770972014432,0.0191708938936135,7.872864219027209e-07
11000,8,legacy,60dB,6,9.13842462267754e-08,9.146430079535529e-08,0.0191701038035813,0.0191708938936135,8.102375730220604e-07
11000,8,legacy,60dB,7,8.531935776126916e-08,7.235779784490436e-08,0.0191554917143422,0.0191708938936135,8.115506290036799e-07
11000,8,legacy,40dB,0,8.348736977111447e-06,5.4238154222045245e-06,0.0191552399661217,0.0191708938936135,8.422665352296097e-05
11000,8,legacy,40dB,1,6.68148064518935e-06,5.952022445029966e-06,0.019173693901528,0.0191708938936135,8.065347038278614e-05
11000,8,legacy,40dB,2,8.012473537349954e-06,6.803219651211346e-06,0.0192103218757817,0.0191708938936135,8.337346100668095e-05
11000,8,legacy,40dB,3,7.284722249616948e-06,8.014153690452232e-06,0.0191755010301189,0.0191708938936135,8.686085925286392e-05
11000,8,legacy,40dB,4,9.009791825371062e-06,8.786954435613214e-06,0.0192034010478266,0.0191708938936135,8.700338839521258e-05
11000,8,legacy,40dB,5,6.949054790089825e-06,6.249420404139206e-06,0.0192375052713636,0.0191708938936135,7.870411399078389e-05
11000,8,legacy,40dB,6,9.137496403822532e-06,9.131364399520855e-06,0.0191695426202145,0.0191708938936135,8.100045952296656e-05
11000,8,legacy,40dB,7,8.553436112704281e-06,7.263495023895322e-06,0.0190228983164167,0.0191708938936135,8.113177150410315e-05
11000,8,balanced,clean,0,2.5052376455395648e-11,3.4998209975369814e-12,0.0191709551878054,0.0191708938936135,3.911506975788423e-11
11000,8,balanced,60dB,0,6.560250918718179e-08,6.21816429838619e-08,0.0191814798396713,0.0191708938936135,8.492310861721866e-07
11000,8,balanced,60dB,1,6.782575950987213e-08,4.889256648939686e-08,0.019165392575368,0.0191708938936135,8.027094123128308e-07
11000,8,balanced,60dB,2,6.898017010247949e-08,6.658498819513186e-08,0.0191678957122492,0.0191708938936135,8.214624823718411e-07
11000,8,balanced,60dB,3,6.042814322558882e-08,4.648961131699294e-08,0.0191749358360312,0.0191708938936135,8.86846883091045e-07
11000,8,balanced,60dB,4,8.05431104348503e-08,7.226958370488526e-08,0.0191715419895511,0.0191708938936135,8.784485646101195e-07
11000,8,balanced,60dB,5,6.379522615036739e-08,5.635072580989192e-08,0.0191737756047865,0.0191708938936135,7.748046370338542e-07
11000,8,balanced,60dB,6,6.313255942395897e-08,6.07224117262731e-08,0.0191660585368553,0.0191708938936135,8.48086185704249e-07
11000,8,balanced,60dB,7,8.512872654392883e-08,6.523358048078282e-08,0.0191715436027117,0.0191708938936135,8.04281222173869e-07
11000,8,balanced,40dB,0,6.559293876780934e-06,6.23413977412135e-06,0.0192821052007201,0.0191708938936135,8.493280595377195e-05
11000,8,balanced,40dB,1,6.797284909206612e-06,4.905024832740941e-06,0.0191214483162167,0.0191708938936135,8.030941910090987e-05
11000,8,balanced,40dB,2,6.903270220841585e-06,6.667921515900048e-06,0.0191465741262345,0.0191708938936135,8.214964512490425e-05
11000,8,balanced,40dB,3,6.048999798113527e-06,4.649065783019867e-06,0.0192162066139002,0.0191708938936135,8.868609706725869e-05
11000,8,balanced,40dB,4,8.044516106882091e-06,7.2215128939638366e-06,0.0191840625157353,0.0191708938936135,8.781576627840778e-05
11000,8,balanced,40dB,5,6.393272059484101e-06,5.623190982441212e-06,0.0192049149028858,0.0191708938936135,7.74809758336146e-05
11000,8,balanced,40dB,6,6.3143338127571925e-06,6.076285736663338e-06,0.019127671911994,0.0191708938936135,8.480002209096746e-05
11000,8,balanced,40dB,7,8.503499029285927e-06,6.51917878835153e-06,0.019184491774103,0.0191708938936135,8.043946272380312e-05
11000,12,legacy,clean,0,2.6931606942036e-18,1.9835813665960214e-18,0.0191708939319524,0.0191708938936135,2.267322701287019e-18
11000,12,legacy,60dB,0,2.218799670028341e-07,1.749692990246562e-07,0.0191696046768265,0.0191708938936135,6.52836256053435e-07
11000,12,legacy,60dB,1,2.0190245669817325e-07,1.84546723983438e-07,0.0191693523476992,0.0191708938936135,6.097005063306904e-07
11000,12,legacy,60dB,2,2.1231371710233837e-07,2.072851688636557e-07,0.0191762769562668,0.0191708938936135,6.346933591219841e-07
11000,12,legacy,60dB,3,1.9097144376982734e-07,1.94816063980178e-07,0.0191759269909794,0.0191708938936135,6.922649272516502e-07
11000,12,legacy,60dB,4,2.103776089019632e-07,2.229131165202233e-07,0.0191734238348469,0.0191708938936135,6.888459975307327e-07
11000,12,legacy,60dB,5,1.913227968730652e-07,2.130708308016028e-07,0.0191805773406023,0.0191708938936135,6.22653938873284e-07
11000,12,legacy,60dB,6,2.0802124106778213e-07,2.045169877765825e-07,0.0191763852255233,0.0191708938936135,6.69453342078934e-07
11000,12,legacy,60dB,7,2.3504127589999017e-07,2.090142901381064e-07,0.0191539601259006,0.0191708938936135,6.328089306213918e-07
11000,12,legacy,40dB,0,2.218800962274058e-05,1.7496935015281024e-05,0.0191779705906464,0.0191708938936135,6.528363158096958e-05
11000,12,legacy,40dB,1,2.0190259502821617e-05,1.845470017260906e-05,0.0191736493243567,0.0191708938936135,6.097005279509872e-05
11000,12,legacy,40dB,2,2.1231367569652013e-05,2.072851786110921e-05,0.0192438324054958,0.0191708938936135,6.346934352945995e-05
11000,12,legacy,40dB,3,1.909714505050833e-05,1.9481609904653605e-05,0.0192384119528357,0.0191708938936135,6.922649028756618e-05
11000,12,legacy,40dB,4,2.1037764847422232e-05,2.229130462238552e-05,0.0192151269496556,0.0191708938936135,6.888459447386645e-05
11000,12,legacy,40dB,5,1.9132277694606207e-05,2.1307086433353297e-05,0.0192849470681785,0.0191708938936135,6.226539007406525e-05
11000,12,legacy,40dB,6,2.080212276620335e-05,2.0451694070174785e-05,0.0192445287780176,0.0191708938936135,6.694533927101146e-05
11000,12,legacy,40dB,7,2.3504136539952932e-05,2.0901444765433462e-05,0.0190227095952158,0.0191708938936135,6.328090099545586e-05
11000,12,balanced,clean,0,2.797710073666781e-18,1.1409349891140753e-18,0.0191708938883794,0.0191708938936135,2.2176693242851873e-18
11000,12,balanced,60dB,0,1.7103054467011877e-07,1.6526536710362657e-07,0.0191733787793741,0.0191708938936135,6.591498582632041e-07
11000,12,balanced,60dB,1,1.7850957311101604e-07,1.5670984688398545e-07,0.0191678652468809,0.0191708938936135,6.271990623542497e-07
11000,12,balanced,60dB,2,1.599017434407448e-07,1.697807525787831e-07,0.0191730684963243,0.0191708938936135,6.620211839452168e-07
11000,12,balanced,60dB,3,1.9688302424793526e-07,1.5859357518148813e-07,0.01918035140479,0.0191708938936135,6.799052326682217e-07
11000,12,balanced,60dB,4,2.042347223143512e-07,2.0386571926899773e-07,0.0191699898683125,0.0191708938936135,6.853216541012629e-07
11000,12,balanced,60dB,5,1.5774958072323358e-07,1.650885393339743e-07,0.0191804762000634,0.0191708938936135,5.99822977210012e-07
11000,12,balanced,60dB,6,1.605432789062111e-07,1.652787455342376e-07,0.0191622016134117,0.0191708938936135,6.669687844796638e-07
11000,12,balanced,60dB,7,1.9970514931015365e-07,1.481572015895646e-07,0.0191704968035446,0.0191708938936135,6.407515280464977e-07
11000,12,balanced,40dB,0,1.7103041053500872e-05,1.652652720261699e-05,0.0192111355339326,0.0191708938936135,6.591497747776987e-05
11000,12,balanced,40dB,1,1.7850950572591534e-05,1.567097390664949e-05,0.019156673328236,0.0191708938936135,6.271990228454418e-05
11000,12,balanced,40dB,2,1.599019214888081e-05,1.6978091266498918e-05,0.0192070311425428,0.0191708938936135,6.620211143113679e-05
11000,12,balanced,40dB,3,1.968831727364449e-05,1.5859359942311517e-05,0.0192831885395166,0.0191708938936135,6.799052958573588e-05
11000,12,balanced,40dB,4,2.042347504115078e-05,2.038657788384083e-05,0.019180234815529,0.0191708938936135,6.853217466301215e-05
11000,12,balanced,40dB,5,1.5774969805040966e-05,1.6508860015729996e-05,0.0192809144792164,0.0191708938936135,5.998231133710029e-05
11000,12,balanced,40dB,6,1.605432816816953e-05,1.652787117271651e-05,0.0190984200340816,0.0191708938936135,6.669689178340531e-05
11000,12,balanced,40dB,7,1.997051463022465e-05,1.481572849049184e-05,0.0191848965031684,0.0191708938936135,6.407516302649672e-05
11250,5,legacy,clean,0,1.338044766604044e-07,1.0978797554232294e-08,0.0183007098574933,0.0183004769228555,2.9516801221777085e-07
11250,5,legacy,60dB,0,1.650289811295687e-07,2.889300011562728e-08,0.0182973488991341,0.0183004769228555,1.1690821092901217e-06
11250,5,legacy,60dB,1,1.7037111183284577e-07,3.803504682158637e-08,0.0182934213385038,0.0183004769228555,1.1367877186482e-06
11250,5,legacy,60dB,2,1.72684259617873e-07,4.5299483137326506e-08,0.0183071822651038,0.0183004769228555,1.245945982809271e-06
11250,5,legacy,60dB,3,1.679917281596252e-07,3.7330831381898265e-08,0.0182987696976359,0.0183004769228555,1.194097157061663e-06
11250,5,legacy,60dB,4,1.5228817575549742e-07,2.470048962177397e-08,0.0183017408793015,0.0183004769228555,1.24004707457298e-06
11250,5,legacy,60dB,5,1.5754780931906145e-07,4.9358613394345616e-08,0.0183060470562824,0.0183004769228555,1.1470698132043406e-06
11250,5,legacy,60dB,6,1.656000509983341e-07,3.5967975068083764e-08,0.0183067954413184,0.0183004769228555,1.2056545801939089e-06
11250,5,legacy,60dB,7,1.5856394850153756e-07,2.8963647884994857e-08,0.0182976456878071,0.0183004769228555,1.148558716076205e-06
11250,5,legacy,40dB,0,3.31091352800956e-06,1.912140372744783e-06,0.0182699651379081,0.0183004769228555,8.977991867263056e-05
11250,5,legacy,40dB,1,3.667002512551434e-06,2.63413663138564e-06,0.0182309921992823,0.0183004769228555,8.92144091574822e-05
11250,5,legacy,40dB,2,3.890380163892143e-06,2.745089261451046e-06,0.0183688017114559,0.0183004769228555,9.188481185839758e-05
11250,5,legacy,40dB,3,2.877471187277355e-06,2.5971505947445488e-06,0.0182837100531151,0.0183004769228555,9.259574977214796e-05
11250,5,legacy,40dB,4,3.231440826943914e-06,1.9013699611395272e-06,0.0183139328749349,0.0183004769228555,9.347204348130231e-05
11250,5,legacy,40dB,5,2.267975925533953e-06,3.0343912771453468e-06,0.0183559785835061,0.0183004769228555,8.802481358226148e-05
11250,5,legacy,40dB,6,3.4752467737831725e-06,3.1763261606618046e-06,0.0183645891822978,0.0183004769228555,9.150333461103976e-05
11250,5,legacy,40dB,7,3.778371151332018e-06,3.0058184391849583e-06,0.0182734651325878,0.0183004769228555,8.758105764389045e-05
11250,5,balanced,clean,0,1.3749218689465405e-07,1.4142134290911469e-08,0.0183001741284177,0.0183004769228555,3.1693043286213284e-07
11250,5,balanced,60dB,0,1.5211895638542086e-07,3.906703232913892e-08,0.0182978877685862,0.0183004769228555,1.1954653038983198e-06
11250,5,balanced,60dB,1,1.635749729409089e-07,5.8064511747145975e-08,0.0183031789901757,0.0183004769228555,1.2010739457177076e-06
11250,5,balanced,60dB,2,1.5148742577910002e-07,3.63933918171414e-08,0.0183038199304631,0.0183004769228555,1.2264209446037968e-06
11250,5,balanced,60dB,3,1.6309562518853197e-07,3.2307161795901394e-08,0.0182981893783811,0.0183004769228555,1.2178170498387506e-06
11250,5,balanced,60dB,4,1.562996679082248e-07,2.9195603695724906e-08,0.0183034075027011,0.0183004769228555,1.2873957027394608e-06
11250,5,balanced,60dB,5,1.610064554144753e-07,3.4709709049384795e-08,0.0183003210494308,0.0183004769228555,1.203104059042547e-06
11250,5,balanced,60dB,6,1.6707893304891168e-07,4.7995439621637697e-08,0.0183052433525045,0.0183004769228555,1.1800276028262968e-06
11250,5,balanced,60dB,7,1.713262698944244e-07,5.422429980458647e-08,0.0182960647020763,0.0183004769228555,1.2003506852399057e-06
11250,5,balanced,40dB,0,2.693264772074299e-06,2.5838944523788123e-06,0.0182797200349929,0.0183004769228555,8.965363034175511e-05
11250,5,balanced,40dB,1,3.110326941491001e-06,3.132831995099368e-06,0.0183329347528921,0.0183004769228555,8.888072032959506e-05
11250,5,balanced,40dB,2,2.866851106308332e-06,2.4895926815686097e-06,0.0183392215554014,0.0183004769228555,9.0675750265576e-05
11250,5,balanced,40dB,3,3.340266947247456e-06,2.2690630434159985e-06,0.0182832733684295,0.0183004769228555,9.216686381759827e-05
11250,5,balanced,40dB,4,2.2199607274217397e-06,1.6631142368663607e-06,0.0183344022649817,0.0183004769228555,9.507913777941056e-05
11250,5,balanced,40dB,5,2.5664715619057e-06,1.8488086183027172e-06,0.0183038371752384,0.0183004769228555,8.857223211523069e-05
11250,5,balanced,40dB,6,2.548847549860732e-06,2.697584174724875e-06,0.0183529818571862,0.0183004769228555,9.107294233500904e-05
11250,5,balanced,40dB,7,2.9485601951913064e-06,3.2013450493266028e-06,0.0182615525921821,0.0183004769228555,8.893067419127382e-05
11250,8,legacy,clean,0,3.2585668850251676e-11,8.66715019495316e-12,0.0183005011831788,0.0183004769228555,5.1751338458551966e-11
11250,8,legacy,60dB,0,6.706229426878301e-08,6.908434225140836e-08,0.0182953984512848,0.0183004769228555,8.158979574264329e-07
11250,8,legacy,60dB,1,9.378870743372685e-08,9.219058376974344e-08,0.0182863402851023,0.0183004769228555,8.014465906029371e-07
11250,8,legacy,60dB,2,7.902679657300364e-08,7.361940505949336e-08,0.0183065747822331,0.0183004769228555,8.132063634446067e-07
11250,8,legacy,60dB,3,7.273477594976015e-08,6.603214193161894e-08,0.0182981139374525,0.0183004769228555,8.381325941801363e-07
11250,8,legacy,60dB,4,7.575216318505208e-08,8.87494468622654e-08,0.0183015671175324,0.0183004769228555,8.341031607810023e-07
11250,8,legacy,60dB,5,5.649828998093919e-08,7.522518737310523e-08,0.0183080091862637,0.0183004769228555,7.950891554472478e-07
11250,8,legacy,60dB,6,7.196529191179934e-08,9.347834274615393e-08,0.0183012444850481,0.0183004769228555,8.124410689625399e-07
11250,8,legacy,60dB,7,7.962463164420905e-08,7.694932146762335e-08,0.018299193541601,0.0183004769228555,7.931000921808907e-07
11250,8,legacy,40dB,0,6.696155250934783e-06,6.895952199084085e-06,0.0182554996898181,0.0183004769228555,8.16072189616076e-05
11250,8,legacy,40dB,1,9.383099393415812e-06,9.217320333068809e-06,0.0181673377080042,0.0183004769228555,8.016311165137894e-05
11250,8,legacy,40dB,2,7.923559527470621e-06,7.369866814832896e-06,0.0183683707585547,0.0183004769228555,8.131090235429222e-05
11250,8,legacy,40dB,3,7.283675575187893e-06,6.596497850534612e-06,0.0182831853470023,0.0183004769228555,8.382770941564214e-05
11250,8,legacy,40dB,4,7.58915991228736e-06,8.917669367075846e-06,0.0183179924582664,0.0183004769228555,8.342339565559538e-05
11250,8,legacy,40dB,5,5.651367592262033e-06,7.520168337877503e-06,0.0183806678919916,0.0183004769228555,7.950927853523623e-05
11250,8,legacy,40dB,6,7.201421308791979e-06,9.352043130790556e-06,0.0183144162635327,0.0183004769228555,8.12478505710705e-05
11250,8,legacy,40dB,7,7.970032558436087e-06,7.691438922889375e-06,0.0182945988469138,0.0183004769228555,7.928081389123655e-05
11250,8,balanced,clean,0,3.330377621793566e-11,1.8489907320249178e-11,0.0183003053415152,0.0183004769228555,5.479951781422592e-11
11250,8,balanced,60dB,0,6.7284883034523e-08,8.235093126777228e-08,0.0182990139276144,0.0183004769228555,7.989991210888127e-07
11250,8,balanced,60dB,1,6.833144747640715e-08,7.091068054668844e-08,0.0183081377361229,0.0183004769228555,7.859360234747675e-07
11250,8,balanced,60dB,2,6.874544285241821e-08,7.827590020517953e-08,0.0183015165547138,0.0183004769228555,8.067691602376818e-07
11250,8,balanced,60dB,3,7.330370151631283e-08,7.642405045704634e-08,0.0182973356350402,0.0183004769228555,8.260253320126452e-07
11250,8,balanced,60dB,4,5.648243466445287e-08,5.753730448000282e-08,0.0183072398421191,0.0183004769228555,8.575014591492712e-07
11250,8,balanced,60dB,5,6.46507019360453e-08,6.750989471950258e-08,0.0182991642390271,0.0183004769228555,7.83882363313382e-07
11250,8,balanced,60dB,6,6.94673835901101e-08,7.919636745005326e-08,0.0183062847548216,0.0183004769228555,8.13309903984081e-07
11250,8,balanced,60dB,7,6.384597785740862e-08,7.823382247801415e-08,0.0182932368305963,0.0183004769228555,8.021756400768647e-07
11250,8,balanced,40dB,0,6.7377952473994695e-06,8.220767323562314e-06,0.0182934564486589,0.0183004769228555,7.990419597217248e-05
11250,8,balanced,40dB,1,6.817333018317868e-06,7.071058973571212e-06,0.0183847636058697,0.0183004769228555,7.86051345499771e-05
11250,8,balanced,40dB,2,6.877278377217454e-06,7.846327766396304e-06,0.018318607597185,0.0183004769228555,8.066726785007168e-05
11250,8,balanced,40dB,3,7.32063766328015e-06,7.618006700250872e-06,0.0182771961771472,0.0183004769228555,8.259281642936464e-05
11250,8,balanced,40dB,4,5.6517017427365386e-06,5.742086276138855e-06,0.0183747375246849,0.0183004769228555,8.571142230781812e-05
11250,8,balanced,40dB,5,6.472313764492729e-06,6.75548951819769e-06,0.0182947204231136,0.0183004769228555,7.8327827763068e-05
11250,8,balanced,40dB,6,6.920925121154731e-06,7.874694030290948e-06,0.0183663260255986,0.0183004769228555,8.135094691020674e-05
11250,8,balanced,40dB,7,6.387839482157861e-06,7.812804402299738e-06,0.018235369911764,0.0183004769228555,8.021261912481939e-05
11250,12,legacy,clean,0,4.615841919976425e-18,2.596007145211839e-18,0.0183004769162986,0.0183004769228555,3.850829755517997e-18
11250,12,legacy,60dB,0,2.193937892953485e-07,2.096384294947007e-07,0.0182982773712277,0.0183004769228555,6.267304102614901e-07
11250,12,legacy,60dB,1,2.3501084969448522e-07,2.191330723092358e-07,0.0182888398235676,0.0183004769228555,6.253899153953153e-07
11250,12,legacy,60dB,2,2.3074176661935813e-07,2.139723540862375e-07,0.0183093114167892,0.0183004769228555,6.367459477078576e-07
11250,12,legacy,60dB,3,1.709158971755097e-07,1.676820587434122e-07,0.0183006663118794,0.0183004769228555,6.719490752625462e-07
11250,12,legacy,60dB,4,2.160949409995157e-07,2.0124857222907489e-07,0.0182918235510579,0.0183004769228555,6.657671258272724e-07
11250,12,legacy,60dB,5,1.854409834000082e-07,1.966631814411354e-07,0.0183110815285982,0.0183004769228555,6.181381359376766e-07
11250,12,legacy,60dB,6,1.9080450294002577e-07,1.919319700029916e-07,0.0182958920512379,0.0183004769228555,6.402341412660828e-07
11250,12,legacy,60dB,7,2.1092446001658773e-07,1.905726435456885e-07,0.0183101596398386,0.0183004769228555,6.287037561054739e-07
11250,12,legacy,40dB,0,2.193936092456112e-05,2.096383735187528e-05,0.0182982268886203,0.0183004769228555,6.267303885620012e-05
11250,12,legacy,40dB,1,2.3501090397128667e-05,2.1913321493404057e-05,0.0182052569708883,0.0183004769228555,6.253900085056161e-05
11250,12,legacy,40dB,2,2.307417395027478e-05,2.13972173942937e-05,0.0184095886774888,0.0183004769228555,6.367459695500455e-05
11250,12,legacy,40dB,3,1.7091603820143624e-05,1.6768214702050507e-05,0.018317753316954,0.0183004769228555,6.719490243737508e-05
11250,12,legacy,40dB,4,2.1609463447265173e-05,2.012484678419089e-05,0.0182333917779281,0.0183004769228555,6.657671386128014e-05
11250,12,legacy,40dB,5,1.854409558063715e-05,1.9666322127291232e-05,0.018423212725041,0.0183004769228555,6.18138059274894e-05
11250,12,legacy,40dB,6,1.9080446789269177e-05,1.9193187275893893e-05,0.0182718006674513,0.0183004769228555,6.40234228541048e-05
11250,12,legacy,40dB,7,2.1092459240230737e-05,1.905727760845019e-05,0.0184162873663378,0.0183004769228555,6.287038504671887e-05
11250,12,balanced,clean,0,4.73731071729188e-18,3.4925573525027725e-18,0.0183004768992188,0.0183004769228555,3.685074810284796e-18
11250,12,balanced,60dB,0,1.6035122756625164e-07,1.7066764895556706e-07,0.0182981906935176,0.0183004769228555,6.273613789355295e-07
11250,12,balanced,60dB,1,1.605642642444331e-07,1.669698837347907e-07,0.0183080742570637,0.0183004769228555,6.220158998333563e-07
11250,12,balanced,60dB,2,1.798550578068666e-07,1.723130215390107e-07,0.0183032398118522,0.0183004769228555,6.401103882365292e-07
11250,12,balanced,60dB,3,1.7954355386123227e-07,1.65238732458469e-07,0.0182970507746673,0.0183004769228555,6.579101799276709e-07
11250,12,balanced,60dB,4,1.6549469327704239e-07,1.5968856296837205e-07,0.0183112436385843,0.0183004769228555,6.69485801481851e-07
11250,12,balanced,60dB,5,1.7390535238557093e-07,1.6100230701390672e-07,0.0183030554107509,0.0183004769228555,6.123394446414623e-07
11250,12,balanced,60dB,6,1.795583178192994e-07,1.891005843926499e-07,0.0183050126984599,0.0183004769228555,6.420692751500526e-07
11250,12,balanced,60dB,7,1.5807528332755525e-07,1.653262183734418e-07,0.0182945173864163,0.0183004769228555,6.187937157797996e-07
11250,12,balanced,40dB,0,1.603512187491684e-05,1.7066753052473585e-05,0.0182920464518059,0.0183004769228555,6.273612429958357e-05
11250,12,balanced,40dB,1,1.6056422679806988e-05,1.669697365378468e-05,0.018390901257705,0.0183004769228555,6.220159075663648e-05
11250,12,balanced,40dB,2,1.7985530891493826e-05,1.723132780980268e-05,0.0183442930058661,0.0183004769228555,6.40110508866735e-05
11250,12,balanced,40dB,3,1.795436670204448e-05,1.6523879298042128e-05,0.018282374584867,0.0183004769228555,6.579101614975203e-05
11250,12,balanced,40dB,4,1.6549465696481815e-05,1.5968846043495255e-05,0.0184230388116377,0.0183004769228555,6.694858312659293e-05
11250,12,balanced,40dB,5,1.739053133478106e-05,1.610021938484189e-05,0.0183419134923507,0.0183004769228555,6.123395217920549e-05
11250,12,balanced,40dB,6,1.7955825914518556e-05,1.8910058969875644e-05,0.0183619951343665,0.0183004769228555,6.420693386649346e-05
11250,12,balanced,40dB,7,1.5807519711647666e-05,1.6532618164236545e-05,0.0182551085380727,0.0183004769228555,6.187936243941962e-05
11500,5,legacy,clean,0,1.681987969289481e-07,1.6827788526112008e-08,0.0174790854074505,0.0174739546838501,3.730759979752954e-07
11500,5,legacy,60dB,0,1.9742961692632306e-07,3.5268848030135627e-08,0.0174806931905398,0.0174739546838501,1.2690842625051005e-06
11500,5,legacy,60dB,1,2.107213113092156e-07,6.344341076042466e-08,0.017472890549688,0.0174739546838501,1.341428242912519e-06
11500,5,legacy,60dB,2,1.995929985325318e-07,4.8685240812172346e-08,0.0174767467385044,0.0174739546838501,1.3131048297887222e-06
11500,5,legacy,60dB,3,2.007830099606211e-07,4.6816967402958945e-08,0.0174843621653132,0.0174739546838501,1.3614158637422182e-06
11500,5,legacy,60dB,4,1.9583400286672518e-07,6.152325176411375e-08,0.0174665417369149,0.0174739546838501,1.350034407232446e-06
11500,5,legacy,60dB,5,1.9322141974044448e-07,4.1867202967051486e-08,0.0174737998469315,0.0174739546838501,1.2485767742500937e-06
11500,5,legacy,60dB,6,1.931704761130605e-07,4.2590917666409634e-08,0.0174778812683449,0.0174739546838501,1.3328819660090616e-06
11500,5,legacy,60dB,7,1.9429956646530778e-07,4.9225181460010406e-08,0.0174695877331375,0.0174739546838501,1.2846262715329585e-06
11500,5,legacy,40dB,0,3.152170405693307e-06,2.6174770305717737e-06,0.017497854901752,0.0174739546838501,9.360345811119154e-05
11500,5,legacy,40dB,1,4.262753385441853e-06,4.457454492980688e-06,0.0174208061592703,0.0174739546838501,9.703055676326824e-05
11500,5,legacy,40dB,2,3.021994979523422e-06,2.736049007569095e-06,0.0174582385721555,0.0174739546838501,9.512251831072008e-05
11500,5,legacy,40dB,3,2.956832565934368e-06,2.8495078035605533e-06,0.0175343157777154,0.0174739546838501,9.636097093791472e-05
11500,5,legacy,40dB,4,3.0981830622126934e-06,3.5615015605645283e-06,0.0173563023343001,0.0174739546838501,9.598114564422636e-05
11500,5,legacy,40dB,5,2.4700436458704004e-06,2.488045174696398e-06,0.0174282814208808,0.0174739546838501,9.038156057661888e-05
11500,5,legacy,40dB,6,2.766473223774971e-06,2.5461563646206e-06,0.0174693925740298,0.0174739546838501,9.414916806965292e-05
11500,5,legacy,40dB,7,3.2938170201877534e-06,3.533764081556016e-06,0.017386973274848,0.0174739546838501,9.20328508963173e-05
11500,5,balanced,clean,0,1.758688608189548e-07,2.649095743640007e-08,0.0174753943294498,0.0174739546838501,4.035523980384432e-07
11500,5,balanced,60dB,0,2.141533318521529e-07,6.386499286890071e-08,0.0174693416157144,0.0174739546838501,1.3171058256001924e-06
11500,5,balanced,60dB,1,2.010757281137609e-07,5.9496390779097197e-08,0.0174695577392757,0.0174739546838501,1.3804269675073836e-06
11500,5,balanced,60dB,2,2.0501681208547038e-07,5.213072772675896e-08,0.0174687740436053,0.0174739546838501,1.4117570927891952e-06
11500,5,balanced,60dB,3,1.92124899126666e-07,4.997788955804043e-08,0.0174849688448243,0.0174739546838501,1.3534835765332038e-06
11500,5,balanced,60dB,4,2.020107737060837e-07,4.606754676064082e-08,0.0174774742444912,0.0174739546838501,1.2910450427579909e-06
11500,5,balanced,60dB,5,2.0696773484567165e-07,6.499393518500794e-08,0.0174870194397402,0.0174739546838501,1.3279911390297645e-06
11500,5,balanced,60dB,6,2.098294153795441e-07,6.281651165052043e-08,0.0174593416056468,0.0174739546838501,1.3076533217866808e-06
11500,5,balanced,60dB,7,2.057101258681751e-07,6.64072758584773e-08,0.017476036890493,0.0174739546838501,1.3221590517877517e-06
11500,5,balanced,40dB,0,3.671766521000558e-06,3.274974332828442e-06,0.0174179802450454,0.0174739546838501,9.245368175115292e-05
11500,5,balanced,40dB,1,3.3464746918961937e-06,3.118738876401521e-06,0.0174199469648671,0.0174739546838501,9.839233740170503e-05
11500,5,balanced,40dB,2,3.055415141180208e-06,2.994439069033696e-06,0.0174117795377721,0.0174739546838501,9.491519559223972e-05
11500,5,balanced,40dB,3,2.690854331841963e-06,2.845371015727415e-06,0.0175734919082827,0.0174739546838501,9.69444721890702e-05
11500,5,balanced,40dB,4,2.9463576280716093e-06,2.548054895138686e-06,0.017498702549502,0.0174739546838501,9.5620720281465e-05
11500,5,balanced,40dB,5,2.6064624543764874e-06,2.6902725270693405e-06,0.0175937650372065,0.0174739546838501,9.118765273069415e-05
11500,5,balanced,40dB,6,3.203394941191633e-06,3.492373339154385e-06,0.0173175550119541,0.0174739546838501,9.261243751367712e-05
11500,5,balanced,40dB,7,2.968630174232244e-06,3.303430518947113e-06,0.0174843142885453,0.0174739546838501,9.213779827255684e-05
11500,8,legacy,clean,0,4.8911713551300746e-11,1.6409761686010934e-11,0.0174736781710185,0.0174739546838501,7.155841399287976e-11
11500,8,legacy,60dB,0,8.031413524734013e-08,8.887627946829316e-08,0.0174730927323068,0.0174739546838501,8.320597897675631e-07
11500,8,legacy,60dB,1,9.029205182896692e-08,9.08093754358121e-08,0.0174662747607603,0.0174739546838501,8.61509441661352e-07
11500,8,legacy,60dB,2,7.506631675449657e-08,7.385240018067926e-08,0.0174727723746555,0.0174739546838501,8.474610098879175e-07
11500,8,legacy,60dB,3,7.386682180119067e-08,7.686776516496474e-08,0.0174789933752184,0.0174739546838501,8.680004597120268e-07
11500,8,legacy,60dB,4,7.533975690103778e-08,8.023124250175156e-08,0.017463229264598,0.0174739546838501,8.53416936098476e-07
11500,8,legacy,60dB,5,7.479002436266019e-08,8.59227499855893e-08,0.0174718814924188,0.0174739546838501,8.164344144515748e-07
11500,8,legacy,60dB,6,6.128682527295107e-08,6.230535801459945e-08,0.0174748320768062,0.0174739546838501,8.518269728168689e-07
11500,8,legacy,60dB,7,8.61700777260262e-08,9.093806072897345e-08,0.017461856501358,0.0174739546838501,8.237317798758535e-07
11500,8,legacy,40dB,0,8.033242400306075e-06,8.90216652294193e-06,0.017475054325156,0.0174739546838501,8.316235272054955e-05
11500,8,legacy,40dB,1,9.005674190066876e-06,9.085897211780216e-06,0.0174077472623142,0.0174739546838501,8.612541835736411e-05
11500,8,legacy,40dB,2,7.505731388526898e-06,7.377585128994387e-06,0.0174713757158162,0.0174739546838501,8.478791122155942e-05
11500,8,legacy,40dB,3,7.378591036387497e-06,7.687664859285476e-06,0.0175334705760422,0.0174739546838501,8.678930577261533e-05
11500,8,legacy,40dB,4,7.534675034786729e-06,8.028595693102615e-06,0.0173759708244849,0.0174739546838501,8.528417404262536e-05
11500,8,legacy,40dB,5,7.4839526909856126e-06,8.60646641476246e-06,0.0174624478776744,0.0174739546838501,8.168307567486222e-05
11500,8,legacy,40dB,6,6.107070877540738e-06,6.229880832546387e-06,0.0174907118717268,0.0174739546838501,8.518186197708958e-05
11500,8,legacy,40dB,7,8.570891209160748e-06,9.047048603045005e-06,0.0173631711050515,0.0174739546838501,8.243299257589172e-05
11500,8,balanced,clean,0,4.705099725644637e-11,1.531536442197064e-11,0.0174739694828155,0.0174739546838501,7.644044787408536e-11
11500,8,balanced,60dB,0,7.86728897570876e-08,7.661879789068598e-08,0.0174681969594569,0.0174739546838501,8.311406765376599e-07
11500,8,balanced,60dB,1,7.190277390129449e-08,8.368652464616142e-08,0.0174679759172502,0.0174739546838501,8.853879209522825e-07
11500,8,balanced,60dB,2,8.295458732978312e-08,7.683288399651708e-08,0.0174720264020673,0.0174739546838501,8.38948768898383e-07
11500,8,balanced,60dB,3,5.918349036492276e-08,5.7399615690479286e-08,0.0174815901817514,0.0174739546838501,8.958916143791242e-07
11500,8,balanced,60dB,4,6.418220740284385e-08,6.638384138867005e-08,0.017478528417607,0.0174739546838501,8.717215629639029e-07
11500,8,balanced,60dB,5,6.63557426298667e-08,6.962695236497697e-08,0.017485072859947,0.0174739546838501,8.012052578218043e-07
11500,8,balanced,60dB,6,6.426481186452165e-08,7.253423316720268e-08,0.0174556316051062,0.0174739546838501,8.380643220263562e-07
11500,8,balanced,60dB,7,6.668720815524698e-08,7.654821982729785e-08,0.0174753031556932,0.0174739546838501,8.209366295065886e-07
11500,8,balanced,40dB,0,7.854270872212753e-06,7.670746676163258e-06,0.0174233122146635,0.0174739546838501,8.308836671186704e-05
11500,8,balanced,40dB,1,7.167469860938139e-06,8.362604484466262e-06,0.0174204826927437,0.0174739546838501,8.856670146359553e-05
11500,8,balanced,40dB,2,8.276316611874364e-06,7.657139439976407e-06,0.0174619858695307,0.0174739546838501,8.385803452630279e-05
11500,8,balanced,40dB,3,5.924179863285265e-06,5.749223272321155e-06,0.0175555092405932,0.0174739546838501,8.95605767979302e-05
11500,8,balanced,40dB,4,6.422208411279475e-06,6.624398386477886e-06,0.0175253396405269,0.0174739546838501,8.715047408028714e-05
11500,8,balanced,40dB,5,6.635931782652847e-06,6.97282411892876e-06,0.017590976051946,0.0174739546838501,8.016755316062984e-05
11500,8,balanced,40dB,6,6.435276229951466e-06,7.271012450077567e-06,0.0172963837572925,0.0174739546838501,8.387867219274455e-05
11500,8,balanced,40dB,7,6.658382126028173e-06,7.649282998833153e-06,0.0174932981450965,0.0174739546838501,8.20204056414107e-05
11500,12,legacy,clean,0,7.18179610716605e-18,5.402278793282016e-18,0.0174739546132363,0.0174739546838501,6.422930378706268e-18
11500,12,legacy,60dB,0,2.1680930911474827e-07,2.288089377676463e-07,0.0174735583250493,0.0174739546838501,6.583255630692865e-07
11500,12,legacy,60dB,1,2.4301253564680965e-07,2.669000898709772e-07,0.0174657148911566,0.0174739546838501,6.650254364710806e-07
11500,12,legacy,60dB,2,2.155398398254099e-07,2.7041672375501624e-07,0.0174620963143113,0.0174739546838501,6.731732169076401e-07
11500,12,legacy,60dB,3,2.1784797032674458e-07,2.0875854980560322e-07,0.0174763621175761,0.0174739546838501,6.762976736237539e-07
11500,12,legacy,60dB,4,2.1290538900090505e-07,2.4037525981771485e-07,0.0174670313344547,0.0174739546838501,6.681819201881489e-07
11500,12,legacy,60dB,5,1.6906435494575506e-07,1.998758853568674e-07,0.017471090698851,0.0174739546838501,6.542492485307155e-07
11500,12,legacy,60dB,6,1.811188611217827e-07,2.132832368954675e-07,0.0174761912243555,0.0174739546838501,6.799854807248984e-07
11500,12,legacy,60dB,7,2.094733497443789e-07,2.2338076620440867e-07,0.0174576593385189,0.0174739546838501,6.608946421784313e-07
11500,12,legacy,40dB,0,2.1680931093945054e-05,2.288089335098513e-05,0.017489504569369,0.0174739546838501,6.583254830887392e-05
11500,12,legacy,40dB,1,2.430126465621624e-05,2.6690039554066592e-05,0.0174134285317385,0.0174739546838501,6.65025411778713e-05
11500,12,legacy,40dB,2,2.1553957052359887e-05,2.7041620612478645e-05,0.0173747701826398,0.0174739546838501,6.731732008966093e-05
11500,12,legacy,40dB,3,2.178480665669492e-05,2.0875854581607704e-05,0.0175176359835883,0.0174739546838501,6.76297665642791e-05
11500,12,legacy,40dB,4,2.1290539549714827e-05,2.4037538077866267e-05,0.0174238833110799,0.0174739546838501,6.681818350055082e-05
11500,12,legacy,40dB,5,1.690643294588615e-05,1.998759015165545e-05,0.0174605312587801,0.0174739546838501,6.542493336614647e-05
11500,12,legacy,40dB,6,1.811188645299449e-05,2.1328320154864828e-05,0.0175126214222704,0.0174739546838501,6.799854797380046e-05
11500,12,legacy,40dB,7,2.0947333064432924e-05,2.233807438408037e-05,0.0173298544656289,0.0174739546838501,6.608945317322671e-05
11500,12,balanced,clean,0,7.38466791035734e-18,5.00827408062453e-18,0.017473954786996,0.0174739546838501,6.132852665244762e-18
11500,12,balanced,60dB,0,1.9072677785174345e-07,1.8119969858245805e-07,0.017472244393817,0.0174739546838501,6.520624472241538e-07
11500,12,balanced,60dB,1,1.8157166367005698e-07,2.0708323966833914e-07,0.0174690893633088,0.0174739546838501,6.867347630305392e-07
11500,12,balanced,60dB,2,2.000458359483571e-07,1.948304795816359e-07,0.0174688625738212,0.0174739546838501,6.62419226242254e-07
11500,12,balanced,60dB,3,1.8765871293749333e-07,1.9707479126041696e-07,0.0174822095684048,0.0174739546838501,7.004905977091176e-07
11500,12,balanced,60dB,4,1.8463426728249425e-07,2.0036431142088484e-07,0.017471669324549,0.0174739546838501,6.811222053141355e-07
11500,12,balanced,60dB,5,1.4991949877895978e-07,1.6859643628418334e-07,0.0174847209756209,0.0174739546838501,6.519769907376407e-07
11500,12,balanced,60dB,6,1.472608011737589e-07,1.7877375674591108e-07,0.0174589053866381,0.0174739546838501,6.639899234058945e-07
11500,12,balanced,60dB,7,1.6951487847659667e-07,2.0510716740900106e-07,0.0174728718225109,0.0174739546838501,6.39777769329789e-07
11500,12,balanced,40dB,0,1.907267768436271e-05,1.811998384282137e-05,0.0174740162651117,0.0174739546838501,6.520623971395245e-05
11500,12,balanced,40dB,1,1.8157160317347104e-05,2.070830144781042e-05,0.0174416419938049,0.0174739546838501,6.867347675192197e-05
11500,12,balanced,40dB,2,2.000458362467953e-05,1.948306280103744e-05,0.0174410367805136,0.0174739546838501,6.624191820166714e-05
11500,12,balanced,40dB,3,1.876586985689751e-05,1.970747360523171e-05,0.0175733918838118,0.0174739546838501,7.004905518383205e-05
11500,12,balanced,40dB,4,1.8463438880534436e-05,2.0036457028507703e-05,0.0174677172587332,0.0174739546838501,6.811220768847373e-05
11500,12,balanced,40dB,5,1.499194803322411e-05,1.685964146260193e-05,0.0175951094262905,0.0174739546838501,6.519769555785076e-05
11500,12,balanced,40dB,6,1.472608565681628e-05,1.7877372442285127e-05,0.0173367142610615,0.0174739546838501,6.639899836796276e-05
11500,12,balanced,40dB,7,1.6951503422071463e-05,2.051071444948173e-05,0.0174783814967819,0.0174739546838501,6.397778779417058e-05
11750,5,legacy,clean,0,2.1224472324443018e-07,2.4063608396213515e-08,0.0166892385524244,0.0166908293098576,4.689355238232414e-07
11750,5,legacy,60dB,0,2.5235659572569426e-07,6.515656236702662e-08,0.0166944928088113,0.0166908293098576,1.4126406399657245e-06
11750,5,legacy,60dB,1,2.5250024277959493e-07,6.607348477776338e-08,0.016697451329883,0.0166908293098576,1.4664765978472396e-06
11750,5,legacy,60dB,2,2.4225130362294536e-07,5.8561074469654326e-08,0.016681371513826,0.0166908293098576,1.4624454762080628e-06
11750,5,legacy,60dB,3,2.436330113952636e-07,4.7269532095681367e-08,0.0166882469638573,0.0166908293098576,1.4887423593825568e-06
11750,5,legacy,60dB,4,2.442157407767594e-07,5.3703336990292095e-08,0.0166978073197168,0.0166908293098576,1.4208652963294386e-06
11750,5,legacy,60dB,5,2.454950312465068e-07,5.4034956405554895e-08,0.0166938591369733,0.0166908293098576,1.3854030295672086e-06
11750,5,legacy,60dB,6,2.422019074924189e-07,6.829054261139912e-08,0.0166904707230891,0.0166908293098576,1.41323640156285e-06
11750,5,legacy,60dB,7,2.3200747519929573e-07,3.2387337149182615e-08,0.0166838854464385,0.0166908293098576,1.3855996299861843e-06
11750,5,legacy,40dB,0,3.573301419656972e-06,3.907068754430167e-06,0.0167447410542656,0.0166908293098576,9.350730501457936e-05
11750,5,legacy,40dB,1,4.0146809339847e-06,3.880106840988994e-06,0.0167747662080262,0.0166908293098576,9.706100032119846e-05
11750,5,legacy,40dB,2,2.9249809641133363e-06,2.670454989817119e-06,0.0166129808368779,0.0166908293098576,9.263378923462812e-05
11750,5,legacy,40dB,3,3.547391515312956e-06,3.5511267647837264e-06,0.0166823439306636,0.0166908293098576,9.830190562592493e-05
11750,5,legacy,40dB,4,3.43313363519127e-06,3.0617845142369757e-06,0.0167778274040853,0.0166908293098576,9.151639822118533e-05
11750,5,legacy,40dB,5,3.845291559333339e-06,3.4744266751797006e-06,0.0167387449416697,0.0166908293098576,9.524176573324114e-05
11750,5,legacy,40dB,6,3.2497576951964373e-06,3.364331184167017e-06,0.016704298200201,0.0166908293098576,9.321381000964438e-05
11750,5,legacy,40dB,7,2.5734541934454e-06,2.102693714054225e-06,0.0166378710745163,0.0166908293098576,9.27740658589854e-05
11750,5,balanced,clean,0,2.127400263856278e-07,3.6808511479046314e-08,0.0166896266314189,0.0166908293098576,5.13060449938324e-07
11750,5,balanced,60dB,0,2.4201203434290324e-07,6.947154212407146e-08,0.0166855236486306,0.0166908293098576,1.4439814885765845e-06
11750,5,balanced,60dB,1,2.46604589645664e-07,7.805793053447631e-08,0.016681467032144,0.0166908293098576,1.4798000980017872e-06
11750,5,balanced,60dB,2,2.356723521404161e-07,6.31508813036957e-08,0.0166942474956103,0.0166908293098576,1.4852290527426214e-06
11750,5,balanced,60dB,3,2.517803944491158e-07,8.123290319390347e-08,0.0166840883760614,0.0166908293098576,1.529379372156307e-06
11750,5,balanced,60dB,4,2.427226517489143e-07,7.001829862321658e-08,0.0166860650692496,0.0166908293098576,1.417664412529992e-06
11750,5,balanced,60dB,5,2.5340703283457894e-07,6.661068353710857e-08,0.0166935591448753,0.0166908293098576,1.4267159000990206e-06
11750,5,balanced,60dB,6,2.398524167492031e-07,5.0340183409595846e-08,0.0166905670362976,0.0166908293098576,1.431964724111512e-06
11750,5,balanced,60dB,7,2.423690048633381e-07,5.44588943934913e-08,0.0166975318740219,0.0166908293098576,1.4422020866120807e-06
11750,5,balanced,40dB,0,2.9369459708117493e-06,3.820584418014534e-06,0.0166510282894016,0.0166908293098576,9.375488018297858e-05
11750,5,balanced,40dB,1,2.913384071593338e-06,2.9810896833395434e-06,0.0166103926370831,0.0166908293098576,9.78494130542318e-05
11750,5,balanced,40dB,2,2.916747578815846e-06,3.4572623420044125e-06,0.0167383099576281,0.0166908293098576,9.215683048589872e-05
11750,5,balanced,40dB,3,3.5197988288214294e-06,4.257108751182968e-06,0.0166371607329663,0.0166908293098576,9.881761270546476e-05
11750,5,balanced,40dB,4,2.7664563433014974e-06,2.6201423949378166e-06,0.0166562648997893,0.0166908293098576,9.108517082205224e-05
11750,5,balanced,40dB,5,3.5075550435612675e-06,2.7000011826993666e-06,0.0167318399109358,0.0166908293098576,9.37466913284912e-05
11750,5,balanced,40dB,6,3.249836250186684e-06,2.601143068753002e-06,0.0167017966525257,0.0166908293098576,9.32071303952404e-05
11750,5,balanced,40dB,7,3.4729478650242104e-06,2.7367660040755923e-06,0.0167716429755031,0.0166908293098576,9.139685792038333e-05
11750,8,legacy,clean,0,6.328075153571873e-11,2.5740000128738665e-11,0.0166911638688214,0.0166908293098576,9.845873655469469e-11
11750,8,legacy,60dB,0,7.781667128426297e-08,6.867293508915797e-08,0.0166971350049931,0.0166908293098576,8.445061166631067e-07
11750,8,legacy,60dB,1,7.715117088904072e-08,6.462467564920411e-08,0.0167007158806477,0.0166908293098576,8.802434799206256e-07
11750,8,legacy,60dB,2,7.427351602618582e-08,4.9152693605944323e-08,0.016681493163994,0.0166908293098576,8.190346897287035e-07
11750,8,legacy,60dB,3,9.283893538622653e-08,6.681079328477726e-08,0.016688220338704,0.0166908293098576,8.584165947882967e-07
11750,8,legacy,60dB,4,6.683064784882204e-08,4.824353741975348e-08,0.0167004666746835,0.0166908293098576,8.290408154414708e-07
11750,8,legacy,60dB,5,8.685818824605312e-08,7.845784183684518e-08,0.0166938895720809,0.0166908293098576,8.579790946551466e-07
11750,8,legacy,60dB,6,6.678636641601768e-08,5.610190342837784e-08,0.0166898465904072,0.0166908293098576,8.543711048443046e-07
11750,8,legacy,60dB,7,6.409720503461846e-08,6.059958863150884e-08,0.0166864723268279,0.0166908293098576,8.282840788652122e-07
11750,8,legacy,40dB,0,7.783341951107512e-06,6.883232899941637e-06,0.016757880975303,0.0166908293098576,8.450026057773992e-05
11750,8,legacy,40dB,1,7.705090156984283e-06,6.487063069873879e-06,0.0167936181350587,0.0166908293098576,8.795960027142121e-05
11750,8,legacy,40dB,2,7.428429427357077e-06,4.93830904393541e-06,0.0166011430843408,0.0166908293098576,8.184566448762385e-05
11750,8,legacy,40dB,3,9.268794839833212e-06,6.696166194589759e-06,0.0166700695426598,0.0166908293098576,8.582849274376001e-05
11750,8,legacy,40dB,4,6.682524155544119e-06,4.844707164387639e-06,0.0167902067146456,0.0166908293098576,8.290970470215896e-05
11750,8,legacy,40dB,5,8.668688527176606e-06,7.826471957457923e-06,0.0167262215775876,0.0166908293098576,8.583488682934006e-05
11750,8,legacy,40dB,6,6.691426624383882e-06,5.610789981953675e-06,0.0166840152171664,0.0166908293098576,8.541156027979512e-05
11750,8,legacy,40dB,7,6.413597759641672e-06,6.072095680390472e-06,0.0166500216441221,0.0166908293098576,8.278793451653128e-05
11750,8,balanced,clean,0,6.831060654424976e-11,1.0282290772593353e-11,0.0166910485590227,0.0166908293098576,1.0660691061778472e-10
11750,8,balanced,60dB,0,6.185974309203964e-08,5.958345388290025e-08,0.0166869699108151,0.0166908293098576,8.517894591351303e-07
11750,8,balanced,60dB,1,7.235814411107566e-08,5.499740558936482e-08,0.0166831450178737,0.0166908293098576,8.832514315937857e-07
11750,8,balanced,60dB,2,6.903031155460097e-08,7.072467875061781e-08,0.0166936518118784,0.0166908293098576,8.23310612646926e-07
11750,8,balanced,60dB,3,6.969623925925284e-08,7.439921890008262e-08,0.0166875767843392,0.0166908293098576,8.827342702338776e-07
11750,8,balanced,60dB,4,6.005746836540256e-08,5.0274987504953706e-08,0.0166872551356827,0.0166908293098576,8.297512470241621e-07
11750,8,balanced,60dB,5,7.655925393025824e-08,5.468449822533896e-08,0.0166978313245663,0.0166908293098576,8.437029607356013e-07
11750,8,balanced,60dB,6,7.145332756784597e-08,5.628489139752662e-08,0.016691072803143,0.0166908293098576,8.310648526435654e-07
11750,8,balanced,60dB,7,7.72908403739788e-08,5.6151005392282116e-08,0.0167008544357153,0.0166908293098576,8.208556613860671e-07
11750,8,balanced,40dB,0,6.171026375501674e-06,5.9510931279660096e-06,0.0166558151206866,0.0166908293098576,8.512401921020823e-05
11750,8,balanced,40dB,1,7.210247874147658e-06,5.486974357545207e-06,0.016618500428761,0.0166908293098576,8.830407938506558e-05
11750,8,balanced,40dB,2,6.925933061329454e-06,7.08292080331744e-06,0.0167233173323204,0.0166908293098576,8.224690742625455e-05
11750,8,balanced,40dB,3,6.971383350282408e-06,7.432138270535978e-06,0.0166626058479405,0.0166908293098576,8.832441451764493e-05
11750,8,balanced,40dB,4,5.992902538043175e-06,5.0029684477771e-06,0.0166585072682719,0.0166908293098576,8.294498676632568e-05
11750,8,balanced,40dB,5,7.646158583436895e-06,5.479392134593807e-06,0.0167657573952976,0.0166908293098576,8.434253197215743e-05
11750,8,balanced,40dB,6,7.156138290403098e-06,5.635452009524627e-06,0.0166977332200359,0.0166908293098576,8.313423146859775e-05
11750,8,balanced,40dB,7,7.723713842222458e-06,5.6254240831883375e-06,0.016796058746182,0.0166908293098576,8.202097196282409e-05
11750,12,legacy,clean,0,1.1489761387089004e-17,9.093241523571439e-18,0.016690829459072,0.0166908293098576,1.0568632093502736e-17
11750,12,legacy,60dB,0,2.0382047819674746e-07,2.0389366004455875e-07,0.0166873843575979,0.0166908293098576,6.651851407110443e-07
11750,12,legacy,60dB,1,2.198535059050272e-07,2.0508942957387825e-07,0.0167059581404561,0.0166908293098576,6.773984462648401e-07
11750,12,legacy,60dB,2,2.1355641990355005e-07,1.6921945298051528e-07,0.0166922853981965,0.0166908293098576,6.179144628742347e-07
11750,12,legacy,60dB,3,2.731998802303783e-07,2.425429241218896e-07,0.0166958388907285,0.0166908293098576,6.385134477976967e-07
11750,12,legacy,60dB,4,1.877706300772284e-07,1.908243456359224e-07,0.0166962135779723,0.0166908293098576,6.402379625814053e-07
11750,12,legacy,60dB,5,2.311406303615093e-07,2.0875425351729118e-07,0.0166801314816681,0.0166908293098576,6.751788276691934e-07
11750,12,legacy,60dB,6,1.834948044366885e-07,1.5522148836036374e-07,0.0166932446636986,0.0166908293098576,6.870097562831168e-07
11750,12,legacy,60dB,7,1.8393430196781041e-07,2.0538346992860253e-07,0.0166901917565628,0.0166908293098576,6.697055679997139e-07
11750,12,legacy,40dB,0,2.0382079243109357e-05,2.038937804218695e-05,0.0166747223187921,0.0166908293098576,6.65185201431183e-05
11750,12,legacy,40dB,1,2.1985350885686165e-05,2.0508931754723067e-05,0.0168619030887399,0.0166908293098576,6.773981967090839e-05
11750,12,legacy,40dB,2,2.135560776805466e-05,1.6921914077950544e-05,0.0167246088938864,0.0166908293098576,6.179143693322172e-05
11750,12,legacy,40dB,3,2.7319982412377648e-05,2.425423764714321e-05,0.0167655117592471,0.0166908293098576,6.385136185620746e-05
11750,12,legacy,40dB,4,1.877707909237993e-05,1.908246863496757e-05,0.0167615700208669,0.0166908293098576,6.402380682607213e-05
11750,12,legacy,40dB,5,2.311408810691224e-05,2.087545833373325e-05,0.0166046523668369,0.0166908293098576,6.751788600804807e-05
11750,12,legacy,40dB,6,1.834947005052177e-05,1.5522152773529573e-05,0.0167314960273451,0.0166908293098576,6.870099195415041e-05
11750,12,legacy,40dB,7,1.839342470500332e-05,2.0538309179254453e-05,0.0167010065156651,0.0166908293098576,6.697057891081938e-05
11750,12,balanced,clean,0,1.2605725238075624e-17,4.1694182506359755e-18,0.0166908292695585,0.0166908293098576,1.0278369717597025e-17
11750,12,balanced,60dB,0,1.899242393066852e-07,1.7286309454644293e-07,0.0166844336827753,0.0166908293098576,6.585006590491036e-07
11750,12,balanced,60dB,1,2.023349744434773e-07,1.764205955053276e-07,0.0166774281959115,0.0166908293098576,6.77744375115735e-07
11750,12,balanced,60dB,2,1.7070272253693878e-07,1.692468871912617e-07,0.016690136593488,0.0166908293098576,6.393300874207448e-07
11750,12,balanced,60dB,3,1.866556870061205e-07,1.7518210812441104e-07,0.016679793315297,0.0166908293098576,6.894072908730617e-07
11750,12,balanced,60dB,4,1.706302758442585e-07,1.5689762155833506e-07,0.016691294807242,0.0166908293098576,6.418558067079997e-07
11750,12,balanced,60dB,5,1.7921394064383046e-07,1.668124359425847e-07,0.0166937725778505,0.0166908293098576,6.564291585703886e-07
11750,12,balanced,60dB,6,1.8334302792234825e-07,1.5702526891142165e-07,0.0166986027218066,0.0166908293098576,6.372210735647952e-07
11750,12,balanced,60dB,7,1.7526002644568177e-07,1.6093873232429158e-07,0.0167052642299796,0.0166908293098576,6.466435406569869e-07
11750,12,balanced,40dB,0,1.8992397838252143e-05,1.7286301970016416e-05,0.0166439665571719,0.0166908293098576,6.585006578230362e-05
11750,12,balanced,40dB,1,2.023349559896089e-05,1.7642048897975033e-05,0.0165750286789437,0.0166908293098576,6.777443076400668e-05
11750,12,balanced,40dB,2,1.707029836511729e-05,1.6924678448389583e-05,0.0166992657799937,0.0166908293098576,6.393302194796222e-05
11750,12,balanced,40dB,3,1.8665574274841543e-05,1.751819303503391e-05,0.0165972687443485,0.0166908293098576,6.894072471994802e-05
11750,12,balanced,40dB,4,1.7063035116460144e-05,1.5689763030753343e-05,0.0167108413787519,0.0166908293098576,6.418556347527382e-05
11750,12,balanced,40dB,5,1.7921375260421183e-05,1.6681235616680838e-05,0.0167363915883322,0.0166908293098576,6.564293798458865e-05
11750,12,balanced,40dB,6,1.83343226183583e-05,1.5702543050025202e-05,0.0167850646843794,0.0166908293098576,6.372212121007804e-05
11750,12,balanced,40dB,7,1.7525988421405093e-05,1.6093867709423214e-05,0.0168509522619266,0.0166908293098576,6.466435005225255e-05
12000,5,legacy,clean,0,2.789704824949492e-07,3.36149873452898e-08,0.0159519349803352,0.0159503968183127,5.872807443883633e-07
12000,5,legacy,60dB,0,3.067594993390186e-07,6.097686441504069e-08,0.01595608538528,0.0159503968183127,1.5377757971703092e-06
12000,5,legacy,60dB,1,3.012884364599808e-07,5.469641275797493e-08,0.0159529714206591,0.0159503968183127,1.511459113573939e-06
12000,5,legacy,60dB,2,3.1882298255129225e-07,5.658532247942223e-08,0.0159567871927935,0.0159503968183127,1.531411701273653e-06
12000,5,legacy,60dB,3,3.1064276592465537e-07,5.980578609759682e-08,0.0159520787822036,0.0159503968183127,1.5066694884895776e-06
12000,5,legacy,60dB,4,3.029248866998049e-07,5.2541691501218484e-08,0.015942498022102,0.0159503968183127,1.5141998218439971e-06
12000,5,legacy,60dB,5,3.143497592229437e-07,7.720246629037814e-08,0.0159589448980383,0.0159503968183127,1.6436406277868224e-06
12000,5,legacy,60dB,6,3.118401769426715e-07,5.921009962865868e-08,0.0159611557581067,0.0159503968183127,1.4593503274533194e-06
12000,5,legacy,60dB,7,3.043668735331873e-07,6.128568041457903e-08,0.0159515796327958,0.0159503968183127,1.4858138683711255e-06
12000,5,legacy,40dB,0,3.4257742896563867e-06,2.3619356723581285e-06,0.0159963079434219,0.0159503968183127,9.213313428252747e-05
12000,5,legacy,40dB,1,2.400476364547015e-06,1.40688151381928e-06,0.0159641977099165,0.0159503968183127,9.127647025915024e-05
12000,5,legacy,40dB,2,3.5840607437259167e-06,2.353808469641185e-06,0.0160033636701792,0.0159503968183127,9.336140226785934e-05
12000,5,legacy,40dB,3,3.125190396126954e-06,2.480250403506044e-06,0.0159559024960985,0.0159503968183127,9.263171924736708e-05
12000,5,legacy,40dB,4,3.0933522264690784e-06,3.689911849239828e-06,0.0158601402357055,0.0159503968183127,9.104015266369088e-05
12000,5,legacy,40dB,5,3.4903208447232807e-06,2.29208157412774e-06,0.0160248917149614,0.0159503968183127,0.0001042919155629
12000,5,legacy,40dB,6,3.4312260854349518e-06,2.3030514098449707e-06,0.016046966316709,0.0159503968183127,9.136729476476688e-05
12000,5,legacy,40dB,7,3.6167708837433152e-06,2.225998218825201e-06,0.0159514653414319,0.0159503968183127,9.2553963660719e-05
12000,5,balanced,clean,0,2.735570159394716e-07,2.0838731084788626e-08,0.0159500664438689,0.0159503968183127,6.504808286545612e-07
12000,5,balanced,60dB,0,2.991416532332621e-07,4.2855287320946525e-08,0.0159559951284392,0.0159503968183127,1.5595090747490056e-06
12000,5,balanced,60dB,1,3.02791685200163e-07,5.177451097421286e-08,0.0159492521434474,0.0159503968183127,1.534993305339419e-06
12000,5,balanced,60dB,2,2.8627735036115e-07,4.360991449612248e-08,0.015940272181397,0.0159503968183127,1.5645744230122154e-06
12000,5,balanced,60dB,3,3.0203520357546104e-07,4.586719860534623e-08,0.0159474699774237,0.0159503968183127,1.6297386745719282e-06
12000,5,balanced,60dB,4,3.0713836275375124e-07,2.689144490033404e-08,0.01594122110295,0.0159503968183127,1.4845595712838127e-06
12000,5,balanced,60dB,5,2.9603123293200375e-07,3.900880521666187e-08,0.0159654163545066,0.0159503968183127,1.6010255019790872e-06
12000,5,balanced,60dB,6,3.037743080398417e-07,5.162349047079344e-08,0.0159472167247183,0.0159503968183127,1.5587033305305874e-06
12000,5,balanced,60dB,7,2.957328658629993e-07,3.961869966414263e-08,0.0159463084688571,0.0159503968183127,1.5348728783638415e-06
12000,5,balanced,40dB,0,3.3029166785015243e-06,2.9903625348449603e-06,0.0160121268028621,0.0159503968183127,9.16204801692131e-05
12000,5,balanced,40dB,1,3.3524094023415697e-06,2.417171804484789e-06,0.0159447099453478,0.0159503968183127,8.973131284947155e-05
12000,5,balanced,40dB,2,2.119941035063549e-06,2.299843705310837e-06,0.0158538429998249,0.0159503968183127,9.459898154647304e-05
12000,5,balanced,40dB,3,2.8781669820277616e-06,2.0159193380367567e-06,0.015926421607506,0.0159503968183127,9.329088700699607e-05
12000,5,balanced,40dB,4,3.490330568659692e-06,2.033795228618021e-06,0.0158644939947648,0.0159503968183127,9.01593753714716e-05
12000,5,balanced,40dB,5,3.802650974390112e-06,2.3708662346769e-06,0.0161068699020337,0.0159503968183127,0.000103557104856
12000,5,balanced,40dB,6,2.954116034592509e-06,2.821013190040357e-06,0.0159239476384605,0.0159503968183127,9.11388203941597e-05
12000,5,balanced,40dB,7,3.241621594383435e-06,1.7551662659363192e-06,0.0159152329998295,0.0159503968183127,9.328029912527208e-05
12000,8,legacy,clean,0,8.469506653137847e-11,2.370405923410757e-11,0.0159502721471321,0.0159503968183127,1.347241243756274e-10
12000,8,legacy,60dB,0,7.285602918102878e-08,9.00111372736425e-08,0.0159542050578666,0.0159503968183127,8.113808135388456e-07
12000,8,legacy,60dB,1,6.575747532045853e-08,7.234182608785414e-08,0.0159540238283222,0.0159503968183127,8.210554205934411e-07
12000,8,legacy,60dB,2,7.471230775671741e-08,6.84023313452281e-08,0.0159560972619162,0.0159503968183127,8.385077074387149e-07
12000,8,legacy,60dB,3,7.015042150984346e-08,8.697968481785951e-08,0.015949492271757,0.0159503968183127,8.181385054947006e-07
12000,8,legacy,60dB,4,6.166881136015576e-08,9.305056209020425e-08,0.0159422513043634,0.0159503968183127,8.227169589371068e-07
12000,8,legacy,60dB,5,9.081774788734e-08,1.0374233357577727e-07,0.0159606102072413,0.0159503968183127,9.229533573159224e-07
12000,8,legacy,60dB,6,6.711524206216173e-08,7.519574889013438e-08,0.0159578579384417,0.0159503968183127,8.229403381031675e-07
12000,8,legacy,60dB,7,9.826466605704773e-08,9.847691521922089e-08,0.0159494568375631,0.0159503968183127,8.189347363482231e-07
12000,8,legacy,40dB,0,7.266320686844407e-06,8.988042094962084e-06,0.0159961397771275,0.0159503968183127,8.113341664181146e-05
12000,8,legacy,40dB,1,6.5824719536385175e-06,7.255981175494132e-06,0.015993714618489,0.0159503968183127,8.208369277418316e-05
12000,8,legacy,40dB,2,7.486256843916432e-06,6.844800056307022e-06,0.016015263190995,0.0159503968183127,8.38009216958347e-05
12000,8,legacy,40dB,3,7.026740207203705e-06,8.726992746753226e-06,0.0159487993916288,0.0159503968183127,8.181550748098504e-05
12000,8,legacy,40dB,4,6.156230433455701e-06,9.299685166831596e-06,0.0158756040240205,0.0159503968183127,8.22576728023831e-05
12000,8,legacy,40dB,5,9.100067456473227e-06,1.0384176144696274e-05,0.0160618454004573,0.0159503968183127,9.233002939097256e-05
12000,8,legacy,40dB,6,6.689753217702611e-06,7.515081524993463e-06,0.0160321494232807,0.0159503968183127,8.228052859577859e-05
12000,8,legacy,40dB,7,9.772367592277324e-06,9.837049698912758e-06,0.0159509095346293,0.0159503968183127,8.188279610830916e-05
12000,8,balanced,clean,0,8.585494962005278e-11,4.5287770024512126e-11,0.0159501957914667,0.0159503968183127,1.48555106343203e-10
12000,8,balanced,60dB,0,7.699602277435782e-08,9.02087492898494e-08,0.0159563691263028,0.0159503968183127,8.105408269406318e-07
12000,8,balanced,60dB,1,6.820619228315916e-08,7.25179805949132e-08,0.0159514873379663,0.0159503968183127,8.041351906724182e-07
12000,8,balanced,60dB,2,5.2434892342837285e-08,6.316494040497741e-08,0.015939933059607,0.0159503968183127,8.588277290136529e-07
12000,8,balanced,60dB,3,7.136859436322806e-08,7.702129196487812e-08,0.0159456284755334,0.0159503968183127,8.18572917573836e-07
12000,8,balanced,60dB,4,6.366319343580257e-08,5.97745551290295e-08,0.0159434952514172,0.0159503968183127,8.232686964748764e-07
12000,8,balanced,60dB,5,8.545518548317937e-08,7.711214149767258e-08,0.0159688760039146,0.0159503968183127,9.318822552197744e-07
12000,8,balanced,60dB,6,6.219453238929186e-08,7.269993535978046e-08,0.0159468057516832,0.0159503968183127,8.192782814365545e-07
12000,8,balanced,60dB,7,7.953193404352976e-08,8.554693224026306e-08,0.0159442442354943,0.0159503968183127,8.225034777827141e-07
12000,8,balanced,40dB,0,7.690888878993952e-06,8.96375934385938e-06,0.0160188508411743,0.0159503968183127,8.102651517618975e-05
12000,8,balanced,40dB,1,6.770452693239821e-06,7.211828497173877e-06,0.0159692004199276,0.0159503968183127,8.040617503905805e-05
12000,8,balanced,40dB,2,5.221270382941252e-06,6.290510039290966e-06,0.0158522661670243,0.0159503968183127,8.587512126323172e-05
12000,8,balanced,40dB,3,7.142082516910891e-06,7.671218451287936e-06,0.0159109518014018,0.0159503968183127,8.187550140196155e-05
12000,8,balanced,40dB,4,6.343627962693182e-06,5.961955917456269e-06,0.0158888981596947,0.0159503968183127,8.226219342530258e-05
12000,8,balanced,40dB,5,8.557050476658902e-06,7.755534465627716e-06,0.0161447011872621,0.0159503968183127,9.30846821433426e-05
12000,8,balanced,40dB,6,6.223245508205654e-06,7.278297183943781e-06,0.0159218974665113,0.0159503968183127,8.188682348533513e-05
12000,8,balanced,40dB,7,7.92275969652502e-06,8.493987153885154e-06,0.0158978084447933,0.0159503968183127,8.219240256556835e-05
12000,12,legacy,clean,0,2.0834482785545496e-17,1.0151202225137569e-17,0.01595039678581,0.0159503968183127,1.720337853685256e-17
12000,12,legacy,60dB,0,2.140169628051618e-07,2.174469130139473e-07,0.0159636445716953,0.0159503968183127,6.360963048574784e-07
12000,12,legacy,60dB,1,1.887684353521104e-07,1.955472536780129e-07,0.0159568784647049,0.0159503968183127,6.530435878413936e-07
12000,12,legacy,60dB,2,2.038832294001979e-07,1.7822640566854514e-07,0.015949933308815,0.0159503968183127,6.494280125333436e-07
12000,12,legacy,60dB,3,1.7348621386642026e-07,2.0286500187519405e-07,0.0159572547152183,0.0159503968183127,6.351431455436688e-07
12000,12,legacy,60dB,4,2.032152641977494e-07,2.135111497150357e-07,0.0159528721964008,0.0159503968183127,6.389439403211197e-07
12000,12,legacy,60dB,5,2.360266070944376e-07,2.60937085537998e-07,0.0159556359533417,0.0159503968183127,7.381860698434462e-07
12000,12,legacy,60dB,6,1.9198540119526304e-07,1.9465651527973457e-07,0.0159523495859021,0.0159503968183127,6.552186879709331e-07
12000,12,legacy,60dB,7,2.8864722802476135e-07,2.439128393404072e-07,0.0159446410723724,0.0159503968183127,6.284184350245087e-07
12000,12,legacy,40dB,0,2.140172603959453e-05,2.174470109136401e-05,0.0161021362010751,0.0159503968183127,6.360963189179973e-05
12000,12,legacy,40dB,1,1.887687046739658e-05,1.955472733388587e-05,0.0160322027608731,0.0159503968183127,6.530436228084344e-05
12000,12,legacy,40dB,2,2.038833640724776e-05,1.7822632292263384e-05,0.0159641115199734,0.0159503968183127,6.494281039849473e-05
12000,12,legacy,40dB,3,1.734865033228221e-05,2.028653029979458e-05,0.0160345898680874,0.0159503968183127,6.351429108372978e-05
12000,12,legacy,40dB,4,2.03215634382216e-05,2.1351143326942335e-05,0.0159934403025149,0.0159503968183127,6.389441266926318e-05
12000,12,legacy,40dB,5,2.3602588136893217e-05,2.609364873703226e-05,0.0160240307831934,0.0159503968183127,7.381858426402108e-05
12000,12,legacy,40dB,6,1.919853705907362e-05,1.946568735759057e-05,0.0159872034697786,0.0159503968183127,6.552185484284186e-05
12000,12,legacy,40dB,7,2.886467782803574e-05,2.439128604385042e-05,0.0159188178569823,0.0159503968183127,6.284183132797586e-05
12000,12,balanced,clean,0,1.9307340450697773e-17,1.3053403783532993e-17,0.0159503966937254,0.0159503968183127,1.716762218030579e-17
12000,12,balanced,60dB,0,1.7622951441211157e-07,2.0169054434478234e-07,0.0159567486486763,0.0159503968183127,6.196885630302733e-07
12000,12,balanced,60dB,1,1.9201875640846659e-07,1.980911393563541e-07,0.0159452382939796,0.0159503968183127,6.067230388599523e-07
12000,12,balanced,60dB,2,1.731475990892908e-07,1.830304591090133e-07,0.0159369454002223,0.0159503968183127,6.664361086898227e-07
12000,12,balanced,60dB,3,1.707749583532388e-07,1.8168203976094444e-07,0.0159440204086165,0.0159503968183127,6.454466327739399e-07
12000,12,balanced,60dB,4,1.4875338489141858e-07,1.3887029891049646e-07,0.0159416087560072,0.0159503968183127,6.49784392878622e-07
12000,12,balanced,60dB,5,2.4365488230935535e-07,2.016436640732568e-07,0.015965147833692,0.0159503968183127,7.220479254629222e-07
12000,12,balanced,60dB,6,1.4946704592559364e-07,1.756603951573586e-07,0.0159505058564616,0.0159503968183127,6.431956788159059e-07
12000,12,balanced,60dB,7,1.8811342748323425e-07,1.9064016379843602e-07,0.0159421368016817,0.0159503968183127,6.439026787635303e-07
12000,12,balanced,40dB,0,1.7622961827131245e-05,2.0169050806671847e-05,0.0160297769099176,0.0159503968183127,6.196887667689136e-05
12000,12,balanced,40dB,1,1.9201860538588204e-05,1.9809114958613276e-05,0.0159160943692426,0.0159503968183127,6.067230178881757e-05
12000,12,balanced,40dB,2,1.7314758125072462e-05,1.8303044762240976e-05,0.0158314670408291,0.0159503968183127,6.664362838870883e-05
12000,12,balanced,40dB,3,1.7077483444613453e-05,1.8168164797625097e-05,0.0159020035764983,0.0159503968183127,6.454467895665163e-05
12000,12,balanced,40dB,4,1.4875329550911465e-05,1.3887011754374718e-05,0.0158759051122459,0.0159503968183127,6.497844987943553e-05
12000,12,balanced,40dB,5,2.436545792095718e-05,2.0164345987899337e-05,0.0161198370024896,0.0159503968183127,7.220477596842133e-05
12000,12,balanced,40dB,6,1.494670263305596e-05,1.7566052784582112e-05,0.0159649403532617,0.0159503968183127,6.431958630181545e-05
12000,12,balanced,40dB,7,1.8811340777408797e-05,1.906402894260574e-05,0.0158847279797909,0.0159503968183127,6.439027169216258e-05
12250,5,legacy,clean,0,3.363503264167008e-07,4.069159026936754e-08,0.0152551947182749,0.0152517636038597,7.321457558187944e-07
12250,5,legacy,60dB,0,3.544491023004756e-07,7.635094427164135e-08,0.0152604121792875,0.0152517636038597,1.5912373140131332e-06
12250,5,legacy,60dB,1,3.577163602595543e-07,4.674143925261737e-08,0.0152481116908046,0.0152517636038597,1.6878954607220757e-06
12250,5,legacy,60dB,2,3.642833267963746e-07,8.249696681671063e-08,0.0152498575113198,0.0152517636038597,1.5907522158630574e-06
12250,5,legacy,60dB,3,3.75733290520127e-07,5.575712475517223e-08,0.0152641201032005,0.0152517636038597,1.554550803085808e-06
12250,5,legacy,60dB,4,3.7823806011498793e-07,9.113927274389583e-08,0.0152610077925358,0.0152517636038597,1.815106444460195e-06
12250,5,legacy,60dB,5,3.708897808722538e-07,7.445573473444566e-08,0.0152446514670448,0.0152517636038597,1.6871045850741977e-06
12250,5,legacy,60dB,6,3.650865910549669e-07,6.167390669048772e-08,0.0152547927121935,0.0152517636038597,1.7820140821234276e-06
12250,5,legacy,60dB,7,3.675648271331357e-07,7.933510959687464e-08,0.0152499225879362,0.0152517636038597,1.6881248097847763e-06
12250,5,legacy,40dB,0,3.5852944207403397e-06,3.6574600368363527e-06,0.0153104372847359,0.0152517636038597,9.180197044461572e-05
12250,5,legacy,40dB,1,3.5981542848155804e-06,2.459583253623357e-06,0.0151874125871916,0.0152517636038597,9.143514780018852e-05
12250,5,legacy,40dB,2,2.9346065590263487e-06,3.5472386850842634e-06,0.0152041415749531,0.0152517636038597,9.102752409552582e-05
12250,5,legacy,40dB,3,3.576280153531373e-06,3.122780571062004e-06,0.0153472946677166,0.0152517636038597,8.71432389508724e-05
12250,5,legacy,40dB,4,4.033681952404463e-06,5.011096172172468e-06,0.015316603915172,0.0152517636038597,0.0001017894545992
12250,5,legacy,40dB,5,2.9010364693826157e-06,2.6188033744431524e-06,0.0151519814975717,0.0152517636038597,9.401569068112594e-05
12250,5,legacy,40dB,6,3.0974361312636658e-06,2.637855973500687e-06,0.0152536483806194,0.0152517636038597,9.81455621886634e-05
12250,5,legacy,40dB,7,3.4788140929373723e-06,3.722041834442184e-06,0.0152053037336471,0.0152517636038597,9.21914477834369e-05
12250,5,balanced,clean,0,3.419567031301772e-07,4.316760025592275e-08,0.0152549052825904,0.0152517636038597,8.19838112388833e-07
12250,5,balanced,60dB,0,3.724522052267462e-07,7.342028016292397e-08,0.0152546400260621,0.0152517636038597,1.7859896735930544e-06
12250,5,balanced,60dB,1,3.621280100579637e-07,6.440176629686335e-08,0.0152510284047338,0.0152517636038597,1.7164100447083997e-06
12250,5,balanced,60dB,2,3.7037176367854374e-07,7.372934563832487e-08,0.0152459593710536,0.0152517636038597,1.7309800535427916e-06
12250,5,balanced,60dB,3,3.6756094921308034e-07,6.34329341487076e-08,0.0152568941965312,0.0152517636038597,1.7020993132917594e-06
12250,5,balanced,60dB,4,3.698859347036266e-07,8.20427899642799e-08,0.0152507247860174,0.0152517636038597,1.8279642699784147e-06
12250,5,balanced,60dB,5,3.562095826249752e-07,5.827000950173323e-08,0.0152518494671289,0.0152517636038597,1.8053714564107088e-06
12250,5,balanced,60dB,6,3.782685998900114e-07,6.413094236930378e-08,0.0152550996831264,0.0152517636038597,1.7391872082757929e-06
12250,5,balanced,60dB,7,3.8562279147116853e-07,7.855235976641073e-08,0.0152597669117058,0.0152517636038597,1.7205183477789737e-06
12250,5,balanced,40dB,0,3.233425362479184e-06,2.6678002345187957e-06,0.0152548392309458,0.0152517636038597,9.311026023873976e-05
12250,5,balanced,40dB,1,2.9313305718571125e-06,2.8872467466019715e-06,0.0152185241648234,0.0152517636038597,9.047980491902316e-05
12250,5,balanced,40dB,2,3.336262236651735e-06,2.6511919396224364e-06,0.0151681563221505,0.0152517636038597,9.233135348759966e-05
12250,5,balanced,40dB,3,2.776597141304559e-06,2.5424032997797305e-06,0.0152769730199759,0.0152517636038597,8.885856891847888e-05
12250,5,balanced,40dB,4,3.380139585102363e-06,3.068705523511185e-06,0.0152158592074267,0.0152517636038597,0.0001023693052692
12250,5,balanced,40dB,5,3.0587376785308543e-06,2.2378664864160244e-06,0.0152269213801559,0.0152517636038597,9.337316531993597e-05
12250,5,balanced,40dB,6,3.985990785238295e-06,2.7346071974553507e-06,0.0152601302030654,0.0152517636038597,9.605995995528763e-05
12250,5,balanced,40dB,7,4.229594710358778e-06,2.974815326376743e-06,0.0153069725508686,0.0152517636038597,9.138451997334934e-05
12250,8,legacy,clean,0,1.331852547690023e-10,4.5049763502421266e-11,0.0152514037977143,0.0152517636038597,1.8255409588646875e-10
12250,8,legacy,60dB,0,8.399527734135399e-08,8.155739852221792e-08,0.0152486376234349,0.0152517636038597,8.16412359419903e-07
12250,8,legacy,60dB,1,8.234121845639687e-08,7.889460240634713e-08,0.015245919183086,0.0152517636038597,7.948709483214701e-07
12250,8,legacy,60dB,2,7.763038009052036e-08,8.049167211315606e-08,0.0152439160411113,0.0152517636038597,8.202078379270768e-07
12250,8,legacy,60dB,3,8.051510653982708e-08,9.135852787033879e-08,0.015263443486683,0.0152517636038597,7.706151144156479e-07
12250,8,legacy,60dB,4,9.428972558795829e-08,9.581540987688285e-08,0.0152567164299129,0.0152517636038597,9.020083281353256e-07
12250,8,legacy,60dB,5,8.128726569552955e-08,6.118902102595288e-08,0.0152405335845488,0.0152517636038597,8.460693201858432e-07
12250,8,legacy,60dB,6,8.29850768038136e-08,7.593474330614712e-08,0.0152533278294968,0.0152517636038597,8.684209739807789e-07
12250,8,legacy,60dB,7,9.032690856433365e-08,8.75274827469984e-08,0.0152458145294566,0.0152517636038597,8.023887632892587e-07
12250,8,legacy,40dB,0,8.326755038159195e-06,8.064473226609404e-06,0.0152312300558515,0.0152517636038597,8.154114577465953e-05
12250,8,legacy,40dB,1,8.179871370741547e-06,7.843396205097714e-06,0.0152039153092841,0.0152517636038597,7.95014648806575e-05
12250,8,legacy,40dB,2,7.76039673433576e-06,8.006536424358923e-06,0.0151835115232841,0.0152517636038597,8.195778372541821e-05
12250,8,legacy,40dB,3,8.018338651602078e-06,9.129956478486364e-06,0.0153790150736545,0.0152517636038597,7.711400210847784e-05
12250,8,legacy,40dB,4,9.402778992526176e-06,9.586755831358062e-06,0.0153129912001041,0.0152517636038597,9.014601051431103e-05
12250,8,legacy,40dB,5,8.08059765490788e-06,6.068026853281714e-06,0.0151499705897236,0.0152517636038597,8.458677277659087e-05
12250,8,legacy,40dB,6,8.32188127397141e-06,7.64833769362503e-06,0.0152781373447116,0.0152517636038597,8.688757686396686e-05
12250,8,legacy,40dB,7,9.08161132527834e-06,8.765604390929318e-06,0.0152036906560435,0.0152517636038597,8.025724273782901e-05
12250,8,balanced,clean,0,1.1709735565058445e-10,2.6097859932432635e-11,0.0152516724483076,0.0152517636038597,2.0578710161138808e-10
12250,8,balanced,60dB,0,6.66052698422741e-08,7.135073028800044e-08,0.0152499001939466,0.0152517636038597,8.264034197257038e-07
12250,8,balanced,60dB,1,6.322595515399306e-08,5.556523475770646e-08,0.0152511117576441,0.0152517636038597,8.098818169636337e-07
12250,8,balanced,60dB,2,7.618443129335585e-08,6.459315095430806e-08,0.0152410797345118,0.0152517636038597,8.220387132328685e-07
12250,8,balanced,60dB,3,6.982856332293864e-08,6.277648832377844e-08,0.0152558376572406,0.0152517636038597,7.987937207770292e-07
12250,8,balanced,60dB,4,6.989365944607907e-08,7.319535437662804e-08,0.015247456224002,0.0152517636038597,9.214105162539129e-07
12250,8,balanced,60dB,5,6.95595079019485e-08,6.31530558807942e-08,0.015247096163733,0.0152517636038597,8.227190998742884e-07
12250,8,balanced,60dB,6,7.683371805949154e-08,6.784941460129276e-08,0.015249890789468,0.0152517636038597,8.553304186410507e-07
12250,8,balanced,60dB,7,7.202137875598829e-08,6.83579788405808e-08,0.0152578901099147,0.0152517636038597,8.183440957097604e-07
12250,8,balanced,40dB,0,6.653338528533319e-06,7.159096996696875e-06,0.0152399382444036,0.0152517636038597,8.262416964980523e-05
12250,8,balanced,40dB,1,6.277314299812211e-06,5.537724919399356e-06,0.0152517116502962,0.0152517636038597,8.09246715833079e-05
12250,8,balanced,40dB,2,7.57482197990806e-06,6.427593844600785e-06,0.0151525593418928,0.0152517636038597,8.220751424325621e-05
12250,8,balanced,40dB,3,6.946014879432719e-06,6.247037308824082e-06,0.0152995733207601,0.0152517636038597,7.982620056298728e-05
12250,8,balanced,40dB,4,6.959146510658455e-06,7.321228423126819e-06,0.0152157714690431,0.0152517636038597,9.21926716710503e-05
12250,8,balanced,40dB,5,6.925966297094022e-06,6.31551055304955e-06,0.0152121410276558,0.0152517636038597,8.231400242444491e-05
12250,8,balanced,40dB,6,7.656688694293799e-06,6.785992716857102e-06,0.0152407452653013,0.0152517636038597,8.553612646246157e-05
12250,8,balanced,40dB,7,7.189861105279833e-06,6.814414106117842e-06,0.0153203197655719,0.0152517636038597,8.178782259581264e-05
12250,12,legacy,clean,0,3.3882518569909537e-17,2.7052513873669426e-17,0.0152517634944186,0.0152517636038597,2.7719780073581346e-17
12250,12,legacy,60dB,0,2.238210070888869e-07,2.5011685962431104e-07,0.0152542218624181,0.0152517636038597,6.11214351070777e-07
12250,12,legacy,60dB,1,2.264573457733723e-07,2.1066429396841617e-07,0.0152490778581086,0.0152517636038597,6.239876219727895e-07
12250,12,legacy,60dB,2,2.001942253857513e-07,2.321294235707698e-07,0.0152483400741744,0.0152517636038597,6.339232399854666e-07
12250,12,legacy,60dB,3,2.1134107969125282e-07,2.2123490212593217e-07,0.0152655885900838,0.0152517636038597,6.118259085828103e-07
12250,12,legacy,60dB,4,2.131897827960657e-07,2.1891745788971146e-07,0.0152498974545833,0.0152517636038597,7.145068302937116e-07
12250,12,legacy,60dB,5,2.0351283673974597e-07,1.955171599549209e-07,0.0152476172216349,0.0152517636038597,6.700065911648184e-07
12250,12,legacy,60dB,6,1.9486752186849168e-07,1.9569479792179362e-07,0.0152582797335194,0.0152517636038597,6.851042724419268e-07
12250,12,legacy,60dB,7,2.098169630396635e-07,2.2953550470455446e-07,0.0152540088479755,0.0152517636038597,6.367777894746134e-07
12250,12,legacy,40dB,0,2.2382069535181588e-05,2.50116427240662e-05,0.0152964910338786,0.0152517636038597,6.112143178414614e-05
12250,12,legacy,40dB,1,2.264569447079896e-05,2.106640300868957e-05,0.0152452882523324,0.0152517636038597,6.239877540101611e-05
12250,12,legacy,40dB,2,2.001941616440362e-05,2.32129390038095e-05,0.0152355467658881,0.0152517636038597,6.339231509740705e-05
12250,12,legacy,40dB,3,2.113410242447505e-05,2.212345884559557e-05,0.0154090351426986,0.0152517636038597,6.118260497834967e-05
12250,12,legacy,40dB,4,2.1318970430288727e-05,2.189173376487686e-05,0.0152522901686683,0.0152517636038597,7.145071710085136e-05
12250,12,legacy,40dB,5,2.035125817005659e-05,1.955166709544411e-05,0.0152286168963848,0.0152517636038597,6.700068552064054e-05
12250,12,legacy,40dB,6,1.948677734232407e-05,1.956952378964054e-05,0.0153344639875514,0.0152517636038597,6.851042722126396e-05
12250,12,legacy,40dB,7,2.0981691485192623e-05,2.2953495411469096e-05,0.0152931005518425,0.0152517636038597,6.367774453776496e-05
12250,12,balanced,clean,0,2.910162392117838e-17,1.4729431759948524e-17,0.0152517637798695,0.0152517636038597,2.8182437854374704e-17
12250,12,balanced,60dB,0,1.7607206428569297e-07,1.9560227352864334e-07,0.01525037992772,0.0152517636038597,6.449466119973e-07
12250,12,balanced,60dB,1,1.4389595920214877e-07,1.4785884038602e-07,0.0152552774742566,0.0152517636038597,6.563603776184363e-07
12250,12,balanced,60dB,2,1.7655459537800406e-07,1.916480705187408e-07,0.0152403198332387,0.0152517636038597,6.311640559327976e-07
12250,12,balanced,60dB,3,1.867277768666345e-07,1.857072685361158e-07,0.015261248690352,0.0152517636038597,5.943859920746814e-07
12250,12,balanced,60dB,4,1.8869179194328658e-07,1.898632031823282e-07,0.0152435183415873,0.0152517636038597,7.296987564220761e-07
12250,12,balanced,60dB,5,1.7731899225021697e-07,1.8504524642999847e-07,0.0152406965869036,0.0152517636038597,6.261926626467298e-07
12250,12,balanced,60dB,6,1.810639838667646e-07,1.5826533041561646e-07,0.0152465621422912,0.0152517636038597,6.965390508263832e-07
12250,12,balanced,60dB,7,1.7176169905946433e-07,1.6710051392731017e-07,0.0152573784457187,0.0152517636038597,6.380601716606885e-07
12250,12,balanced,40dB,0,1.7607193198096877e-05,1.9560247364807774e-05,0.0152537717309301,0.0152517636038597,6.449466120505334e-05
12250,12,balanced,40dB,1,1.438957131805586e-05,1.478586566749832e-05,0.0152998513354668,0.0152517636038597,6.563610315247726e-05
12250,12,balanced,40dB,2,1.7655425466132614e-05,1.916479441534069e-05,0.015153214193074,0.0152517636038597,6.311641701772605e-05
12250,12,balanced,40dB,3,1.8672780521899083e-05,1.8570759747031106e-05,0.0153634183874475,0.0152517636038597,5.943861714527948e-05
12250,12,balanced,40dB,4,1.8869200981765503e-05,1.898635311342827e-05,0.0151862916801103,0.0152517636038597,7.296987688703605e-05
12250,12,balanced,40dB,5,1.7731942285088244e-05,1.8504563351561128e-05,0.0151570506025731,0.0152517636038597,6.261924099443859e-05
12250,12,balanced,40dB,6,1.810642067349484e-05,1.5826564646143614e-05,0.015216043184922,0.0152517636038597,6.965392238606556e-05
12250,12,balanced,40dB,7,1.7176164553124595e-05,1.6710048061216978e-05,0.0153233689859241,0.0152517636038597,6.38060480176799e-05
12500,5,legacy,clean,0,4.185096496742486e-07,5.67662275235488e-08,0.0145870499335672,0.0145938636501974,9.06671005172327e-07
12500,5,legacy,60dB,0,4.389021304562858e-07,8.840292976099091e-08,0.0145884216451932,0.0145938636501974,1.7609927460916914e-06
12500,5,legacy,60dB,1,4.6654975216709954e-07,9.925284154067206e-08,0.0145877865101824,0.0145938636501974,1.844644447009516e-06
12500,5,legacy,60dB,2,4.452955837930307e-07,8.434432893714239e-08,0.0145902653002403,0.0145938636501974,1.8895299645057328e-06
12500,5,legacy,60dB,3,4.442111713816116e-07,8.632631760908797e-08,0.0145902918416153,0.0145938636501974,1.8061808281109008e-06
12500,5,legacy,60dB,4,4.590802541898498e-07,9.650929288041385e-08,0.0145818982266179,0.0145938636501974,1.928744850299303e-06
12500,5,legacy,60dB,5,4.431999962747181e-07,8.775934076515595e-08,0.0145866928557326,0.0145938636501974,1.734233550506638e-06
12500,5,legacy,60dB,6,4.487363045969166e-07,7.89693062551348e-08,0.0145850309938954,0.0145938636501974,1.849701687001104e-06
12500,5,legacy,60dB,7,4.410530619277444e-07,7.860598428607986e-08,0.0145879697025715,0.0145938636501974,1.8387578671526095e-06
12500,5,legacy,40dB,0,3.027896713433815e-06,2.932622373399816e-06,0.0146031725120832,0.0145938636501974,9.21598474171954e-05
12500,5,legacy,40dB,1,3.96596776312933e-06,3.1840645888738043e-06,0.014597482756808,0.0145938636501974,9.570560367114822e-05
12500,5,legacy,40dB,2,3.5008993628813723e-06,2.4008962235464715e-06,0.0146220181306698,0.0145938636501974,9.574559987211448e-05
12500,5,legacy,40dB,3,3.609196182271528e-06,2.7015027780565386e-06,0.0146224026853636,0.0145938636501974,9.213417674589697e-05
12500,5,legacy,40dB,4,3.319276661551382e-06,3.663498592107655e-06,0.0145380279250409,0.0145938636501974,9.746169513102924e-05
12500,5,legacy,40dB,5,3.4525405084679696e-06,2.6448381786603184e-06,0.0145862662826141,0.0145938636501974,9.01572309008539e-05
12500,5,legacy,40dB,6,3.391047993105177e-06,2.5150011488156165e-06,0.0145695308086436,0.0145938636501974,9.17232760255875e-05
12500,5,legacy,40dB,7,3.0620105656835727e-06,2.212100874224011e-06,0.0145986656904037,0.0145938636501974,9.42628399529973e-05
12500,5,balanced,clean,0,4.1184309072733443e-07,5.152547620965077e-08,0.0145949579500854,0.0145938636501974,1.0257729987914727e-06
12500,5,balanced,60dB,0,4.276277901416987e-07,7.220358165600467e-08,0.014599653023005,0.0145938636501974,1.963141928781892e-06
12500,5,balanced,60dB,1,4.360246681906318e-07,7.178660865786709e-08,0.0145892489174356,0.0145938636501974,1.922655517031011e-06
12500,5,balanced,60dB,2,4.419537443262009e-07,7.68537652922723e-08,0.0145937427329998,0.0145938636501974,2.0247223494522397e-06
12500,5,balanced,60dB,3,4.4297636802246286e-07,8.57381390762271e-08,0.014588481162042,0.0145938636501974,1.9673785833119774e-06
12500,5,balanced,60dB,4,4.520496938531938e-07,9.138802682907967e-08,0.0145956476053008,0.0145938636501974,1.974135099528657e-06
12500,5,balanced,60dB,5,4.237869037795114e-07,5.614221755393954e-08,0.0145929600367552,0.0145938636501974,1.8849385948193049e-06
12500,5,balanced,60dB,6,4.296835081061562e-07,8.823329560501195e-08,0.0145890591965682,0.0145938636501974,1.9202242876731137e-06
12500,5,balanced,60dB,7,4.516382355588019e-07,1.0765518122451765e-07,0.0145919171742737,0.0145938636501974,1.9320227215396773e-06
12500,5,balanced,40dB,0,2.653843174206861e-06,2.66894301631427e-06,0.0146439928323706,0.0145938636501974,9.3264810459882e-05
12500,5,balanced,40dB,1,3.2399744832095904e-06,2.976654522824625e-06,0.0145404539392053,0.0145938636501974,9.502586797047293e-05
12500,5,balanced,40dB,2,3.1829382504324286e-06,3.065565757618423e-06,0.0145852757678534,0.0145938636501974,9.582240236723893e-05
12500,5,balanced,40dB,3,3.182099578106692e-06,3.097153217605426e-06,0.0145326489933661,0.0145938636501974,9.167329116452572e-05
12500,5,balanced,40dB,4,4.167037489542782e-06,3.415415377798586e-06,0.0146052076306074,0.0145938636501974,9.72730031938041e-05
12500,5,balanced,40dB,5,3.0223396700517355e-06,2.647285103689764e-06,0.0145774698752318,0.0145938636501974,9.008813500790536e-05
12500,5,balanced,40dB,6,2.335137245599877e-06,2.345172428825633e-06,0.0145377153048947,0.0145938636501974,9.230017519470792e-05
12500,5,balanced,40dB,7,4.105624598518013e-06,4.126704686121909e-06,0.0145678460220281,0.0145938636501974,9.095107267353508e-05
12500,8,legacy,clean,0,1.6379750365274027e-10,6.022220940967985e-11,0.0145943252330614,0.0145938636501974,2.442510741989084e-10
12500,8,legacy,60dB,0,7.120862944581098e-08,5.598341640611226e-08,0.0145938634202623,0.0145938636501974,8.366084394441721e-07
12500,8,legacy,60dB,1,8.739178718819427e-08,6.841493903392127e-08,0.0145907823584439,0.0145938636501974,8.538752927748945e-07
12500,8,legacy,60dB,2,7.63269440389427e-08,6.699573604223769e-08,0.0146007090897399,0.0145938636501974,8.515224834662988e-07
12500,8,legacy,60dB,3,7.379678814397595e-08,5.885937243053708e-08,0.0145957017007008,0.0145938636501974,8.290643180577595e-07
12500,8,legacy,60dB,4,7.99777088700185e-08,6.917441912823187e-08,0.0145871999160045,0.0145938636501974,8.660518337935775e-07
12500,8,legacy,60dB,5,7.774079261044727e-08,5.483273271685416e-08,0.0145956383490518,0.0145938636501974,8.150858397338158e-07
12500,8,legacy,60dB,6,7.1694599032387e-08,6.417838628130617e-08,0.0145931943638566,0.0145938636501974,8.216228414375268e-07
12500,8,legacy,60dB,7,7.342905329553377e-08,5.314141492863298e-08,0.0145944316572205,0.0145938636501974,8.341176367611605e-07
12500,8,legacy,40dB,0,7.128012906511272e-06,5.583187030995949e-06,0.0145961245058605,0.0145938636501974,8.360197661809392e-05
12500,8,legacy,40dB,1,8.749447798499782e-06,6.920227130628632e-06,0.014566773490991,0.0145938636501974,8.533193511668854e-05
12500,8,legacy,40dB,2,7.585358314355986e-06,6.665289063164107e-06,0.0146649873628989,0.0145938636501974,8.505886779533568e-05
12500,8,legacy,40dB,3,7.350194088156501e-06,5.836054384583886e-06,0.0146147036098399,0.0145938636501974,8.279172833333864e-05
12500,8,legacy,40dB,4,7.981289825466917e-06,6.920186351978536e-06,0.0145302550494073,0.0145938636501974,8.649094859678399e-05
12500,8,legacy,40dB,5,7.716795949945277e-06,5.44032690567594e-06,0.0146143972551675,0.0145938636501974,8.14353119235404e-05
12500,8,legacy,40dB,6,7.12231104122296e-06,6.391183495934906e-06,0.014589423380243,0.0145938636501974,8.212536747441891e-05
12500,8,legacy,40dB,7,7.327282759259722e-06,5.326253390804081e-06,0.0146019839410565,0.0145938636501974,8.335647375887888e-05
12500,8,balanced,clean,0,1.653050327492326e-10,2.7571849351402903e-11,0.0145943866589877,0.0145938636501974,2.824470713379119e-10
12500,8,balanced,60dB,0,5.795320394355362e-08,6.009780035724945e-08,0.0145991860747862,0.0145938636501974,8.331731347465555e-07
12500,8,balanced,60dB,1,6.829052918606909e-08,5.628653356696516e-08,0.0145888104487679,0.0145938636501974,8.626411896300886e-07
12500,8,balanced,60dB,2,6.31753204787103e-08,5.9122493596180097e-08,0.0145922778584692,0.0145938636501974,8.444418726236093e-07
12500,8,balanced,60dB,3,6.98954855270094e-08,6.21192889654816e-08,0.014590106664559,0.0145938636501974,7.975910803424884e-07
12500,8,balanced,60dB,4,7.126029632357719e-08,6.484659558455084e-08,0.0145963830436452,0.0145938636501974,8.65423346964745e-07
12500,8,balanced,60dB,5,6.64645640612057e-08,7.452864692682884e-08,0.0145944300990461,0.0145938636501974,7.931227890149868e-07
12500,8,balanced,60dB,6,5.181164929637016e-08,4.71455052078569e-08,0.0145895490663116,0.0145938636501974,8.276506296774794e-07
12500,8,balanced,60dB,7,7.531709719098386e-08,6.704610797327628e-08,0.0145925257177557,0.0145938636501974,8.212303486563808e-07
12500,8,balanced,40dB,0,5.761056196253206e-06,5.990865234158588e-06,0.0146475638288746,0.0145938636501974,8.332439675857134e-05
12500,8,balanced,40dB,1,6.839389032874571e-06,5.670941314267245e-06,0.0145447825282762,0.0145938636501974,8.641792502804002e-05
12500,8,balanced,40dB,2,6.294777565883104e-06,5.930046712684145e-06,0.014578963165909,0.0145938636501974,8.450589834185993e-05
12500,8,balanced,40dB,3,6.964293160112595e-06,6.210769479555198e-06,0.0145578535407507,0.0145938636501974,7.977345240722991e-05
12500,8,balanced,40dB,4,7.1430459169557625e-06,6.490201789059502e-06,0.0146207824362613,0.0145938636501974,8.63753101534969e-05
12500,8,balanced,40dB,5,6.634624820944484e-06,7.431011142056332e-06,0.0146007925264972,0.0145938636501974,7.932949845474437e-05
12500,8,balanced,40dB,6,5.179758312183866e-06,4.718535201136077e-06,0.0145506738617911,0.0145938636501974,8.254529972702439e-05
12500,8,balanced,40dB,7,7.510601764297923e-06,6.68289606522238e-06,0.0145825361652054,0.0145938636501974,8.214239798377013e-05
12500,12,legacy,clean,0,4.975619185266002e-17,4.208660399725932e-17,0.014593864020946,0.0145938636501974,4.4137959303614206e-17
12500,12,legacy,60dB,0,1.9359336727879138e-07,1.895994493054749e-07,0.0145978710027525,0.0145938636501974,6.37386952360283e-07
12500,12,legacy,60dB,1,2.501214271038396e-07,2.124716036191601e-07,0.014591774640405,0.0145938636501974,6.499089886998498e-07
12500,12,legacy,60dB,2,2.0542447344401922e-07,2.1827742290231186e-07,0.0146003133421697,0.0145938636501974,6.570640330157945e-07
12500,12,legacy,60dB,3,1.7072726277268856e-07,1.817572522302201e-07,0.0145977021327063,0.0145938636501974,6.547935651251193e-07
12500,12,legacy,60dB,4,2.0663830063313347e-07,1.7642148889070185e-07,0.0145730723715402,0.0145938636501974,6.944285429825331e-07
12500,12,legacy,60dB,5,2.162235164002005e-07,1.909405776767887e-07,0.0145927146152567,0.0145938636501974,6.205005971543169e-07
12500,12,legacy,60dB,6,2.2432373907994286e-07,2.263419985830213e-07,0.0145851758432111,0.0145938636501974,6.350328591503086e-07
12500,12,legacy,60dB,7,2.295431510251374e-07,2.076308478137691e-07,0.0145878814145861,0.0145938636501974,6.294165900588073e-07
12500,12,legacy,40dB,0,1.9359297480932895e-05,1.895984890632936e-05,0.0146513572028192,0.0145938636501974,6.373863597571096e-05
12500,12,legacy,40dB,1,2.501219854722642e-05,2.124724450994183e-05,0.0145954811998121,0.0145938636501974,6.499089837715872e-05
12500,12,legacy,40dB,2,2.0542469893711605e-05,2.182776139658439e-05,0.0146768454583424,0.0145938636501974,6.570639278754604e-05
12500,12,legacy,40dB,3,1.7072716994299387e-05,1.8175708616927328e-05,0.0146476105829156,0.0145938636501974,6.547938090375326e-05
12500,12,legacy,40dB,4,2.066387084343253e-05,1.7642212014609483e-05,0.0144045450147256,0.0145938636501974,6.944285791357509e-05
12500,12,legacy,40dB,5,2.1622342915386923e-05,1.909404503620772e-05,0.0146018300718041,0.0145938636501974,6.205007808960887e-05
12500,12,legacy,40dB,6,2.2432446014128616e-05,2.263430594427321e-05,0.0145271714522197,0.0145938636501974,6.350329857790603e-05
12500,12,legacy,40dB,7,2.295437523325713e-05,2.076313786122368e-05,0.0145546969010695,0.0145938636501974,6.294164874890283e-05
12500,12,balanced,clean,0,4.8969367398098985e-17,1.8597842013646362e-17,0.014593863589521,0.0145938636501974,4.532393583195111e-17
12500,12,balanced,60dB,0,1.504645866833091e-07,1.4618807351399453e-07,0.0145978839096331,0.0145938636501974,6.574100233777691e-07
12500,12,balanced,60dB,1,1.7610315971811998e-07,1.4499193734508526e-07,0.0145906387192556,0.0145938636501974,6.929742443083473e-07
12500,12,balanced,60dB,2,1.9850570038734617e-07,1.9768340507797266e-07,0.0145997448462539,0.0145938636501974,6.455165739339724e-07
12500,12,balanced,60dB,3,1.7108642791107778e-07,1.5989180813579696e-07,0.0145867596338729,0.0145938636501974,6.406907634836266e-07
12500,12,balanced,60dB,4,1.8550925217650347e-07,1.6647060106697806e-07,0.0145928912269437,0.0145938636501974,6.705843815459415e-07
12500,12,balanced,60dB,5,1.7124517209392673e-07,1.603664579575503e-07,0.0145941837542021,0.0145938636501974,6.150324445027841e-07
12500,12,balanced,60dB,6,1.75676029960835e-07,1.3098143902594896e-07,0.0145899395033804,0.0145938636501974,6.423748198828724e-07
12500,12,balanced,60dB,7,1.867076420444715e-07,1.5282225979736008e-07,0.0145900444389445,0.0145938636501974,6.492672994918318e-07
12500,12,balanced,40dB,0,1.5046462898071277e-05,1.4618818247070363e-05,0.014647608607674,0.0145938636501974,6.574104060001079e-05
12500,12,balanced,40dB,1,1.7610366322021784e-05,1.449926135709734e-05,0.0145774642215926,0.0145938636501974,6.929741450793143e-05
12500,12,balanced,40dB,2,1.985057456423448e-05,1.9768361935860695e-05,0.0146705416744103,0.0145938636501974,6.45516552574535e-05
12500,12,balanced,40dB,3,1.7108643537932734e-05,1.5989165959496853e-05,0.014538221812299,0.0145938636501974,6.406902254510905e-05
12500,12,balanced,40dB,4,1.8550888573471283e-05,1.6647000005678673e-05,0.0146008357598001,0.0145938636501974,6.705841788392521e-05
12500,12,balanced,40dB,5,1.712457670831502e-05,1.6036676134956902e-05,0.0146124773613198,0.0145938636501974,6.150329471536032e-05
12500,12,balanced,40dB,6,1.7567631202163558e-05,1.309817615233268e-05,0.0145704335990173,0.0145938636501974,6.423748980784206e-05
12500,12,balanced,40dB,7,1.867078271603912e-05,1.5282233653130766e-05,0.0145724757900523,0.0145938636501974,6.492673711244187e-05
12750,5,legacy,clean,0,5.420414459022334e-07,7.008191038514323e-08,0.0139764417316691,0.013975476282135,1.1157354091743475e-06
12750,5,legacy,60dB,0,5.852446345689645e-07,1.0386842879499033e-07,0.0139704007364615,0.013975476282135,2.026139289705002e-06
12750,5,legacy,60dB,1,5.659795345451939e-07,8.794107464508087e-08,0.0139767128617722,0.013975476282135,2.037666430132664e-06
12750,5,legacy,60dB,2,5.599724864876723e-07,8.662444262916736e-08,0.0139728734512648,0.013975476282135,2.079002962095391e-06
12750,5,legacy,60dB,3,5.669651814233005e-07,9.985582600008225e-08,0.013974554846058,0.013975476282135,2.065945214636808e-06
12750,5,legacy,60dB,4,5.591960116078971e-07,9.912317065601296e-08,0.0139797289736026,0.013975476282135,2.064914039002441e-06
12750,5,legacy,60dB,5,5.855656877049452e-07,1.222918126646923e-07,0.0139662719277508,0.013975476282135,2.0579718262499125e-06
12750,5,legacy,60dB,6,5.744849815046475e-07,1.3210375526713906e-07,0.0139776817153891,0.013975476282135,2.080312113359531e-06
12750,5,legacy,60dB,7,5.730356654590724e-07,8.795605427473563e-08,0.0139872661091509,0.013975476282135,2.1163500895949003e-06
12750,5,legacy,40dB,0,3.740476037264502e-06,2.451625539965514e-06,0.0139187981822971,0.013975476282135,9.282215497342304e-05
12750,5,legacy,40dB,1,3.876849190187512e-06,3.7364124000727415e-06,0.0139822484595575,0.013975476282135,9.46927565480341e-05
12750,5,legacy,40dB,2,2.9316286053252347e-06,2.078665316426972e-06,0.0139429692043794,0.013975476282135,9.84645257715053e-05
12750,5,legacy,40dB,3,3.323023988484139e-06,1.987859502315605e-06,0.0139601046207451,0.013975476282135,9.037075886915892e-05
12750,5,legacy,40dB,4,3.072291049042405e-06,2.1709572694344694e-06,0.0140116728549496,0.013975476282135,9.540358285113982e-05
12750,5,legacy,40dB,5,3.831865662481901e-06,3.5378659334826144e-06,0.0138775982742845,0.013975476282135,9.11520352849819e-05
12750,5,legacy,40dB,6,2.947164316735901e-06,3.918629335112365e-06,0.0139909222563845,0.013975476282135,9.81617109790577e-05
12750,5,legacy,40dB,7,3.843704520614222e-06,2.5684070824926224e-06,0.0140876772273667,0.013975476282135,9.654710177084886e-05
12750,5,balanced,clean,0,5.13362066693881e-07,2.5346847723495104e-08,0.0139741516533858,0.013975476282135,1.2751362076013333e-06
12750,5,balanced,60dB,0,5.380670843917306e-07,3.7402124234220425e-08,0.0139766169730735,0.013975476282135,2.166371263879389e-06
12750,5,balanced,60dB,1,5.408292392129404e-07,5.3510722785887226e-08,0.0139724882965437,0.013975476282135,2.146501538821872e-06
12750,5,balanced,60dB,2,5.336011002790962e-07,4.6450838487428026e-08,0.013974788194549,0.013975476282135,2.3122514579971148e-06
12750,5,balanced,60dB,3,5.30004224690748e-07,3.6291034645483074e-08,0.013979868441184,0.013975476282135,2.2063469034798653e-06
12750,5,balanced,60dB,4,5.430085637352833e-07,5.425236895384929e-08,0.013978402515735,0.013975476282135,2.1480863233446364e-06
12750,5,balanced,60dB,5,5.531175240641468e-07,4.6512877988296296e-08,0.0139741846622151,0.013975476282135,2.2192868132777108e-06
12750,5,balanced,60dB,6,5.550610049198762e-07,4.087292837228309e-08,0.0139742671240372,0.013975476282135,2.256660699353355e-06
12750,5,balanced,60dB,7,5.277136452347336e-07,6.633760347566151e-08,0.0139707748677004,0.013975476282135,2.2277912447573145e-06
12750,5,balanced,40dB,0,2.771948278805633e-06,2.046224063720069e-06,0.0140008163862984,0.013975476282135,9.221398762750864e-05
12750,5,balanced,40dB,1,3.6320589503073504e-06,2.45788608869258e-06,0.0139603621101228,0.013975476282135,9.373792340572286e-05
12750,5,balanced,40dB,2,2.9560799823583982e-06,2.1997456823579656e-06,0.0139827573925973,0.013975476282135,9.965104173427288e-05
12750,5,balanced,40dB,3,2.7482271378791616e-06,2.371129802192624e-06,0.0140333879748597,0.013975476282135,8.984432603171605e-05
12750,5,balanced,40dB,4,3.5606871798759157e-06,3.16533300011669e-06,0.0140194111370213,0.013975476282135,9.47215518526424e-05
12750,5,balanced,40dB,5,3.2481322844834712e-06,2.0219654446085405e-06,0.0139768189573234,0.013975476282135,9.254830544540136e-05
12750,5,balanced,40dB,6,4.083883099196408e-06,1.4993167445054165e-06,0.0139784598915504,0.013975476282135,9.717332977513488e-05
12750,5,balanced,40dB,7,3.058464736186975e-06,3.2710877719336528e-06,0.0139427853834168,0.013975476282135,9.512135033670928e-05
12750,8,legacy,clean,0,2.0939354654918512e-10,9.09648680747626e-11,0.0139750787245855,0.013975476282135,3.2378316767380315e-10
12750,8,legacy,60dB,0,7.120845381772333e-08,5.8738368559436354e-08,0.0139662542192073,0.013975476282135,8.387476732928945e-07
12750,8,legacy,60dB,1,7.28779717180269e-08,9.650599242591494e-08,0.0139781523385876,0.013975476282135,8.55903779401586e-07
12750,8,legacy,60dB,2,8.53207035822419e-08,1.0216688666565421e-07,0.0139740848190555,0.013975476282135,8.633628420689935e-07
12750,8,legacy,60dB,3,8.20811901848048e-08,8.244724558997234e-08,0.0139748225917433,0.013975476282135,7.817282786734244e-07
12750,8,legacy,60dB,4,7.255984542258355e-08,9.440166767902081e-08,0.0139817864204433,0.013975476282135,8.39865453702349e-07
12750,8,legacy,60dB,5,7.150486603758639e-08,6.935498012112405e-08,0.0139681164723363,0.013975476282135,8.168900146536798e-07
12750,8,legacy,60dB,6,7.38693986765359e-08,1.0226793179217347e-07,0.0139748691837192,0.013975476282135,8.756988724895291e-07
12750,8,legacy,60dB,7,7.269206529858505e-08,8.498919368205048e-08,0.0139851948702026,0.013975476282135,8.481487893488791e-07
12750,8,legacy,40dB,0,7.072663949574684e-06,5.794259578303703e-06,0.0138931961347567,0.013975476282135,8.381542169505267e-05
12750,8,legacy,40dB,1,7.281085562925037e-06,9.683701519834878e-06,0.0140123690549938,0.013975476282135,8.56148688919595e-05
12750,8,legacy,40dB,2,8.451350552500682e-06,1.0184262146014072e-05,0.0139727396973439,0.013975476282135,8.624716734525567e-05
12750,8,legacy,40dB,3,8.20291941381605e-06,8.245020400150602e-06,0.0139799013882173,0.013975476282135,7.811819112103575e-05
12750,8,legacy,40dB,4,7.212629498788436e-06,9.556596243878338e-06,0.0140486445987503,0.013975476282135,8.387961847526443e-05
12750,8,legacy,40dB,5,7.147298488221938e-06,6.863879226556132e-06,0.0139118903364633,0.013975476282135,8.158476861826146e-05
12750,8,legacy,40dB,6,7.327413415636046e-06,1.0114432659766172e-05,0.0139795739198935,0.013975476282135,8.744524738858256e-05
12750,8,legacy,40dB,7,7.233138229950263e-06,8.406783748755501e-06,0.0140827482828753,0.013975476282135,8.475906952666705e-05
12750,8,balanced,clean,0,2.0620623810399727e-10,7.805710155136749e-11,0.0139752783336853,0.013975476282135,3.8451544969904696e-10
12750,8,balanced,60dB,0,6.514001916516605e-08,6.38937292973603e-08,0.0139775383241213,0.013975476282135,8.150866686203401e-07
12750,8,balanced,60dB,1,6.706824604233776e-08,7.027987912278615e-08,0.0139746511261761,0.013975476282135,8.41470034404056e-07
12750,8,balanced,60dB,2,6.826413637633622e-08,8.827392252940505e-08,0.0139777349974454,0.013975476282135,8.630095562240163e-07
12750,8,balanced,60dB,3,6.569912117779682e-08,6.925433534436326e-08,0.0139821779588608,0.013975476282135,7.813818414649634e-07
12750,8,balanced,60dB,4,7.414615429085193e-08,9.567333324566568e-08,0.0139773888104645,0.013975476282135,8.431977736622613e-07
12750,8,balanced,60dB,5,6.287836160869434e-08,5.7651159637371884e-08,0.0139746222079982,0.013975476282135,8.227791009119328e-07
12750,8,balanced,60dB,6,6.677081395569795e-08,6.486030754855115e-08,0.013976035378812,0.013975476282135,8.721217985976658e-07
12750,8,balanced,60dB,7,7.174897014928691e-08,7.768803672386297e-08,0.0139703154792576,0.013975476282135,8.46860873470857e-07
12750,8,balanced,40dB,0,6.52220752853775e-06,6.476729342564508e-06,0.0140037509012377,0.013975476282135,8.143272780738083e-05
12750,8,balanced,40dB,1,6.667221753603523e-06,7.007774489638225e-06,0.0139750046537429,0.013975476282135,8.414243042859e-05
12750,8,balanced,40dB,2,6.801846372201531e-06,8.81858721202357e-06,0.014005966032151,0.013975476282135,8.617452368846388e-05
12750,8,balanced,40dB,3,6.528005528542606e-06,6.919347227991677e-06,0.0140501474556127,0.013975476282135,7.805019128553426e-05
12750,8,balanced,40dB,4,7.381740004777055e-06,9.48598953264498e-06,0.0140030252357956,0.013975476282135,8.441584065992328e-05
12750,8,balanced,40dB,5,6.251789979799907e-06,5.784664196357022e-06,0.0139743419390342,0.013975476282135,8.241211964654907e-05
12750,8,balanced,40dB,6,6.671079417415901e-06,6.449666554245426e-06,0.0139888540120865,0.013975476282135,8.716461158160575e-05
12750,8,balanced,40dB,7,7.125496211667114e-06,7.739455982648939e-06,0.0139320596517748,0.013975476282135,8.468224222703537e-05
12750,12,legacy,clean,0,9.059366719814584e-17,4.659205306075513e-17,0.0139754760258225,0.013975476282135,6.943869814979704e-17
12750,12,legacy,60dB,0,2.205161553227187e-07,2.040161719937737e-07,0.0139654136459427,0.013975476282135,6.289427957902017e-07
12750,12,legacy,60dB,1,2.1031202343136645e-07,2.4256478607384546e-07,0.013971622979554,0.013975476282135,6.812792917496853e-07
12750,12,legacy,60dB,2,1.9955181497265481e-07,2.442786803210789e-07,0.0139707557363958,0.013975476282135,6.859268189866907e-07
12750,12,legacy,60dB,3,1.957356674963549e-07,1.8271953901814398e-07,0.0139750780479207,0.013975476282135,6.308226576637832e-07
12750,12,legacy,60dB,4,2.318867557075967e-07,2.564738997431545e-07,0.0139871242137628,0.013975476282135,6.571203784118307e-07
12750,12,legacy,60dB,5,2.1807073445345979e-07,1.933006086500159e-07,0.013981952297701,0.013975476282135,6.174879186770133e-07
12750,12,legacy,60dB,6,2.396773257498985e-07,2.345832999730081e-07,0.0139816223269684,0.013975476282135,6.792141987876371e-07
12750,12,legacy,60dB,7,1.7015420762414272e-07,1.7513505388674807e-07,0.0139924151866699,0.013975476282135,6.906223852097394e-07
12750,12,legacy,40dB,0,2.2051596280708677e-05,2.0401542266002948e-05,0.013894698661753,0.013975476282135,6.289428216802142e-05
12750,12,legacy,40dB,1,2.1031155097734934e-05,2.4256442724845648e-05,0.0139558735980026,0.013975476282135,6.812785689034086e-05
12750,12,legacy,40dB,2,1.9955257324370973e-05,2.4427906653663803e-05,0.013946232870732,0.013975476282135,6.859270053093556e-05
12750,12,legacy,40dB,3,1.9573492138828805e-05,1.8271924834486606e-05,0.0139891123822697,0.013975476282135,6.308229760937107e-05
12750,12,legacy,40dB,4,2.3188587095541205e-05,2.5647424841336e-05,0.0141128276247656,0.013975476282135,6.571208481334199e-05
12750,12,legacy,40dB,5,2.1807209221472968e-05,1.9330149799692453e-05,0.0140598652464856,0.013975476282135,6.174877991043472e-05
12750,12,legacy,40dB,6,2.39678560547568e-05,2.345831506793559e-05,0.0140585101200802,0.013975476282135,6.792142580250665e-05
12750,12,legacy,40dB,7,1.7015515672172713e-05,1.751354313693933e-05,0.0141601816078934,0.013975476282135,6.906219013650124e-05
12750,12,balanced,clean,0,7.422317516547221e-17,4.431972143218047e-17,0.0139754759806194,0.013975476282135,7.173510293215732e-17
12750,12,balanced,60dB,0,1.7422885699128218e-07,1.3947864184712085e-07,0.0139783646918984,0.013975476282135,6.349430005613153e-07
12750,12,balanced,60dB,1,1.8139472323470305e-07,1.8601098628873202e-07,0.0139804833834119,0.013975476282135,6.73145983831214e-07
12750,12,balanced,60dB,2,1.764100153267614e-07,2.0703491422127254e-07,0.0139785277944261,0.013975476282135,6.90805791651856e-07
12750,12,balanced,60dB,3,1.6248886489559298e-07,1.740420144686185e-07,0.0139834160209703,0.013975476282135,6.200090898225701e-07
12750,12,balanced,60dB,4,1.7511238823917346e-07,2.016907724193883e-07,0.0139838161916872,0.013975476282135,6.649748518873163e-07
12750,12,balanced,60dB,5,1.6771012695755086e-07,1.57968949781874e-07,0.0139797496052383,0.013975476282135,6.370020920732399e-07
12750,12,balanced,60dB,6,1.834718537279764e-07,1.837313658716849e-07,0.0139810181238907,0.013975476282135,6.567310882887979e-07
12750,12,balanced,60dB,7,1.6661238369417627e-07,1.7875099904454078e-07,0.013965693121655,0.013975476282135,6.865996128037381e-07
12750,12,balanced,40dB,0,1.7422851188840356e-05,1.394785543566941e-05,0.0140200436560296,0.013975476282135,6.349424345041621e-05
12750,12,balanced,40dB,1,1.8139442992978187e-05,1.8601081738245245e-05,0.0140418755043053,0.013975476282135,6.731467168360908e-05
12750,12,balanced,40dB,2,1.7640991689273916e-05,2.070348377614153e-05,0.0140218710102235,0.013975476282135,6.908057654812006e-05
12750,12,balanced,40dB,3,1.624888783055998e-05,1.740421960543093e-05,0.0140695003833115,0.013975476282135,6.200085548774988e-05
12750,12,balanced,40dB,4,1.751120512825334e-05,2.0169019550836437e-05,0.0140746381725443,0.013975476282135,6.649748114483517e-05
12750,12,balanced,40dB,5,1.6771038707006607e-05,1.5796865964162996e-05,0.0140333061642465,0.013975476282135,6.370015604862441e-05
12750,12,balanced,40dB,6,1.8347165844329056e-05,1.8373095695460587e-05,0.0140474098606407,0.013975476282135,6.567314048147158e-05
12750,12,balanced,40dB,7,1.6661211943019597e-05,1.7875037470290736e-05,0.0138926424790829,0.013975476282135,6.86599931289925e-05
13000,5,legacy,clean,0,6.413880144968319e-07,9.667875278358865e-08,0.0133954221522409,0.0133952442801607,1.3689096237932993e-06
13000,5,legacy,60dB,0,6.469748943652386e-07,1.1330884935922814e-07,0.0133950412919857,0.0133952442801607,2.2673605206899804e-06
13000,5,legacy,60dB,1,6.688105495906653e-07,1.1994831599791518e-07,0.0133890155897643,0.0133952442801607,2.300764370877177e-06
13000,5,legacy,60dB,2,6.718886750403173e-07,1.1041991715636965e-07,0.0133947217503053,0.0133952442801607,2.368971283438364e-06
13000,5,legacy,60dB,3,6.636557905222241e-07,1.1371598548231417e-07,0.0133973285137543,0.0133952442801607,2.214217488196979e-06
13000,5,legacy,60dB,4,6.827262126957751e-07,1.423745564415607e-07,0.0133998474703255,0.0133952442801607,2.2681452982558308e-06
13000,5,legacy,60dB,5,6.797577134469697e-07,1.5152759472574626e-07,0.0134072548769944,0.0133952442801607,2.27142302365668e-06
13000,5,legacy,60dB,6,6.744133898632325e-07,1.1220767418991773e-07,0.0133950090215563,0.0133952442801607,2.1843525858847183e-06
13000,5,legacy,60dB,7,6.715121119500283e-07,1.2375375874773393e-07,0.0133961724628019,0.0133952442801607,2.3014228112255297e-06
13000,5,legacy,40dB,0,3.0232857615670105e-06,2.120165958373265e-06,0.0133939395786368,0.0133952442801607,9.498464891167408e-05
13000,5,legacy,40dB,1,3.524979154250523e-06,2.8330437310782745e-06,0.0133339658932634,0.0133952442801607,9.496338674158824e-05
13000,5,legacy,40dB,2,4.007919615878385e-06,2.8524365861265407e-06,0.0133914796578805,0.0133952442801607,9.389256111737624e-05
13000,5,legacy,40dB,3,3.5054723511128565e-06,3.1865604324166027e-06,0.013417127173952,0.0133952442801607,9.141133040646328e-05
13000,5,legacy,40dB,4,3.740787207127853e-06,3.000001673917892e-06,0.0134423613502979,0.0133952442801607,9.668647763322792e-05
13000,5,legacy,40dB,5,4.02339034490242e-06,4.145723074977049e-06,0.0135167477051165,0.0133952442801607,9.19977241932139e-05
13000,5,legacy,40dB,6,3.219200259812612e-06,2.286291461642173e-06,0.0133935384038862,0.0133952442801607,9.165617275175888e-05
13000,5,legacy,40dB,7,3.851687121160944e-06,3.234391829010966e-06,0.0134058343159829,0.0133952442801607,9.650260838819442e-05
13000,5,balanced,clean,0,6.333439382609606e-07,6.258830911279362e-08,0.0134025910343396,0.0133952442801607,1.575048315613341e-06
13000,5,balanced,60dB,0,6.558233835668296e-07,8.059311885647189e-08,0.0134030903318204,0.0133952442801607,2.572201320111641e-06
13000,5,balanced,60dB,1,6.555540603130321e-07,1.0065919610511472e-07,0.0134007490745062,0.0133952442801607,2.426149941341535e-06
13000,5,balanced,60dB,2,6.592280227954351e-07,7.538092724902622e-08,0.0134035707139604,0.0133952442801607,2.4827980524573918e-06
13000,5,balanced,60dB,3,6.587624299025362e-07,7.381877294439086e-08,0.0133974744497508,0.0133952442801607,2.5858817752192784e-06
13000,5,balanced,60dB,4,6.70719987301739e-07,1.296097988605988e-07,0.0134095672651844,0.0133952442801607,2.4385889187017944e-06
13000,5,balanced,60dB,5,6.516766266472166e-07,9.280525283841593e-08,0.0133977453718576,0.0133952442801607,2.405389953662664e-06
13000,5,balanced,60dB,6,6.486986868123145e-07,8.0775036374408e-08,0.01340291754851,0.0133952442801607,2.581548272257255e-06
13000,5,balanced,60dB,7,6.555350890458393e-07,9.035844273285277e-08,0.0133948740299725,0.0133952442801607,2.530049715218614e-06
13000,5,balanced,40dB,0,3.3090343495132143e-06,3.084490349745821e-06,0.0134100349051054,0.0133952442801607,9.486967939954218e-05
13000,5,balanced,40dB,1,3.5399969328978027e-06,3.761156034567547e-06,0.0133868559877784,0.0133952442801607,9.256276718807664e-05
13000,5,balanced,40dB,2,3.341367548642159e-06,2.6825663772696752e-06,0.0134148370133116,0.0133952442801607,9.347209635528046e-05
13000,5,balanced,40dB,3,3.237729421127985e-06,2.7771369811539616e-06,0.0133537753890169,0.0133952442801607,9.281974883454252e-05
13000,5,balanced,40dB,4,3.87405919845813e-06,4.247302429722278e-06,0.0134752202975572,0.0133952442801607,9.405772370827318e-05
13000,5,balanced,40dB,5,2.8708229256526755e-06,3.036527814486059e-06,0.0133561885616227,0.0133952442801607,9.314095466488917e-05
13000,5,balanced,40dB,6,3.5337161710617072e-06,2.382045293769766e-06,0.0134086030007906,0.0133952442801607,9.297967263466036e-05
13000,5,balanced,40dB,7,3.5021346268568995e-06,3.7621550673698585e-06,0.0133280678698486,0.0133952442801607,9.691715614749503e-05
13000,8,legacy,clean,0,3.3690363607262067e-10,1.1232475883842463e-10,0.0133948621819251,0.0133952442801607,4.2862722583693803e-10
13000,8,legacy,60dB,0,6.330056907932473e-08,6.047117795513601e-08,0.013397814903922,0.0133952442801607,8.426775340022853e-07
13000,8,legacy,60dB,1,7.082059100067607e-08,5.880102502858918e-08,0.0133861183675951,0.0133952442801607,8.638953346260116e-07
13000,8,legacy,60dB,2,7.532512004633698e-08,6.559898449326233e-08,0.0133931987862653,0.0133952442801607,8.354514421242186e-07
13000,8,legacy,60dB,3,6.301786325614596e-08,7.266161841727361e-08,0.0133945184133612,0.0133952442801607,8.260879269306529e-07
13000,8,legacy,60dB,4,7.64717688260315e-08,7.417147146135968e-08,0.0133963930348147,0.0133952442801607,8.736573652124253e-07
13000,8,legacy,60dB,5,8.147861601448096e-08,7.894275386786802e-08,0.0134078916627081,0.0133952442801607,8.236353829653301e-07
13000,8,legacy,60dB,6,6.960255561728932e-08,6.601699389952566e-08,0.013390255329431,0.0133952442801607,8.214455494772727e-07
13000,8,legacy,60dB,7,8.224660230879362e-08,8.220078871732684e-08,0.0133940767986586,0.0133952442801607,8.538169084365157e-07
13000,8,legacy,40dB,0,6.323711948260076e-06,6.050367224906105e-06,0.0134300831402844,0.0133952442801607,8.438008873842708e-05
13000,8,legacy,40dB,1,6.887780335196252e-06,5.769745200768175e-06,0.0133136066451829,0.0133952442801607,8.642926896330068e-05
13000,8,legacy,40dB,2,7.492425228951464e-06,6.53585963902767e-06,0.0133849704314881,0.0133952442801607,8.342883334587e-05
13000,8,legacy,40dB,3,6.227385677184745e-06,7.2279554741801395e-06,0.013397024735464,0.0133952442801607,8.250218237664135e-05
13000,8,legacy,40dB,4,7.553681519622609e-06,7.384682732507244e-06,0.0134169627067856,0.0133952442801607,8.725534996126983e-05
13000,8,legacy,40dB,5,8.072257865291775e-06,7.892035302739832e-06,0.0135324174935933,0.0133952442801607,8.215908033639135e-05
13000,8,legacy,40dB,6,6.923186832977741e-06,6.60925914295473e-06,0.0133550238503938,0.0133952442801607,8.226861496101507e-05
13000,8,legacy,40dB,7,8.12938167038138e-06,8.159898181661229e-06,0.0133943182970403,0.0133952442801607,8.527855711233159e-05
13000,8,balanced,clean,0,2.7300611450641945e-10,5.0355365312891685e-11,0.0133950717055905,0.0133952442801607,5.199840093597444e-10
13000,8,balanced,60dB,0,6.61474968528195e-08,7.326772192796435e-08,0.0133945047392996,0.0133952442801607,8.354707207643535e-07
13000,8,balanced,60dB,1,6.2806602953995e-08,7.096530126824277e-08,0.0133943793361149,0.0133952442801607,8.438948069231882e-07
13000,8,balanced,60dB,2,5.90883209283894e-08,6.794955762741627e-08,0.0133975855939835,0.0133952442801607,8.309401041141101e-07
13000,8,balanced,60dB,3,7.25559458576731e-08,6.027619289939168e-08,0.0133884650414403,0.0133952442801607,7.976549042697762e-07
13000,8,balanced,60dB,4,6.234357453788516e-08,7.45347121405335e-08,0.0134028999198574,0.0133952442801607,8.515192929188207e-07
13000,8,balanced,60dB,5,5.970061442415833e-08,6.695259527122821e-08,0.0133924423328663,0.0133952442801607,8.362905536618826e-07
13000,8,balanced,60dB,6,7.98781834910854e-08,7.614444909033545e-08,0.0133944143303576,0.0133952442801607,8.023317084646659e-07
13000,8,balanced,60dB,7,6.900192695123181e-08,7.194079554302118e-08,0.0133864656178228,0.0133952442801607,8.609546767541056e-07
13000,8,balanced,40dB,0,6.5930197261907976e-06,7.2985291164465564e-06,0.0133953360444943,0.0133952442801607,8.351694052854208e-05
13000,8,balanced,40dB,1,6.243317618480527e-06,7.091616509903094e-06,0.0133937657194792,0.0133952442801607,8.425592215888362e-05
13000,8,balanced,40dB,2,5.897057158201992e-06,6.810706419837218e-06,0.0134255192205251,0.0133952442801607,8.308626256589189e-05
13000,8,balanced,40dB,3,7.181151069042169e-06,5.988105262341153e-06,0.0133354631127542,0.0133952442801607,7.981835584185244e-05
13000,8,balanced,40dB,4,6.217900255012947e-06,7.452454530237477e-06,0.0134789507698249,0.0133952442801607,8.500020291702455e-05
13000,8,balanced,40dB,5,5.951431431208623e-06,6.698929583308197e-06,0.0133741348606913,0.0133952442801607,8.358610447700917e-05
13000,8,balanced,40dB,6,7.957176895266966e-06,7.599653905709954e-06,0.0133956588053767,0.0133952442801607,8.01152775179106e-05
13000,8,balanced,40dB,7,6.854487785927242e-06,7.168766278995224e-06,0.0133151777534847,0.0133952442801607,8.597248165335756e-05
13000,12,legacy,clean,0,1.4426982438403367e-16,1.0645819734985205e-16,0.0133952441964586,0.0133952442801607,1.0845455031073432e-16
13000,12,legacy,60dB,0,2.312534302302135e-07,2.3134834306553045e-07,0.0133905116504457,0.0133952442801607,6.247894887870123e-07
13000,12,legacy,60dB,1,1.8424420972887657e-07,1.8360638696129413e-07,0.0133832023530702,0.0133952442801607,6.784597997543813e-07
13000,12,legacy,60dB,2,2.3513889373885245e-07,2.3438231092715562e-07,0.0134037879964401,0.0133952442801607,6.474421713734725e-07
13000,12,legacy,60dB,3,1.994725672093815e-07,2.238089518581067e-07,0.0133970797175422,0.0133952442801607,6.382467848198021e-07
13000,12,legacy,60dB,4,2.223062866292936e-07,2.3901486869659656e-07,0.0134014421512123,0.0133952442801607,6.812157463780628e-07
13000,12,legacy,60dB,5,2.1646132488113413e-07,2.245312846931813e-07,0.0134140855984373,0.0133952442801607,6.479720139586926e-07
13000,12,legacy,60dB,6,2.424990549626842e-07,2.493303770523243e-07,0.0133821381412756,0.0133952442801607,6.249317275012508e-07
13000,12,legacy,60dB,7,1.9385507627707826e-07,2.0734043374861482e-07,0.0133957157766437,0.0133952442801607,6.852774498773953e-07
13000,12,legacy,40dB,0,2.3125351384636397e-05,2.313477321826449e-05,0.0133687315534134,0.0133952442801607,6.247900457953868e-05
13000,12,legacy,40dB,1,1.8424377714140345e-05,1.836057599689432e-05,0.0132914076981937,0.0133952442801607,6.784585374733589e-05
13000,12,legacy,40dB,2,2.3513874917018774e-05,2.343833611200915e-05,0.0135018446822554,0.0133952442801607,6.474425218717907e-05
13000,12,legacy,40dB,3,1.994708491705029e-05,2.238072718663654e-05,0.0134315517665412,0.0133952442801607,6.382467879910737e-05
13000,12,legacy,40dB,4,2.2230563048978324e-05,2.390137789242666e-05,0.0134772312441798,0.0133952442801607,6.812160606300427e-05
13000,12,legacy,40dB,5,2.1646016051531455e-05,2.2453011344895435e-05,0.0136031396190505,0.0133952442801607,6.479721600670862e-05
13000,12,legacy,40dB,6,2.424987695555745e-05,2.4932914335618565e-05,0.0132860085310368,0.0133952442801607,6.249318082193742e-05
13000,12,legacy,40dB,7,1.9385472077068085e-05,2.0734013527431327e-05,0.0134174069196261,0.0133952442801607,6.852777544063406e-05
13000,12,balanced,clean,0,1.1503792618386712e-16,5.389269141286132e-17,0.0133952443825286,0.0133952442801607,1.1219850071336667e-16
13000,12,balanced,60dB,0,1.7109013416996948e-07,1.8128185298974128e-07,0.013392875184094,0.0133952442801607,6.543049012819355e-07
13000,12,balanced,60dB,1,1.7685655099279002e-07,2.27360371525711e-07,0.0133950212441307,0.0133952442801607,6.203328880134301e-07
13000,12,balanced,60dB,2,1.6064077920925076e-07,1.9327847134780238e-07,0.0133991198357285,0.0133952442801607,6.41668302189414e-07
13000,12,balanced,60dB,3,1.7500522010435205e-07,1.6712780125717178e-07,0.0133859822378573,0.0133952442801607,6.539860084006628e-07
13000,12,balanced,60dB,4,1.6242397468225442e-07,1.8221832529709105e-07,0.013406978444343,0.0133952442801607,6.588967556881775e-07
13000,12,balanced,60dB,5,1.870915809850429e-07,2.019608497081179e-07,0.0133879411017008,0.0133952442801607,6.450217873617709e-07
13000,12,balanced,60dB,6,1.6518571119653e-07,1.5619722113150993e-07,0.0133985934278511,0.0133952442801607,6.380356663714433e-07
13000,12,balanced,60dB,7,1.562036854256268e-07,1.866019501026772e-07,0.0133823654129859,0.0133952442801607,6.855397589404962e-07
13000,12,balanced,40dB,0,1.7109031104444753e-05,1.812822697462539e-05,0.013386950527947,0.0133952442801607,6.54305115034176e-05
13000,12,balanced,40dB,1,1.7685729974675065e-05,2.273612866886684e-05,0.0134089301630158,0.0133952442801607,6.20333070863891e-05
13000,12,balanced,40dB,2,1.606398151503218e-05,1.9327780876619144e-05,0.0134484564882523,0.0133952442801607,6.416685970159174e-05
13000,12,balanced,40dB,3,1.7500620965881164e-05,1.6712836753245894e-05,0.0133183735045818,0.0133952442801607,6.539852081455663e-05
13000,12,balanced,40dB,4,1.6242345115900062e-05,1.8221830307545128e-05,0.0135272031060426,0.0133952442801607,6.588972307369233e-05
13000,12,balanced,40dB,5,1.8709061180916097e-05,2.0196019617152308e-05,0.0133390497196227,0.0133952442801607,6.450214266507965e-05
13000,12,balanced,40dB,6,1.6518523908773173e-05,1.5619713707225576e-05,0.0134436015025518,0.0133952442801607,6.380362397861193e-05
13000,12,balanced,40dB,7,1.5620475579627365e-05,1.8660264001424912e-05,0.0132805131258283,0.0133952442801607,6.855399301751582e-05
13250,5,legacy,clean,0,7.868629097373134e-07,1.1989616265361245e-07,0.0128389257571734,0.0128516921825233,1.6784224999073623e-06
13250,5,legacy,60dB,0,8.221784984344476e-07,1.855988597777824e-07,0.0128358500079303,0.0128516921825233,2.507232679833147e-06
13250,5,legacy,60dB,1,8.321864026815021e-07,1.4303385349275158e-07,0.0128361440931854,0.0128516921825233,2.626444130398894e-06
13250,5,legacy,60dB,2,8.121522711082178e-07,1.379572423163114e-07,0.012838796024371,0.0128516921825233,2.5299677917130434e-06
13250,5,legacy,60dB,3,8.177339222182464e-07,1.3244997260465505e-07,0.0128393295129581,0.0128516921825233,2.645213386439703e-06
13250,5,legacy,60dB,4,8.058646134638496e-07,1.369720383449846e-07,0.0128299996084265,0.0128516921825233,2.5407590033810203e-06
13250,5,legacy,60dB,5,8.085465834801306e-07,1.3834359659291573e-07,0.0128383113379213,0.0128516921825233,2.5236623236868165e-06
13250,5,legacy,60dB,6,8.278594805800161e-07,1.6172036518526288e-07,0.0128366150581018,0.0128516921825233,2.5957616047362197e-06
13250,5,legacy,60dB,7,8.30186059740414e-07,1.6582095613832364e-07,0.0128479782688134,0.0128516921825233,2.6760819174843767e-06
13250,5,legacy,40dB,0,4.223073261504125e-06,4.080124554366648e-06,0.0128112513192067,0.0128516921825233,9.166478625638705e-05
13250,5,legacy,40dB,1,4.637844242529273e-06,3.442303795237909e-06,0.0128145068636958,0.0128516921825233,9.34209476142296e-05
13250,5,legacy,40dB,2,4.163202645619082e-06,3.351049638441247e-06,0.0128407518752712,0.0128516921825233,9.444554091729038e-05
13250,5,legacy,40dB,3,3.897182356943228e-06,2.712813640643162e-06,0.012845764924343,0.0128516921825233,9.217999364494196e-05
13250,5,legacy,40dB,4,3.312067452790641e-06,3.556562670860846e-06,0.0127519994572101,0.0128516921825233,9.187087600634338e-05
13250,5,legacy,40dB,5,3.4408250579696138e-06,3.1066488115944034e-06,0.0128352186900626,0.0128516921825233,9.50820794213872e-05
13250,5,legacy,40dB,6,3.8617813299551215e-06,2.6098311984389404e-06,0.0128184837191695,0.0128516921825233,9.36111837521498e-05
13250,5,legacy,40dB,7,4.681068148586922e-06,4.214702296258058e-06,0.012932911847312,0.0128516921825233,9.821207135156122e-05
13250,5,balanced,clean,0,7.648133168955705e-07,6.687763472070433e-08,0.0128543052158315,0.0128516921825233,1.9310152094628013e-06
13250,5,balanced,60dB,0,7.86734018344592e-07,1.0501646846452354e-07,0.0128475475711155,0.0128516921825233,2.908459040075116e-06
13250,5,balanced,60dB,1,7.84345802443269e-07,1.0388647380127615e-07,0.0128563821613247,0.0128516921825233,2.825400086718116e-06
13250,5,balanced,60dB,2,8.033130427268866e-07,1.022208005113449e-07,0.0128563103820157,0.0128516921825233,2.874594550402662e-06
13250,5,balanced,60dB,3,7.80537911321085e-07,7.158466038089818e-08,0.0128555664308772,0.0128516921825233,2.84916395499449e-06
13250,5,balanced,60dB,4,8.009924503813134e-07,9.776916880654737e-08,0.0128597598908032,0.0128516921825233,2.8570404499428527e-06
13250,5,balanced,60dB,5,7.921850758793757e-07,1.077587449153851e-07,0.0128536503874203,0.0128516921825233,2.914020728519044e-06
13250,5,balanced,60dB,6,8.032793164139465e-07,1.1915249341361555e-07,0.0128517265507564,0.0128516921825233,2.833942772302324e-06
13250,5,balanced,60dB,7,7.73520626854431e-07,7.581641718273628e-08,0.0128529440799508,0.0128516921825233,2.7741560944173325e-06
13250,5,balanced,40dB,0,3.7364972105106727e-06,3.138599268108445e-06,0.0127894812455508,0.0128516921825233,9.49162715946504e-05
13250,5,balanced,40dB,1,3.551425109327855e-06,3.691275874097644e-06,0.0128776659577007,0.0128516921825233,9.479121483875824e-05
13250,5,balanced,40dB,2,3.972733518910948e-06,3.10366921162314e-06,0.0128771798006167,0.0128516921825233,9.499342672659886e-05
13250,5,balanced,40dB,3,3.452036812312926e-06,2.8571704636651475e-06,0.0128694473438402,0.0128516921825233,9.125416998140466e-05
13250,5,balanced,40dB,4,3.681409096006538e-06,2.476160312237753e-06,0.0129114067699928,0.0128516921825233,9.308644337070037e-05
13250,5,balanced,40dB,5,3.671732372198936e-06,3.536434642918488e-06,0.0128503901331846,0.0128516921825233,9.606330003449144e-05
13250,5,balanced,40dB,6,3.747701540077013e-06,4.2253715788413335e-06,0.0128311167933083,0.0128516921825233,9.205622978432518e-05
13250,5,balanced,40dB,7,2.6273193309915578e-06,2.3928699054691504e-06,0.0128424692899394,0.0128516921825233,9.760605622915062e-05
13250,8,legacy,clean,0,4.0124482630821637e-10,1.4214050164621742e-10,0.0128521681494727,0.0128516921825233,5.692282221824203e-10
13250,8,legacy,60dB,0,7.239243232774785e-08,7.264759973058621e-08,0.0128507504168471,0.0128516921825233,8.256916769427251e-07
13250,8,legacy,60dB,1,9.649102845483257e-08,7.580889011356406e-08,0.0128431221115092,0.0128516921825233,8.173929916113292e-07
13250,8,legacy,60dB,2,8.681209035991411e-08,7.508735265360663e-08,0.012848651517888,0.0128516921825233,8.401286038640673e-07
13250,8,legacy,60dB,3,7.630392043652455e-08,5.823112334070753e-08,0.0128557851743195,0.0128516921825233,8.175734579314555e-07
13250,8,legacy,60dB,4,6.326779251361748e-08,6.626861451797957e-08,0.0128423178837414,0.0128516921825233,8.112300182408552e-07
13250,8,legacy,60dB,5,7.197615724370184e-08,6.42838456196731e-08,0.0128488614899931,0.0128516921825233,8.585366650722832e-07
13250,8,legacy,60dB,6,7.109652975607679e-08,6.692878780936397e-08,0.0128508067615779,0.0128516921825233,8.281052524157828e-07
13250,8,legacy,60dB,7,8.722879796148954e-08,7.526435853292124e-08,0.0128570711768822,0.0128516921825233,8.603621728491056e-07
13250,8,legacy,40dB,0,7.195671041614286e-06,7.287126350303744e-06,0.0128444661811397,0.0128516921825233,8.246184875326943e-05
13250,8,legacy,40dB,1,9.651799847934628e-06,7.670932299041086e-06,0.0127703982706055,0.0128516921825233,8.166245375233481e-05
13250,8,legacy,40dB,2,8.66431294568406e-06,7.554840798485019e-06,0.0128248016368713,0.0128516921825233,8.387848306026666e-05
13250,8,legacy,40dB,3,7.55323774036224e-06,5.8212815156515365e-06,0.0128951322076812,0.0128516921825233,8.162369732759054e-05
13250,8,legacy,40dB,4,6.3812309478074e-06,6.71844497115511e-06,0.0127594176563865,0.0128516921825233,8.104263722115728e-05
13250,8,legacy,40dB,5,7.203368220893564e-06,6.431104717506752e-06,0.0128255887725289,0.0128516921825233,8.573352408755382e-05
13250,8,legacy,40dB,6,7.022946317903175e-06,6.564530673645376e-06,0.0128448698627488,0.0128516921825233,8.26192165084207e-05
13250,8,legacy,40dB,7,8.60824418466865e-06,7.370909475085243e-06,0.0129089379909775,0.0128516921825233,8.61457221698631e-05
13250,8,balanced,clean,0,3.787262594067711e-10,6.977070299205769e-11,0.0128524793578783,0.0128516921825233,6.977102214903903e-10
13250,8,balanced,60dB,0,7.241500854883127e-08,6.503380479340307e-08,0.0128451429919696,0.0128516921825233,8.282589963332585e-07
13250,8,balanced,60dB,1,6.413248698157285e-08,6.684031491598545e-08,0.012853429051631,0.0128516921825233,8.459977443426816e-07
13250,8,balanced,60dB,2,7.442481911573601e-08,6.684381854425395e-08,0.0128566788370274,0.0128516921825233,8.394599592459731e-07
13250,8,balanced,60dB,3,6.157953532025132e-08,5.460204461422172e-08,0.0128562402697673,0.0128516921825233,8.048220936637579e-07
13250,8,balanced,60dB,4,7.66779154375073e-08,6.486008746298687e-08,0.0128594186004485,0.0128516921825233,8.105410909845801e-07
13250,8,balanced,60dB,5,6.61191778532279e-08,6.15521442466118e-08,0.0128491267746025,0.0128516921825233,8.539589308137558e-07
13250,8,balanced,60dB,6,6.88890267275232e-08,7.154777003020117e-08,0.0128502967273288,0.0128516921825233,7.939002215493063e-07
13250,8,balanced,60dB,7,6.016528589922886e-08,6.46082103020463e-08,0.012853260812723,0.0128516921825233,8.665305218931953e-07
13250,8,balanced,40dB,0,7.221756480375564e-06,6.4836095612220975e-06,0.0127856167137227,0.0128516921825233,8.276667050295776e-05
13250,8,balanced,40dB,1,6.341563326919623e-06,6.668955502133812e-06,0.0128676799423996,0.0128516921825233,8.47229985885675e-05
13250,8,balanced,40dB,2,7.375484408561052e-06,6.669675013092772e-06,0.0129011087941238,0.0128516921825233,8.385042811324596e-05
13250,8,balanced,40dB,3,6.076220895885612e-06,5.464745922277628e-06,0.0128955523108482,0.0128516921825233,8.048264640177273e-05
13250,8,balanced,40dB,4,7.633466449970989e-06,6.46666459603505e-06,0.0129287418794126,0.0128516921825233,8.090617297699517e-05
13250,8,balanced,40dB,5,6.6116218786848095e-06,6.184041749656641e-06,0.0128249073637577,0.0128516921825233,8.549307388367316e-05
13250,8,balanced,40dB,6,6.834442839483954e-06,7.136648494893667e-06,0.012836802013492,0.0128516921825233,7.93974841394135e-05
13250,8,balanced,40dB,7,5.994461208024176e-06,6.3876935083827365e-06,0.0128656901232109,0.0128516921825233,8.667283301084479e-05
13250,12,legacy,clean,0,1.7780787143820322e-16,1.3654363408608912e-16,0.012851692579434,0.0128516921825233,1.6882500130284543e-16
13250,12,legacy,60dB,0,2.0229938641561773e-07,2.032737969297182e-07,0.0128498439251263,0.0128516921825233,6.34769868051428e-07
13250,12,legacy,60dB,1,2.162142904179649e-07,1.856824851962565e-07,0.0128363343094328,0.0128516921825233,6.477707413172672e-07
13250,12,legacy,60dB,2,2.0609488370329605e-07,1.960238726984384e-07,0.0128479717408883,0.0128516921825233,6.681637109312285e-07
13250,12,legacy,60dB,3,2.0226381495816865e-07,1.860377888653149e-07,0.012853852582139,0.0128516921825233,6.371857230522049e-07
13250,12,legacy,60dB,4,1.673592805700735e-07,1.5999155446604776e-07,0.0128362037863736,0.0128516921825233,6.530879350239026e-07
13250,12,legacy,60dB,5,2.0927788942696697e-07,2.004519364005939e-07,0.0128446355328322,0.0128516921825233,6.732429611061149e-07
13250,12,legacy,60dB,6,2.0732074341155097e-07,1.9505366557547895e-07,0.012846144998837,0.0128516921825233,6.491236159155654e-07
13250,12,legacy,60dB,7,1.824738346688143e-07,1.810052720854637e-07,0.0128538963244526,0.0128516921825233,6.759988792105209e-07
13250,12,legacy,40dB,0,2.022997852268194e-05,2.03275281807502e-05,0.0128514130210163,0.0128516921825233,6.347696562421262e-05
13250,12,legacy,40dB,1,2.162146428049658e-05,1.8568414794738144e-05,0.0127175692007993,0.0128516921825233,6.47770298577963e-05
13250,12,legacy,40dB,2,2.0609557744890412e-05,1.9602515399857988e-05,0.0128330328028858,0.0128516921825233,6.68163116698932e-05
13250,12,legacy,40dB,3,2.022633788589668e-05,1.860372699793034e-05,0.0128914963062206,0.0128516921825233,6.371854755665875e-05
13250,12,legacy,40dB,4,1.673598494101349e-05,1.59992263339021e-05,0.0127118670409665,0.0128516921825233,6.530894632259829e-05
13250,12,legacy,40dB,5,2.092782600965397e-05,2.004522362173166e-05,0.0127999571605326,0.0128516921825233,6.732430585422872e-05
13250,12,legacy,40dB,6,2.073203679279854e-05,1.9505254331349408e-05,0.0128148756028236,0.0128516921825233,6.491236314877551e-05
13250,12,legacy,40dB,7,1.8247327231921007e-05,1.810043320973677e-05,0.0128901526185059,0.0128516921825233,6.759987049482724e-05
13250,12,balanced,clean,0,1.864442387053771e-16,8.416991441674752e-17,0.0128516921380978,0.0128516921825233,1.739840919883761e-16
13250,12,balanced,60dB,0,2.017059402254396e-07,1.8073857584442878e-07,0.01284644955869,0.0128516921825233,6.297480608285868e-07
13250,12,balanced,60dB,1,1.5244611215494188e-07,1.638412520798555e-07,0.0128535325751432,0.0128516921825233,6.725276649577033e-07
13250,12,balanced,60dB,2,1.5794837289065234e-07,1.6288436822767036e-07,0.0128546911004774,0.0128516921825233,6.612388771376148e-07
13250,12,balanced,60dB,3,1.7959686667477448e-07,1.607042212389495e-07,0.0128598356348323,0.0128516921825233,6.057509097708344e-07
13250,12,balanced,60dB,4,1.802298309581326e-07,1.5587285113614037e-07,0.0128575993466923,0.0128516921825233,6.326733649099044e-07
13250,12,balanced,60dB,5,1.8234760763547013e-07,1.6700269303494572e-07,0.0128460088299847,0.0128516921825233,6.605332091008331e-07
13250,12,balanced,60dB,6,1.6039410579608125e-07,1.7613146231398345e-07,0.0128499171984761,0.0128516921825233,6.01597151679925e-07
13250,12,balanced,60dB,7,1.8219493518629762e-07,1.8482401090792493e-07,0.0128518521016489,0.0128516921825233,6.643521687617087e-07
13250,12,balanced,40dB,0,2.0170432096846403e-05,1.807377712440465e-05,0.0128174197167155,0.0128516921825233,6.29748317106309e-05
13250,12,balanced,40dB,1,1.5244624930480138e-05,1.638410387515674e-05,0.0128838166723616,0.0128516921825233,6.725266125757636e-05
13250,12,balanced,40dB,2,1.579477061187051e-05,1.6288338460495515e-05,0.0128958970487779,0.0128516921825233,6.612388746224215e-05
13250,12,balanced,40dB,3,1.7959546261853282e-05,1.607029655836498e-05,0.0129492906830394,0.0128516921825233,6.057503000692251e-05
13250,12,balanced,40dB,4,1.8023018614476063e-05,1.558725559255278e-05,0.0129269849443488,0.0128516921825233,6.326734000813107e-05
13250,12,balanced,40dB,5,1.8234678440947764e-05,1.6700343990855897e-05,0.0128112702593331,0.0128516921825233,6.605326119957626e-05
13250,12,balanced,40dB,6,1.6039470382066184e-05,1.7613162747892452e-05,0.0128483782712065,0.0128516921825233,6.01598741521734e-05
13250,12,balanced,40dB,7,1.821948718918011e-05,1.848230137519566e-05,0.0128696893114477,0.0128516921825233,6.643511089577833e-05
13500,5,legacy,clean,0,9.841023254570474e-07,8.703785082654645e-08,0.0123444745510395,0.0123432446042172,2.054000035370618e-06
13500,5,legacy,60dB,0,1.034218869873405e-06,1.053297327175401e-07,0.0123468662337491,0.0123432446042172,3.024278036145926e-06
13500,5,legacy,60dB,1,1.0168113043904177e-06,1.2982426559953298e-07,0.012341050514025,0.0123432446042172,3.0180115045261955e-06
13500,5,legacy,60dB,2,1.0351389009771551e-06,1.3978913125493122e-07,0.0123397411868141,0.0123432446042172,3.002442419702392e-06
13500,5,legacy,60dB,3,1.0364768678992091e-06,1.400175744859505e-07,0.0123371025107656,0.0123432446042172,2.9040224276470622e-06
13500,5,legacy,60dB,4,1.0045073907298866e-06,1.0005165640828642e-07,0.0123450864445879,0.0123432446042172,2.910366802807738e-06
13500,5,legacy,60dB,5,1.019137487534776e-06,1.3137569575968842e-07,0.012341897601285,0.0123432446042172,2.938515166849829e-06
13500,5,legacy,60dB,6,1.0187772205014088e-06,1.0369280403021663e-07,0.0123479455845621,0.0123432446042172,2.934991692945892e-06
13500,5,legacy,60dB,7,9.973404753875827e-07,7.768679169728608e-08,0.0123431763116431,0.0123432446042172,3.0328847008623445e-06
13500,5,legacy,40dB,0,4.194601555816697e-06,2.378279725678701e-06,0.012371100711922,0.0123432446042172,9.693656830668952e-05
13500,5,legacy,40dB,1,4.012124833005709e-06,3.451544337297032e-06,0.0123129351136124,0.0123432446042172,9.706423278385964e-05
13500,5,legacy,40dB,2,4.830007572296593e-06,3.783526972761312e-06,0.0123004764482776,0.0123432446042172,0.0001012916922344
13500,5,legacy,40dB,3,5.007979307132123e-06,4.1566148943263366e-06,0.012274254279858,0.0123432446042172,9.7207202706344e-05
13500,5,legacy,40dB,4,3.2619325755719825e-06,1.9405669978386364e-06,0.0123526672661205,0.0123432446042172,8.900259255450373e-05
13500,5,legacy,40dB,5,3.65022288676302e-06,2.4558606772262603e-06,0.0123210208224347,0.0123432446042172,9.515055471979508e-05
13500,5,legacy,40dB,6,5.938407531400478e-06,3.123033611028941e-06,0.0123837924425212,0.0123432446042172,9.569222091260976e-05
13500,5,legacy,40dB,7,3.5063331032558096e-06,2.474316125827359e-06,0.0123338820063542,0.0123432446042172,9.697907539301572e-05
13500,5,balanced,clean,0,9.396550821731512e-07,6.106730229087206e-08,0.0123423619575296,0.0123432446042172,2.351109287515863e-06
13500,5,balanced,60dB,0,9.70137284437708e-07,9.394129569684902e-08,0.0123453132901853,0.0123432446042172,3.3565573853383487e-06
13500,5,balanced,60dB,1,9.82413825451951e-07,7.86994979550887e-08,0.0123363650894068,0.0123432446042172,3.3136539318368406e-06
13500,5,balanced,60dB,2,9.732581553009398e-07,1.1058504143991455e-07,0.0123445062339767,0.0123432446042172,3.2954867837094096e-06
13500,5,balanced,60dB,3,9.599474671117855e-07,6.958991820926777e-08,0.0123373113979696,0.0123432446042172,3.4323508520835763e-06
13500,5,balanced,60dB,4,9.6988750954836e-07,7.044717432578145e-08,0.0123399229596307,0.0123432446042172,3.227449228721065e-06
13500,5,balanced,60dB,5,9.60202544032573e-07,8.790337026713273e-08,0.0123480612915257,0.0123432446042172,3.29350019839724e-06
13500,5,balanced,60dB,6,9.680851635747916e-07,8.696155497717608e-08,0.0123368073050459,0.0123432446042172,3.25131099252035e-06
13500,5,balanced,60dB,7,9.539848579779475e-07,8.167931196751796e-08,0.0123415456992113,0.0123432446042172,3.195351331435145e-06
13500,5,balanced,40dB,0,3.834973137363889e-06,2.859412492474931e-06,0.0123744657801192,0.0123432446042172,9.585564070990432e-05
13500,5,balanced,40dB,1,3.926647978046197e-06,2.331194485247884e-06,0.0122849526817653,0.0123432446042172,9.742296337852236e-05
13500,5,balanced,40dB,2,3.902738619213614e-06,2.2931676370632604e-06,0.0123664317748064,0.0123432446042172,0.0001029564009327
13500,5,balanced,40dB,3,3.948242934463784e-06,2.6151409951202667e-06,0.0122946620259322,0.0123432446042172,0.0001002477639091
13500,5,balanced,40dB,4,3.849784407471029e-06,2.649612033432373e-06,0.0123205797835923,0.0123432446042172,8.891529009562124e-05
13500,5,balanced,40dB,5,3.501859180539283e-06,2.312239761214502e-06,0.0124017120269712,0.0123432446042172,9.59075282175674e-05
13500,5,balanced,40dB,6,3.865097378932651e-06,1.710273237563824e-06,0.0122894565741753,0.0123432446042172,9.76030382684106e-05
13500,5,balanced,40dB,7,3.0341580127435787e-06,2.1597866821193023e-06,0.0123361505795193,0.0123432446042172,9.498961711717477e-05
13500,8,legacy,clean,0,5.013698173374306e-10,2.7523335143241985e-10,0.012342570510027,0.0123432446042172,7.567426304270743e-10
13500,8,legacy,60dB,0,7.749940137672257e-08,8.039256203873763e-08,0.0123452972079196,0.0123432446042172,8.546450731779117e-07
13500,8,legacy,60dB,1,6.816667013981803e-08,8.693078300583629e-08,0.0123363498642391,0.0123432446042172,8.671104355259168e-07
13500,8,legacy,60dB,2,9.621016485270727e-08,1.0830039287865925e-07,0.0123380984864036,0.0123432446042172,8.916893765188795e-07
13500,8,legacy,60dB,3,8.51714409256671e-08,1.1268469427551473e-07,0.0123362020619229,0.0123432446042172,8.572661405933635e-07
13500,8,legacy,60dB,4,6.616598828328288e-08,7.378987523572589e-08,0.0123437120596094,0.0123432446042172,7.979103719838404e-07
13500,8,legacy,60dB,5,6.873425705166635e-08,1.0242842041110457e-07,0.0123403341083756,0.0123432446042172,8.319575894373244e-07
13500,8,legacy,60dB,6,1.0657062701838189e-07,1.0095448127071413e-07,0.0123473555041656,0.0123432446042172,8.51597582590935e-07
13500,8,legacy,60dB,7,7.282451631254107e-08,7.474935201161492e-08,0.0123426821484192,0.0123432446042172,8.561583269084348e-07
13500,8,legacy,40dB,0,7.677436157403117e-06,8.025101959309455e-06,0.0123767444434243,0.0123432446042172,8.542977272429435e-05
13500,8,legacy,40dB,1,6.740124011454331e-06,8.473751850306488e-06,0.012286427021786,0.0123432446042172,8.657785760515354e-05
13500,8,legacy,40dB,2,9.506710192513358e-06,1.0755990191242897e-05,0.0123063993946655,0.0123432446042172,8.923565374262345e-05
13500,8,legacy,40dB,3,8.423374366846192e-06,1.1142181192845083e-05,0.0122864622012719,0.0123432446042172,8.561595008709019e-05
13500,8,legacy,40dB,4,6.61857673922273e-06,7.373835024709267e-06,0.0123599474350355,0.0123432446042172,7.977567423546791e-05
13500,8,legacy,40dB,5,6.850098274869498e-06,1.0222988961440966e-05,0.0123263737615458,0.0123432446042172,8.303263921524074e-05
13500,8,legacy,40dB,6,1.0517536926483222e-05,1.0010048443581824e-05,0.0123998767943979,0.0123432446042172,8.509095857687167e-05
13500,8,legacy,40dB,7,7.259000648338619e-06,7.632383765615309e-06,0.0123502221617629,0.0123432446042172,8.567040995515431e-05
13500,8,balanced,clean,0,4.818105869737955e-10,1.2385661593228938e-10,0.012343272578949,0.0123432446042172,9.274485007796653e-10
13500,8,balanced,60dB,0,6.835223873055827e-08,7.872162721618928e-08,0.0123467709901272,0.0123432446042172,8.504568677723943e-07
13500,8,balanced,60dB,1,6.699787858429232e-08,7.545798592255824e-08,0.0123358419489843,0.0123432446042172,8.61911329645594e-07
13500,8,balanced,60dB,2,6.598582980872524e-08,7.83383367374232e-08,0.0123468283389825,0.0123432446042172,9.282341010397824e-07
13500,8,balanced,60dB,3,7.363803356349939e-08,9.36249393910991e-08,0.0123386743173396,0.0123432446042172,8.536882211785515e-07
13500,8,balanced,60dB,4,7.816173899691934e-08,9.01620594874009e-08,0.0123389059595749,0.0123432446042172,7.759616542307835e-07
13500,8,balanced,60dB,5,7.186837502533105e-08,8.800834835770325e-08,0.0123477200198389,0.0123432446042172,8.366257638022516e-07
13500,8,balanced,60dB,6,6.861570583409306e-08,6.869575565638218e-08,0.0123390242359168,0.0123432446042172,8.801648854552273e-07
13500,8,balanced,60dB,7,7.572545792415175e-08,8.070052854312324e-08,0.0123436931998626,0.0123432446042172,8.351171868904337e-07
13500,8,balanced,40dB,0,6.748311028813852e-06,7.775397182548648e-06,0.0123843258156674,0.0123432446042172,8.49571719364545e-05
13500,8,balanced,40dB,1,6.685204378185103e-06,7.5427732765510916e-06,0.0122749858411893,0.0123432446042172,8.610792260256961e-05
13500,8,balanced,40dB,2,6.556669229170644e-06,7.90154862128658e-06,0.0123847313265103,0.0123432446042172,9.270977339596128e-05
13500,8,balanced,40dB,3,7.331282971637722e-06,9.416118326555938e-06,0.0123038892017869,0.0123432446042172,8.528572439572244e-05
13500,8,balanced,40dB,4,7.746699194890852e-06,8.975680274905942e-06,0.0123065758033085,0.0123432446042172,7.751160829603802e-05
13500,8,balanced,40dB,5,7.1739107889695145e-06,8.845216977298678e-06,0.0123942065511814,0.0123432446042172,8.362708158830408e-05
13500,8,balanced,40dB,6,6.769184052615234e-06,6.869754426818335e-06,0.0123068765119165,0.0123432446042172,8.781818272327413e-05
13500,8,balanced,40dB,7,7.477608006598518e-06,7.964767395566106e-06,0.0123542034778075,0.0123432446042172,8.329260882877569e-05
13500,12,legacy,clean,0,3.095468948225576e-16,1.8673841536682463e-16,0.0123432440052707,0.0123432446042172,2.612820304115408e-16
13500,12,legacy,60dB,0,2.138569255482728e-07,2.220555692505389e-07,0.0123501337974369,0.0123432446042172,6.737476975417187e-07
13500,12,legacy,60dB,1,2.2146527090470465e-07,2.2356402827389242e-07,0.0123371327443961,0.0123432446042172,6.765296708515082e-07
13500,12,legacy,60dB,2,2.3231603354373574e-07,2.282992742392591e-07,0.0123450704603354,0.0123432446042172,6.876718963750405e-07
13500,12,legacy,60dB,3,2.1088984236324893e-07,2.395420546619589e-07,0.0123354800362017,0.0123432446042172,6.620907169994642e-07
13500,12,legacy,60dB,4,2.103329828153406e-07,1.855320491327482e-07,0.0123470773883454,0.0123432446042172,6.287402530972037e-07
13500,12,legacy,60dB,5,2.088478591956341e-07,2.0466834872317882e-07,0.0123435096549265,0.0123432446042172,6.490484109443146e-07
13500,12,legacy,60dB,6,1.8663085248178958e-07,1.9204511128238101e-07,0.0123475176548413,0.0123432446042172,6.887958462947958e-07
13500,12,legacy,60dB,7,1.893257113880286e-07,1.933109048150424e-07,0.0123418851889048,0.0123432446042172,6.713113529451719e-07
13500,12,legacy,40dB,0,2.1385797528685585e-05,2.220547679735154e-05,0.0124313891552081,0.0123432446042172,6.737473013885526e-05
13500,12,legacy,40dB,1,2.214645200429165e-05,2.23564075237561e-05,0.0123020631958229,0.0123432446042172,6.765294391567323e-05
13500,12,legacy,40dB,2,2.323145368530064e-05,2.282983697395588e-05,0.0123824168492705,0.0123432446042172,6.876728946732164e-05
13500,12,legacy,40dB,3,2.108904414483203e-05,2.3954140211678546e-05,0.0122845844603044,0.0123432446042172,6.620917103201444e-05
13500,12,legacy,40dB,4,2.103329155131084e-05,1.855320575362084e-05,0.012400507797744,0.0123432446042172,6.287397547904755e-05
13500,12,legacy,40dB,5,2.0884857225046344e-05,2.0466920318556688e-05,0.0123646968804651,0.0123432446042172,6.490489245052795e-05
13500,12,legacy,40dB,6,1.8663057328619527e-05,1.920460511230249e-05,0.0124027772497833,0.0123432446042172,6.887966193678613e-05
13500,12,legacy,40dB,7,1.893267148595657e-05,1.933119325767168e-05,0.0123466952559866,0.0123432446042172,6.713114403176764e-05
13500,12,balanced,clean,0,2.9223410129144485e-16,1.7523687286262026e-16,0.0123432439177901,0.0123432446042172,2.6854450244790954e-16
13500,12,balanced,60dB,0,1.9203255859681597e-07,2.129431106751643e-07,0.0123466311938557,0.0123432446042172,6.485091623582265e-07
13500,12,balanced,60dB,1,2.1414525384151123e-07,1.9150349667458584e-07,0.0123428241441111,0.0123432446042172,6.588500740328686e-07
13500,12,balanced,60dB,2,1.9036891434662786e-07,1.8313008782763144e-07,0.0123468217106043,0.0123432446042172,7.389034046683844e-07
13500,12,balanced,60dB,3,1.928305340292828e-07,1.884998105258355e-07,0.0123336938249979,0.0123432446042172,6.75812870735201e-07
13500,12,balanced,60dB,4,1.7143433146681548e-07,1.8981633802939264e-07,0.0123367174656137,0.0123432446042172,6.073694201850741e-07
13500,12,balanced,60dB,5,2.289466324927488e-07,2.40516672712728e-07,0.0123547550456837,0.0123432446042172,6.252944040242347e-07
13500,12,balanced,60dB,6,1.722779487052473e-07,1.821168576494057e-07,0.0123381572353064,0.0123432446042172,7.020922400657006e-07
13500,12,balanced,60dB,7,1.755960692942654e-07,1.8025141884541225e-07,0.0123497944910832,0.0123432446042172,6.595247957305175e-07
13500,12,balanced,40dB,0,1.9203276707616685e-05,2.129426078456916e-05,0.0123943996295698,0.0123432446042172,6.485094952705357e-05
13500,12,balanced,40dB,1,2.1414538940018907e-05,1.9150417830934238e-05,0.0123583192674039,0.0123432446042172,6.588505137100779e-05
13500,12,balanced,40dB,2,1.903684895141529e-05,1.8312852074006808e-05,0.0123961550057424,0.0123432446042172,7.389037516877017e-05
13500,12,balanced,40dB,3,1.9283012770819397e-05,1.8850019252504766e-05,0.012265097697301,0.0123432446042172,6.758125926858731e-05
13500,12,balanced,40dB,4,1.7143389967103797e-05,1.8981631085695075e-05,0.0122934084426811,0.0123432446042172,6.0736956073326495e-05
13500,12,balanced,40dB,5,2.2894778673388963e-05,2.4051774507198844e-05,0.0124789605090768,0.0123432446042172,6.25294205405311e-05
13500,12,balanced,40dB,6,1.7227675155401485e-05,1.8211504496642388e-05,0.0123078819886236,0.0123432446042172,7.02092110426281e-05
13500,12,balanced,40dB,7,1.755969183736367e-05,1.802523284337855e-05,0.0124245533818671,0.0123432446042172,6.595243468137517e-05
13750,5,legacy,clean,0,1.1569312408038435e-06,1.807540038469673e-07,0.0118661571706491,0.0118682444082595,2.503485335566832e-06
13750,5,legacy,60dB,0,1.1865504392267836e-06,2.009104806057455e-07,0.0118746872301979,0.0118682444082595,3.5015291315683512e-06
13750,5,legacy,60dB,1,1.1862549292633924e-06,2.1027208668384277e-07,0.0118651318653479,0.0118682444082595,3.397056084874319e-06
13750,5,legacy,60dB,2,1.1772971887506663e-06,1.9478228425314038e-07,0.0118724602857829,0.0118682444082595,3.6593651484569784e-06
13750,5,legacy,60dB,3,1.1918776831167228e-06,2.2580895227811034e-07,0.0118641597895484,0.0118682444082595,3.3569686502696904e-06
13750,5,legacy,60dB,4,1.19263839211201e-06,2.196173927542332e-07,0.0118708578195696,0.0118682444082595,3.3119613848326646e-06
13750,5,legacy,60dB,5,1.1696607509548523e-06,1.7763780397922598e-07,0.0118702661663201,0.0118682444082595,3.462742778852152e-06
13750,5,legacy,60dB,6,1.2019283008999438e-06,2.0494539849734437e-07,0.0118654627944013,0.0118682444082595,3.504924606410365e-06
13750,5,legacy,60dB,7,1.193260624120938e-06,2.361966507551847e-07,0.0118697384885257,0.0118682444082595,3.4380660701935844e-06
13750,5,legacy,40dB,0,4.321926635320725e-06,4.3457543183343794e-06,0.0119543265695468,0.0118682444082595,9.57072307612198e-05
13750,5,legacy,40dB,1,3.948730931606875e-06,3.2457083992370517e-06,0.0118584026804432,0.0118682444082595,9.3359120406133e-05
13750,5,legacy,40dB,2,3.424765115133372e-06,2.948154779976171e-06,0.0119312524963817,0.0118682444082595,9.887985017403488e-05
13750,5,legacy,40dB,3,3.968875404330909e-06,3.0612656189177177e-06,0.0118486458393824,0.0118682444082595,9.465256279362738e-05
13750,5,legacy,40dB,4,3.941148267678433e-06,3.1679382360742124e-06,0.0119155908053676,0.0118682444082595,9.205897116758729e-05
13750,5,legacy,40dB,5,3.945560830610644e-06,2.2949874224516045e-06,0.0119099084618465,0.0118682444082595,9.7519040464187e-05
13750,5,legacy,40dB,6,3.786669300148138e-06,3.480409321621551e-06,0.011861393175629,0.0118682444082595,9.670121850994696e-05
13750,5,legacy,40dB,7,4.06143153408672e-06,2.7529689698830536e-06,0.0119045115558745,0.0118682444082595,9.576018034603898e-05
13750,5,balanced,clean,0,1.1301562195438812e-06,9.791232030160272e-08,0.0118763487538124,0.0118682444082595,2.85106372227042e-06
13750,5,balanced,60dB,0,1.1601327706361762e-06,1.0781552122035313e-07,0.011876986646236,0.0118682444082595,3.906625869379132e-06
13750,5,balanced,60dB,1,1.1630619478416232e-06,1.3354109000468544e-07,0.0118675801783373,0.0118682444082595,3.675655788337597e-06
13750,5,balanced,60dB,2,1.1758667487903208e-06,1.445674412801045e-07,0.011880731566633,0.0118682444082595,3.7092123021329473e-06
13750,5,balanced,60dB,3,1.1634919667933495e-06,1.2582978870061706e-07,0.0118794717513909,0.0118682444082595,3.859339513584787e-06
13750,5,balanced,60dB,4,1.1597962924993613e-06,1.232179286272747e-07,0.0118794554634384,0.0118682444082595,3.8050809036563096e-06
13750,5,balanced,60dB,5,1.1787680154859629e-06,1.763556097125677e-07,0.0118792242797415,0.0118682444082595,3.737523237071446e-06
13750,5,balanced,60dB,6,1.1748044926081868e-06,1.558130861478338e-07,0.0118839329359145,0.0118682444082595,3.722301886888483e-06
13750,5,balanced,60dB,7,1.14615442206986e-06,1.4559682441087533e-07,0.0118703411205706,0.0118682444082595,3.672840553589521e-06
13750,5,balanced,40dB,0,4.066672522856674e-06,3.1442000562031957e-06,0.0118853644288408,0.0118682444082595,9.68037574925468e-05
13750,5,balanced,40dB,1,4.104469547410371e-06,3.662472832345772e-06,0.0117913082551054,0.0118682444082595,9.17702083899832e-05
13750,5,balanced,40dB,2,4.858700576981795e-06,4.296633271380636e-06,0.0119234483210827,0.0118682444082595,9.578507784885336e-05
13750,5,balanced,40dB,3,4.399974106155574e-06,3.84391177834854e-06,0.011910515190011,0.0118682444082595,9.461024585122442e-05
13750,5,balanced,40dB,4,4.024623089598678e-06,3.2140244045188416e-06,0.0119100139162126,0.0118682444082595,9.299142009628924e-05
13750,5,balanced,40dB,5,4.395899055789792e-06,5.495722513859568e-06,0.0119078836379805,0.0118682444082595,9.514484448162431e-05
13750,5,balanced,40dB,6,4.325646630180365e-06,3.870668958479508e-06,0.0119549395825124,0.0118682444082595,9.444144787322826e-05
13750,5,balanced,40dB,7,3.638873159813597e-06,3.789640040070108e-06,0.0118186211563092,0.0118682444082595,9.549470982461374e-05
13750,8,legacy,clean,0,7.429830654519026e-10,1.9105426058443896e-10,0.0118679354648577,0.0118682444082595,1.004124840770949e-09
13750,8,legacy,60dB,0,7.229241461581516e-08,8.484128110247967e-08,0.0118750849558485,0.0118682444082595,8.35149857240832e-07
13750,8,legacy,60dB,1,6.205607693012544e-08,7.305662970458746e-08,0.0118667964809071,0.0118682444082595,8.270812369123436e-07
13750,8,legacy,60dB,2,6.582127076792149e-08,6.330011604905018e-08,0.0118775465585968,0.0118682444082595,8.579848069411581e-07
13750,8,legacy,60dB,3,6.505596604079417e-08,7.478084063966341e-08,0.0118653755386853,0.0118682444082595,8.407875742456228e-07
13750,8,legacy,60dB,4,7.435939068751578e-08,5.418648437713905e-08,0.0118747566793327,0.0118682444082595,8.122074045115769e-07
13750,8,legacy,60dB,5,8.765817355388437e-08,8.694370918965597e-08,0.0118736640485069,0.0118682444082595,8.331720698194035e-07
13750,8,legacy,60dB,6,6.413073281803729e-08,6.346636626618357e-08,0.0118677147506794,0.0118682444082595,8.444796125516898e-07
13750,8,legacy,60dB,7,6.990883592363869e-08,6.679106160677413e-08,0.0118722948648755,0.0118682444082595,8.379075590147625e-07
13750,8,legacy,40dB,0,7.260980108236004e-06,8.5028942689028e-06,0.0119459751175759,0.0118682444082595,8.326476404479745e-05
13750,8,legacy,40dB,1,6.247841450422966e-06,7.317427581377179e-06,0.0118621795928803,0.0118682444082595,8.258970529890185e-05
13750,8,legacy,40dB,2,6.520298403696632e-06,6.313403209349524e-06,0.0119699151747924,0.0118682444082595,8.543973186966405e-05
13750,8,legacy,40dB,3,6.410849239873148e-06,7.493769798503928e-06,0.0118481031795613,0.0118682444082595,8.413139054141943e-05
13750,8,legacy,40dB,4,7.31991285118467e-06,5.37766446303832e-06,0.0119427306153999,0.0118682444082595,8.147456342835932e-05
13750,8,legacy,40dB,5,8.645115367555057e-06,8.67745536523969e-06,0.0119329965218293,0.0118682444082595,8.351180150869857e-05
13750,8,legacy,40dB,6,6.3608491759471805e-06,6.298285564196795e-06,0.0118714545517704,0.0118682444082595,8.454552143913267e-05
13750,8,legacy,40dB,7,6.940348582857259e-06,6.67986631655294e-06,0.0119177774121072,0.0118682444082595,8.356709471483924e-05
13750,8,balanced,clean,0,6.142488318640307e-10,1.2403967005236474e-10,0.0118679211396529,0.0118682444082595,1.2217131713292995e-09
13750,8,balanced,60dB,0,7.534681983635198e-08,6.18625017979092e-08,0.0118698310768766,0.0118682444082595,8.358539550765447e-07
13750,8,balanced,60dB,1,6.787955087528465e-08,6.473601258842256e-08,0.0118572243131225,0.0118682444082595,8.144217888745255e-07
13750,8,balanced,60dB,2,6.955057665041838e-08,6.990918739411892e-08,0.0118714798145345,0.0118682444082595,8.483577960099047e-07
13750,8,balanced,60dB,3,7.123172744756186e-08,7.584373852151533e-08,0.0118715136180224,0.0118682444082595,8.162719215620682e-07
13750,8,balanced,60dB,4,6.750652811013258e-08,6.569291986805113e-08,0.0118729107152213,0.0118682444082595,8.065139955776494e-07
13750,8,balanced,60dB,5,7.8175386202442e-08,1.007287174726838e-07,0.0118714840038473,0.0118682444082595,8.272605816448563e-07
13750,8,balanced,60dB,6,6.485702727412067e-08,6.568998029678751e-08,0.0118767534139823,0.0118682444082595,8.3914588298029e-07
13750,8,balanced,60dB,7,5.708283168351584e-08,5.888613595981793e-08,0.0118620655819128,0.0118682444082595,8.631283426752353e-07
13750,8,balanced,40dB,0,7.478912907751641e-06,6.168514945767772e-06,0.0118937514848388,0.0118682444082595,8.349100306716544e-05
13750,8,balanced,40dB,1,6.710272023535632e-06,6.411009820584899e-06,0.0117669898791033,0.0118682444082595,8.155313004613274e-05
13750,8,balanced,40dB,2,6.946330699973512e-06,6.905767142663949e-06,0.0119097642416419,0.0118682444082595,8.469558404619257e-05
13750,8,balanced,40dB,3,7.042265131480507e-06,7.495292409805283e-06,0.011910181399444,0.0118682444082595,8.140256886461277e-05
13750,8,balanced,40dB,4,6.713651507857832e-06,6.5585419624181145e-06,0.0119238610098032,0.0118682444082595,8.063235949403301e-05
13750,8,balanced,40dB,5,7.725723972528797e-06,1.0005960239407414e-05,0.0119104992799472,0.0118682444082595,8.255191881358551e-05
13750,8,balanced,40dB,6,6.525091702413509e-06,6.677527735251578e-06,0.0119621259326166,0.0118682444082595,8.363436673011662e-05
13750,8,balanced,40dB,7,5.68079720909449e-06,5.95604208137263e-06,0.0118144810593845,0.0118682444082595,8.599800329529816e-05
13750,12,legacy,clean,0,4.480907974592085e-16,2.646824257747197e-16,0.0118682443277794,0.0118682444082595,4.013572652029764e-16
13750,12,legacy,60dB,0,1.745419627388511e-07,2.034195892969531e-07,0.0118776612818067,0.0118682444082595,6.564914674384795e-07
13750,12,legacy,60dB,1,1.9454030666370798e-07,1.916683964987145e-07,0.0118642451448833,0.0118682444082595,6.3518586809652e-07
13750,12,legacy,60dB,2,1.913771820332581e-07,1.9955692942438426e-07,0.0118805651578881,0.0118682444082595,6.903713521086964e-07
13750,12,legacy,60dB,3,1.927639633928448e-07,2.0072252368580042e-07,0.011863432019948,0.0118682444082595,6.612159345103024e-07
13750,12,legacy,60dB,4,2.158369087292294e-07,2.0470560565518602e-07,0.0118792666662732,0.0118682444082595,6.373180625154233e-07
13750,12,legacy,60dB,5,2.111613044130526e-07,1.9703028104350808e-07,0.0118768455122639,0.0118682444082595,6.746791058925813e-07
13750,12,legacy,60dB,6,2.0973273005761986e-07,2.1761664781331066e-07,0.011866262953658,0.0118682444082595,6.499340752696658e-07
13750,12,legacy,60dB,7,1.986721388546389e-07,2.1983954988398706e-07,0.0118749870457222,0.0118682444082595,6.452795420603793e-07
13750,12,legacy,40dB,0,1.7454402294064966e-05,2.034201934479723e-05,0.0119781228507228,0.0118682444082595,6.564914117215598e-05
13750,12,legacy,40dB,1,1.945424505341543e-05,1.9166808280238827e-05,0.0118457613408095,0.0118682444082595,6.351849718139826e-05
13750,12,legacy,40dB,2,1.9137707068377067e-05,1.9955650189401178e-05,0.0120086765641183,0.0118682444082595,6.903721930669296e-05
13750,12,legacy,40dB,3,1.9276219534078003e-05,2.007198212626097e-05,0.0118374698293698,0.0118682444082595,6.612143478495084e-05
13750,12,legacy,40dB,4,2.1583764090798334e-05,2.0470654774760303e-05,0.0119978931077256,0.0118682444082595,6.373189659293595e-05
13750,12,legacy,40dB,5,2.111590753633429e-05,1.9703022963397488e-05,0.0119732604671212,0.0118682444082595,6.74680254834166e-05
13750,12,legacy,40dB,6,2.097326028346248e-05,2.1761588716242816e-05,0.011867306519553,0.0118682444082595,6.499341559741032e-05
13750,12,legacy,40dB,7,1.986710054963746e-05,2.198387731324121e-05,0.0119535518863723,0.0118682444082595,6.452791004038994e-05
13750,12,balanced,clean,0,4.1857130154194004e-16,2.12196153913609e-16,0.01186824414412,0.0118682444082595,4.124371484040403e-16
13750,12,balanced,60dB,0,2.0927104898287933e-07,1.9731513356554566e-07,0.0118648547429445,0.0118682444082595,6.482656727048388e-07
13750,12,balanced,60dB,1,1.9397250198824507e-07,1.8917481707641378e-07,0.0118560968712878,0.0118682444082595,6.39166523338556e-07
13750,12,balanced,60dB,2,1.6397806796154266e-07,1.6154223424395997e-07,0.0118726676451775,0.0118682444082595,6.737671270392539e-07
13750,12,balanced,60dB,3,1.8263440150391149e-07,1.8578036545416338e-07,0.0118752875327415,0.0118682444082595,6.370831843354428e-07
13750,12,balanced,60dB,4,2.2430311907798053e-07,2.2375318845166838e-07,0.0118754539128318,0.0118682444082595,6.008164588761144e-07
13750,12,balanced,60dB,5,1.77105591409289e-07,2.0961105942991627e-07,0.0118743669027922,0.0118682444082595,6.702887164919421e-07
13750,12,balanced,60dB,6,1.7411754694015233e-07,2.0336797130717187e-07,0.0118737827443848,0.0118682444082595,6.512502824843913e-07
13750,12,balanced,60dB,7,1.6027540216256315e-07,1.8310780021781848e-07,0.0118630151892132,0.0118682444082595,6.631264741106932e-07
13750,12,balanced,40dB,0,2.092714750491133e-05,1.9731570178790018e-05,0.0118531845693829,0.0118682444082595,6.482656960288723e-05
13750,12,balanced,40dB,1,1.9397296811291583e-05,1.8917537436862136e-05,0.0117642289875923,0.0118682444082595,6.39166207523591e-05
13750,12,balanced,40dB,2,1.639773985044661e-05,1.6154250924514546e-05,0.0119272371138692,0.0118682444082595,6.737680230913738e-05
13750,12,balanced,40dB,3,1.8263528037716733e-05,1.857812525541087e-05,0.0119551152143612,0.0118682444082595,6.370826889655787e-05
13750,12,balanced,40dB,4,2.243026669755036e-05,2.237535145116047e-05,0.0119605290667485,0.0118682444082595,6.00815917978833e-05
13750,12,balanced,40dB,5,1.7710461597107717e-05,2.0961039111515264e-05,0.011945411136529,0.0118682444082595,6.702893659151071e-05
13750,12,balanced,40dB,6,1.7411745990884188e-05,2.033683163562058e-05,0.011939300717293,0.0118682444082595,6.512488362234835e-05
13750,12,balanced,40dB,7,1.6027517943257156e-05,1.831077757733852e-05,0.0118303793589768,0.0118682444082595,6.63126612490733e-05
14000,5,legacy,clean,0,1.3838598235576673e-06,1.6819779963121067e-07,0.0114076393378434,0.0114249705721473,3.0376541755696026e-06
14000,5,legacy,60dB,0,1.418759292204575e-06,1.7736547562864305e-07,0.0114071600586419,0.0114249705721473,3.947743292308707e-06
14000,5,legacy,60dB,1,1.4199735497682572e-06,1.940964829221044e-07,0.0114065687264978,0.0114249705721473,3.939509956775489e-06
14000,5,legacy,60dB,2,1.4137350529629164e-06,2.137056932419921e-07,0.0114087894721996,0.0114249705721473,3.949273374194022e-06
14000,5,legacy,60dB,3,1.4117869260887794e-06,2.168446228909421e-07,0.0113990585967931,0.0114249705721473,3.793278765217282e-06
14000,5,legacy,60dB,4,1.4012900463241472e-06,1.7657327415714218e-07,0.0114224515413861,0.0114249705721473,4.089358658463149e-06
14000,5,legacy,60dB,5,1.43927493557212e-06,2.189431891149304e-07,0.0113971753162828,0.0114249705721473,3.961308668859026e-06
14000,5,legacy,60dB,6,1.4245932015334346e-06,2.1844118636053217e-07,0.0114005415735907,0.0114249705721473,4.03049566948805e-06
14000,5,legacy,60dB,7,1.4090211822738874e-06,1.941415133227022e-07,0.0114006365662818,0.0114249705721473,3.944429841967931e-06
14000,5,legacy,40dB,0,4.533801055192549e-06,3.2281137879004665e-06,0.011405647492374,0.0114249705721473,9.315221340638708e-05
14000,5,legacy,40dB,1,4.054458631262931e-06,2.6588107080634285e-06,0.0113992426859334,0.0114249705721473,9.66186684157682e-05
14000,5,legacy,40dB,2,4.071562511205211e-06,3.616602616225304e-06,0.0114215296317991,0.0114249705721473,9.6710003994671e-05
14000,5,legacy,40dB,3,4.203833433765123e-06,3.647742269146676e-06,0.0113243726299253,0.0114249705721473,8.882202424450729e-05
14000,5,legacy,40dB,4,4.781990596973007e-06,3.4473555212759736e-06,0.0115589852018157,0.0114249705721473,0.0001000387156869
14000,5,legacy,40dB,5,6.041233211352352e-06,3.774007309405213e-06,0.0113071023445055,0.0114249705721473,9.300487889609042e-05
14000,5,legacy,40dB,6,4.342900293150774e-06,3.037242830370694e-06,0.0113392134020059,0.0114249705721473,9.72706488109632e-05
14000,5,legacy,40dB,7,3.5676120414514414e-06,2.778611962946969e-06,0.0113395437608585,0.0114249705721473,9.660715867098998e-05
14000,5,balanced,clean,0,1.368317709967617e-06,1.0177080847188087e-07,0.0114305331922289,0.0114249705721473,3.448619969364057e-06
14000,5,balanced,60dB,0,1.3928004833778787e-06,1.39626959555601e-07,0.0114316653558964,0.0114249705721473,4.46221123126185e-06
14000,5,balanced,60dB,1,1.3845802871417785e-06,1.3609754869939977e-07,0.0114298482949836,0.0114249705721473,4.292811315216576e-06
14000,5,balanced,60dB,2,1.386616798279789e-06,1.120825625454316e-07,0.0114227369428987,0.0114249705721473,4.410970156049535e-06
14000,5,balanced,60dB,3,1.3949446888064928e-06,1.2524405782731357e-07,0.0114260535630057,0.0114249705721473,4.31974381658207e-06
14000,5,balanced,60dB,4,1.3869182949555e-06,1.2057403517876585e-07,0.0114305065174528,0.0114249705721473,4.42044732696257e-06
14000,5,balanced,60dB,5,1.3871798606082597e-06,1.1857167141982477e-07,0.0114309054107946,0.0114249705721473,4.311632072177093e-06
14000,5,balanced,60dB,6,1.3956201568030242e-06,1.2981707954140702e-07,0.0114211121950431,0.0114249705721473,4.4859760902971495e-06
14000,5,balanced,60dB,7,1.4021063251986568e-06,1.6981744914066478e-07,0.0114347376506297,0.0114249705721473,4.338910617338517e-06
14000,5,balanced,40dB,0,3.747240843098719e-06,3.0538883399354486e-06,0.0114439889243025,0.0114249705721473,9.487940068278282e-05
14000,5,balanced,40dB,1,3.9947610944417895e-06,2.768006826988012e-06,0.0114261480373888,0.0114249705721473,9.522141182945048e-05
14000,5,balanced,40dB,2,4.010112645323517e-06,2.0804689065776577e-06,0.011355029502979,0.0114249705721473,9.788760779677276e-05
14000,5,balanced,40dB,3,3.606230218528723e-06,2.259126019970673e-06,0.0113877085427167,0.0114249705721473,9.015272197960296e-05
14000,5,balanced,40dB,4,3.98228027840601e-06,2.512596199063017e-06,0.0114326944011863,0.0114249705721473,0.0001009042353806
14000,5,balanced,40dB,5,4.128718531508747e-06,2.8583583086310213e-06,0.0114368271572,0.0114249705721473,9.416972497995703e-05
14000,5,balanced,40dB,6,4.001210665929548e-06,2.939926378837836e-06,0.0113386830888585,0.0114249705721473,9.777391217435256e-05
14000,5,balanced,40dB,7,3.9407303866825e-06,3.932284765232954e-06,0.0114748123027613,0.0114249705721473,9.580060213461417e-05
14000,8,legacy,clean,0,8.92413854581045e-10,2.6725461437045126e-10,0.0114255866211357,0.0114249705721473,1.330039706303901e-09
14000,8,legacy,60dB,0,6.948156748386076e-08,6.155489501309173e-08,0.0114228807916848,0.0114249705721473,8.058587199418614e-07
14000,8,legacy,60dB,1,7.588482884365513e-08,6.605713444245407e-08,0.0114241299836655,0.0114249705721473,8.50941339814094e-07
14000,8,legacy,60dB,2,7.37715163878963e-08,7.338353009913432e-08,0.0114283200299088,0.0114249705721473,8.443809177955105e-07
14000,8,legacy,60dB,3,8.644551133446916e-08,7.192360354713211e-08,0.0114144316240002,0.0114249705721473,7.710536585347257e-07
14000,8,legacy,60dB,4,8.916053577249256e-08,7.979797319229116e-08,0.0114453892564459,0.0114249705721473,8.698286060213825e-07
14000,8,legacy,60dB,5,9.61039691352481e-08,6.76600553086363e-08,0.011413509835887,0.0114249705721473,8.266616512270348e-07
14000,8,legacy,60dB,6,7.806702045941766e-08,7.065396103045513e-08,0.0114160547894548,0.0114249705721473,8.315058282113078e-07
14000,8,legacy,60dB,7,6.481039316622682e-08,6.009591952387415e-08,0.0114219469255237,0.0114249705721473,8.511433607984614e-07
14000,8,legacy,40dB,0,6.905617131071786e-06,6.171263225695337e-06,0.011404747159808,0.0114249705721473,8.050209953348965e-05
14000,8,legacy,40dB,1,7.386818406251062e-06,6.51365916719661e-06,0.0114176562482759,0.0114249705721473,8.509121054808136e-05
14000,8,legacy,40dB,2,7.252034201196624e-06,7.268557071513209e-06,0.0114594430596286,0.0114249705721473,8.43692299118221e-05
14000,8,legacy,40dB,3,8.45600062974267e-06,7.074241618573005e-06,0.0113216362270224,0.0114249705721473,7.701440107222059e-05
14000,8,legacy,40dB,4,8.719418307327318e-06,7.859993533690574e-06,0.0116314488189124,0.0114249705721473,8.676896330713025e-05
14000,8,legacy,40dB,5,9.509149567020109e-06,6.768879220733504e-06,0.0113133749102488,0.0114249705721473,8.23876483121829e-05
14000,8,legacy,40dB,6,7.77248739081503e-06,7.112306171628604e-06,0.0113372681532374,0.0114249705721473,8.294372758324537e-05
14000,8,legacy,40dB,7,6.354231796492178e-06,6.04301293554683e-06,0.0113949038246046,0.0114249705721473,8.481283919788652e-05
14000,8,balanced,clean,0,8.461978206391772e-10,1.7051974469817327e-10,0.0114258962900222,0.0114249705721473,1.5965037587384495e-09
14000,8,balanced,60dB,0,6.169009575308559e-08,6.466486851989457e-08,0.0114281342027728,0.0114249705721473,8.090602958166459e-07
14000,8,balanced,60dB,1,6.405764710115885e-08,5.749792228626517e-08,0.0114250994292157,0.0114249705721473,8.460595832156785e-07
14000,8,balanced,60dB,2,6.326035483587601e-08,4.9707725255330385e-08,0.0114196417858237,0.0114249705721473,8.61179112565724e-07
14000,8,balanced,60dB,3,6.830328580968696e-08,5.640841128408078e-08,0.0114211343302164,0.0114249705721473,7.700393914314778e-07
14000,8,balanced,60dB,4,6.874433181016526e-08,6.351240728044283e-08,0.0114238806880068,0.0114249705721473,8.703275215296398e-07
14000,8,balanced,60dB,5,7.484150125471818e-08,6.776270062817233e-08,0.0114246642706061,0.0114249705721473,8.179045344895842e-07
14000,8,balanced,60dB,6,6.612999458414325e-08,6.91633211889437e-08,0.0114156466929315,0.0114249705721473,8.527814177470964e-07
14000,8,balanced,60dB,7,7.641130392991558e-08,7.513491317414732e-08,0.0114304072187561,0.0114249705721473,8.24456260463055e-07
14000,8,balanced,40dB,0,6.162789564132366e-06,6.4886985966090444e-06,0.0114538289219161,0.0114249705721473,8.062518781394912e-05
14000,8,balanced,40dB,1,6.305221257518401e-06,5.750213668828457e-06,0.0114235999425245,0.0114249705721473,8.456143305700674e-05
14000,8,balanced,40dB,2,6.300011385523625e-06,4.987548298664119e-06,0.0113690262716552,0.0114249705721473,8.588325889846888e-05
14000,8,balanced,40dB,3,6.821004183852208e-06,5.678370174667975e-06,0.0113844222790704,0.0114249705721473,7.675845241203771e-05
14000,8,balanced,40dB,4,6.824572833755707e-06,6.378054439030745e-06,0.0114118850151649,0.0114249705721473,8.680378110510795e-05
14000,8,balanced,40dB,5,7.356986849998663e-06,6.70396876449605e-06,0.0114201922834798,0.0114249705721473,8.156045540452313e-05
14000,8,balanced,40dB,6,6.587017420439761e-06,6.838893246813427e-06,0.0113293336523706,0.0114249705721473,8.512619240704326e-05
14000,8,balanced,40dB,7,7.547744008744587e-06,7.522360369047818e-06,0.0114777968241113,0.0114249705721473,8.218174884435404e-05
14000,12,legacy,clean,0,6.038108257987305e-16,3.753771252590376e-16,0.0114249707377684,0.0114249705721473,6.135882499699909e-16
14000,12,legacy,60dB,0,2.2188558759435322e-07,1.9205251010695078e-07,0.0114234897465104,0.0114249705721473,6.051056556744521e-07
14000,12,legacy,60dB,1,1.8747220718419217e-07,1.82357658405586e-07,0.0114242631255674,0.0114249705721473,6.734121301971049e-07
14000,12,legacy,60dB,2,2.1709905851107517e-07,2.117825117087841e-07,0.0114330920537134,0.0114249705721473,6.36821580712804e-07
14000,12,legacy,60dB,3,1.9981733847718846e-07,1.6191836138522153e-07,0.0114072932445235,0.0114249705721473,6.005003833898182e-07
14000,12,legacy,60dB,4,2.207415564631737e-07,2.1259932028909029e-07,0.0114407565794167,0.0114249705721473,6.839281914636344e-07
14000,12,legacy,60dB,5,2.0075850602737122e-07,1.898550322579955e-07,0.0114130261561153,0.0114249705721473,6.462036620148505e-07
14000,12,legacy,60dB,6,1.942811025867843e-07,1.8018800708984581e-07,0.0114145834260701,0.0114249705721473,6.52508654052488e-07
14000,12,legacy,60dB,7,1.7514121150921698e-07,1.5882139740857177e-07,0.0114236107828412,0.0114249705721473,6.588073546472065e-07
14000,12,legacy,40dB,0,2.218860942630054e-05,1.92052029287395e-05,0.011430130578744,0.0114249705721473,6.0510693337861e-05
14000,12,legacy,40dB,1,1.874716391990916e-05,1.8235882863564025e-05,0.0114347670576125,0.0114249705721473,6.734116108518274e-05
14000,12,legacy,40dB,2,2.170991465468119e-05,2.1178351111580043e-05,0.0115257228212937,0.0114249705721473,6.36821255726057e-05
14000,12,legacy,40dB,3,1.998188697443067e-05,1.61919131743373e-05,0.0112661795189146,0.0114249705721473,6.005008106424618e-05
14000,12,legacy,40dB,4,2.207401135976843e-05,2.125990544055283e-05,0.0116026957500524,0.0114249705721473,6.839279401598868e-05
14000,12,legacy,40dB,5,2.007585512716317e-05,1.8985627660537272e-05,0.0113235931913099,0.0114249705721473,6.462038692192941e-05
14000,12,legacy,40dB,6,1.9428047586166084e-05,1.8018657811559885e-05,0.0113385828573511,0.0114249705721473,6.525076913899433e-05
14000,12,legacy,40dB,7,1.7514137618842265e-05,1.5882179425207274e-05,0.0114271339140059,0.0114249705721473,6.588069007000502e-05
14000,12,balanced,clean,0,6.411246720822295e-16,2.9851978361453647e-16,0.0114249706814401,0.0114249705721473,6.258798659143098e-16
14000,12,balanced,60dB,0,1.603269224943249e-07,1.6300032280270689e-07,0.0114261835721596,0.0114249705721473,6.304545879876829e-07
14000,12,balanced,60dB,1,1.563195868345193e-07,1.549187366102005e-07,0.0114233131792112,0.0114249705721473,6.701137527509212e-07
14000,12,balanced,60dB,2,1.8896363745887386e-07,1.5954869601573184e-07,0.0114146846241871,0.0114249705721473,6.650174235897227e-07
14000,12,balanced,60dB,3,1.7350986538321945e-07,1.4819661676467066e-07,0.0114168959108231,0.0114249705721473,6.164457092173841e-07
14000,12,balanced,60dB,4,2.034592144527165e-07,1.687553656271012e-07,0.011422562023248,0.0114249705721473,6.770235230409602e-07
14000,12,balanced,60dB,5,1.872240622648085e-07,1.7213946294850234e-07,0.01142328835606,0.0114249705721473,6.406091181393402e-07
14000,12,balanced,60dB,6,1.8101886057592606e-07,1.592817806468478e-07,0.0114117052906996,0.0114249705721473,6.680746911095995e-07
14000,12,balanced,60dB,7,2.0282018466774799e-07,1.6525113040683257e-07,0.0114271476617014,0.0114249705721473,6.378910264973149e-07
14000,12,balanced,40dB,0,1.6032670967778677e-05,1.6300062122649608e-05,0.0114515289903841,0.0114249705721473,6.304537100061187e-05
14000,12,balanced,40dB,1,1.563179947940919e-05,1.549180602378198e-05,0.0114224642627683,0.0114249705721473,6.701130151686653e-05
14000,12,balanced,40dB,2,1.8896173198638272e-05,1.5954697533338663e-05,0.0113391166457401,0.0114249705721473,6.650196063625325e-05
14000,12,balanced,40dB,3,1.7350876832870724e-05,1.4819539121524551e-05,0.0113598387534554,0.0114249705721473,6.164463026954673e-05
14000,12,balanced,40dB,4,2.034591527870292e-05,1.6875539628190362e-05,0.0114191954226597,0.0114249705721473,6.770250829335315e-05
14000,12,balanced,40dB,5,1.8722397037510848e-05,1.721397137639025e-05,0.01142499758406,0.0114249705721473,6.406083890366243e-05
14000,12,balanced,40dB,6,1.8101910050864163e-05,1.592815880142623e-05,0.0113086084954863,0.0114249705721473,6.680752882720484e-05
14000,12,balanced,40dB,7,2.0281783491082875e-05,1.652489546244897e-05,0.0114649940657036,0.0114249705721473,6.37889889774326e-05
14250,5,legacy,clean,0,1.703812480000584e-06,1.0913672437769265e-07,0.0110179346462265,0.0110116556012474,3.669044038378924e-06
14250,5,legacy,60dB,0,1.7071025590178264e-06,1.1883372407502375e-07,0.0110215724374458,0.0110116556012474,4.422791140993707e-06
14250,5,legacy,60dB,1,1.7326224824298169e-06,1.4807672338822324e-07,0.0110189023529207,0.0110116556012474,4.857938591716191e-06
14250,5,legacy,60dB,2,1.751954561595932e-06,1.3623318403044398e-07,0.011024487374925,0.0110116556012474,4.460761823318834e-06
14250,5,legacy,60dB,3,1.7176770257762782e-06,1.397154581660392e-07,0.0110256384631214,0.0110116556012474,4.669476192050666e-06
14250,5,legacy,60dB,4,1.716704650591695e-06,1.0948501836002565e-07,0.0110136015149196,0.0110116556012474,4.622772298023856e-06
14250,5,legacy,60dB,5,1.7136299049928906e-06,1.2307993980317785e-07,0.0110167284855165,0.0110116556012474,4.536792755041289e-06
14250,5,legacy,60dB,6,1.7187716367706403e-06,1.262082378232694e-07,0.011019556097652,0.0110116556012474,4.606406091260395e-06
14250,5,legacy,60dB,7,1.7386600659003448e-06,1.20095788763945e-07,0.0110178276685943,0.0110116556012474,4.603554502149129e-06
14250,5,legacy,40dB,0,4.286894662315315e-06,2.3547501771570127e-06,0.0110568627398118,0.0110116556012474,8.955518877199235e-05
14250,5,legacy,40dB,1,3.653192425290856e-06,1.7326710270146753e-06,0.0110292729930896,0.0110116556012474,0.0001052326734037
14250,5,legacy,40dB,2,5.029389051459646e-06,3.197969911299785e-06,0.0110863060889674,0.0110116556012474,9.390957801241172e-05
14250,5,legacy,40dB,3,4.618005376739536e-06,3.152335429594177e-06,0.0110977483626149,0.0110116556012474,9.29061138846802e-05
14250,5,legacy,40dB,4,4.785754375059403e-06,2.3797903296380683e-06,0.0109775563533466,0.0110116556012474,9.344591193263976e-05
14250,5,legacy,40dB,5,4.833677923230398e-06,2.9086514172951406e-06,0.0110089047303199,0.0110116556012474,9.048218089197718e-05
14250,5,legacy,40dB,6,4.936916667759702e-06,3.617256504168736e-06,0.0110372326731017,0.0110116556012474,9.82518749317115e-05
14250,5,legacy,40dB,7,3.705252476503415e-06,2.625382863513619e-06,0.0110185178340418,0.0110116556012474,0.0001000728015113
14250,5,balanced,clean,0,1.647036971857488e-06,8.797637982362386e-08,0.0110074568828405,0.0110116556012474,4.151407555181405e-06
14250,5,balanced,60dB,0,1.679015018217971e-06,9.266209194606216e-08,0.0110147172744187,0.0110116556012474,4.84914386865977e-06
14250,5,balanced,60dB,1,1.6581888515953225e-06,1.16253392029635e-07,0.0110056846045833,0.0110116556012474,5.276749617117726e-06
14250,5,balanced,60dB,2,1.6638982350352502e-06,1.017236819511628e-07,0.0110062248596807,0.0110116556012474,5.069536962971078e-06
14250,5,balanced,60dB,3,1.6814302409992809e-06,1.0937997745249739e-07,0.0110054316884383,0.0110116556012474,5.171791724917156e-06
14250,5,balanced,60dB,4,1.7029737322190068e-06,1.2241219786795193e-07,0.0110020836976701,0.0110116556012474,4.869166812851573e-06
14250,5,balanced,60dB,5,1.663913759361087e-06,1.1787323316414829e-07,0.0110116271780993,0.0110116556012474,4.937784471847454e-06
14250,5,balanced,60dB,6,1.6780247960353778e-06,1.1278980288838913e-07,0.0110115544279333,0.0110116556012474,5.209166267335897e-06
14250,5,balanced,60dB,7,1.6668347608195378e-06,9.874098140174818e-08,0.0110168329694404,0.0110116556012474,5.072456090137137e-06
14250,5,balanced,40dB,0,4.517749250057654e-06,3.252940653904868e-06,0.0110826117304371,0.0110116556012474,8.89316868893748e-05
14250,5,balanced,40dB,1,4.541321790120397e-06,3.313969918693193e-06,0.0109925168662889,0.0110116556012474,0.0001026260913254
14250,5,balanced,40dB,2,3.930904935773485e-06,1.919274451747912e-06,0.0109972519065739,0.0110116556012474,9.661379555337865e-05
14250,5,balanced,40dB,3,3.607502350123134e-06,1.7445665622977025e-06,0.010988821471505,0.0110116556012474,9.402537872683752e-05
14250,5,balanced,40dB,4,6.013011778773241e-06,2.544484745266439e-06,0.010957531638339,0.0110116556012474,9.016755348314712e-05
14250,5,balanced,40dB,5,4.180629568210106e-06,2.2670098657983664e-06,0.0110515246601491,0.0110116556012474,9.091398793103288e-05
14250,5,balanced,40dB,6,5.450264881269682e-06,2.9676329503837373e-06,0.0110519256834357,0.0110116556012474,9.917777336342011e-05
14250,5,balanced,40dB,7,4.04131104298179e-06,1.7020217055127355e-06,0.0111034140450202,0.0110116556012474,0.0001010732889686
14250,8,legacy,clean,0,1.0814294061957107e-09,5.278255196486233e-10,0.0110109583549501,0.0110116556012474,1.7581423251363415e-09
14250,8,legacy,60dB,0,6.83238697100504e-08,7.339776980234076e-08,0.0110170082706603,0.0110116556012474,7.809142055783793e-07
14250,8,legacy,60dB,1,6.892871761967792e-08,8.57162895947749e-08,0.0110070049931979,0.0110116556012474,8.937575658892419e-07
14250,8,legacy,60dB,2,9.317339677005274e-08,9.885261741400337e-08,0.0110162757482614,0.0110116556012474,8.064670187808501e-07
14250,8,legacy,60dB,3,7.450662691619635e-08,8.366726297489642e-08,0.0110225554337256,0.0110116556012474,7.927324510059158e-07
14250,8,legacy,60dB,4,7.624494013142747e-08,9.266337173832553e-08,0.0110070351384728,0.0110116556012474,8.138248803994029e-07
14250,8,legacy,60dB,5,7.343621707988398e-08,8.830272942124279e-08,0.0110120817951291,0.0110116556012474,7.716734557510235e-07
14250,8,legacy,60dB,6,8.815382688329465e-08,1.0091831588052153e-07,0.0110145686716305,0.0110116556012474,8.49161477965681e-07
14250,8,legacy,60dB,7,6.71522042642212e-08,7.425712983384973e-08,0.011012420800915,0.0110116556012474,8.806867922845373e-07
14250,8,legacy,40dB,0,6.864999338528382e-06,7.670859082021015e-06,0.0110776490055583,0.0110116556012474,7.776440031414442e-05
14250,8,legacy,40dB,1,6.716519088240824e-06,8.401048219114165e-06,0.0109774617022045,0.0110116556012474,8.934242401237858e-05
14250,8,legacy,40dB,2,9.115361861742366e-06,9.796618388556452e-06,0.0110723256488224,0.0110116556012474,8.06434955692666e-05
14250,8,legacy,40dB,3,7.472370360435512e-06,8.342904014884277e-06,0.0111336661796607,0.0110116556012474,7.905410518674731e-05
14250,8,legacy,40dB,4,7.470254767224044e-06,9.1043262682516e-06,0.0109784437284082,0.0110116556012474,8.117293765962307e-05
14250,8,legacy,40dB,5,7.154621833784942e-06,8.620433561022884e-06,0.0110286227492677,0.0110116556012474,7.701511853281027e-05
14250,8,legacy,40dB,6,8.801233268646382e-06,1.0077333032284137e-05,0.0110549909496192,0.0110116556012474,8.494185946202642e-05
14250,8,legacy,40dB,7,6.613903473638396e-06,7.588513966083133e-06,0.0110315349288948,0.0110116556012474,8.784689626543924e-05
14250,8,balanced,clean,0,1.0743309365962194e-09,2.3963558327575115e-10,0.0110121711477894,0.0110116556012474,2.069477547886216e-09
14250,8,balanced,60dB,0,6.510717715089427e-08,8.285079059858357e-08,0.0110203129564095,0.0110116556012474,7.787380307871154e-07
14250,8,balanced,60dB,1,9.366618800205729e-08,1.2243514857912556e-07,0.0110091058935478,0.0110116556012474,8.384476931112628e-07
14250,8,balanced,60dB,2,7.33365436135604e-08,7.766974070467379e-08,0.0110127777084037,0.0110116556012474,8.244731204989899e-07
14250,8,balanced,60dB,3,5.975716323044728e-08,6.010372026131646e-08,0.0110093062992337,0.0110116556012474,7.899298598721915e-07
14250,8,balanced,60dB,4,8.307975580513139e-08,6.023672736690598e-08,0.0110068104576046,0.0110116556012474,7.915379924315526e-07
14250,8,balanced,60dB,5,6.100870353629202e-08,6.93872747566851e-08,0.0110151430570707,0.0110116556012474,7.763569669153582e-07
14250,8,balanced,60dB,6,8.973144283135451e-08,9.288134263285837e-08,0.0110170612618684,0.0110116556012474,8.400435470494847e-07
14250,8,balanced,60dB,7,6.08611324896232e-08,6.573249211222634e-08,0.0110192931714973,0.0110116556012474,9.004193162463465e-07
14250,8,balanced,40dB,0,6.324739610243535e-06,8.20565454017599e-06,0.0110992725708072,0.0110116556012474,7.790499792317101e-05
14250,8,balanced,40dB,1,9.128360158000872e-06,1.2111549242801449e-05,0.0109897199726294,0.0110116556012474,8.382197992825464e-05
14250,8,balanced,40dB,2,7.195328569023549e-06,7.730607776422583e-06,0.0110247083860439,0.0110116556012474,8.182619042595757e-05
14250,8,balanced,40dB,3,5.9032783966609846e-06,6.024810300358492e-06,0.0109888380379746,0.0110116556012474,7.867642093800913e-05
14250,8,balanced,40dB,4,8.33999990741592e-06,6.095878926512396e-06,0.0109660831172689,0.0110116556012474,7.904650553404499e-05
14250,8,balanced,40dB,5,6.013149279949015e-06,6.804573309109616e-06,0.0110473029718249,0.0110116556012474,7.794746165164453e-05
14250,8,balanced,40dB,6,8.790727662642842e-06,9.21964817661893e-06,0.0110689753707919,0.0110116556012474,8.385922579216998e-05
14250,8,balanced,40dB,7,5.961906299820092e-06,6.500375740890794e-06,0.0110887543488208,0.0110116556012474,9.001343896830401e-05
14250,12,legacy,clean,0,9.477134568187134e-16,6.032524864335091e-16,0.0110116548177599,0.0110116556012474,9.328912021879817e-16
14250,12,legacy,60dB,0,2.0648817526251493e-07,2.25269491312594e-07,0.0110185109212326,0.0110116556012474,6.125233110685916e-07
14250,12,legacy,60dB,1,1.757303678064826e-07,2.2403127801813162e-07,0.0110151312685483,0.0110116556012474,7.298594133251921e-07
14250,12,legacy,60dB,2,2.112260280503105e-07,2.353671387496841e-07,0.0110143739539187,0.0110116556012474,6.202987240829684e-07
14250,12,legacy,60dB,3,1.982445603743604e-07,2.1230675545243638e-07,0.0110257124556899,0.0110116556012474,6.341610390044899e-07
14250,12,legacy,60dB,4,1.6454589514971438e-07,1.931411209432375e-07,0.0110154303584737,0.0110116556012474,6.50814337106678e-07
14250,12,legacy,60dB,5,1.7467003596526774e-07,2.0444837660902134e-07,0.0110119146241752,0.0110116556012474,6.010342107854592e-07
14250,12,legacy,60dB,6,2.149447302522615e-07,2.057263842376613e-07,0.0110178315720821,0.0110116556012474,6.643021356300542e-07
14250,12,legacy,60dB,7,2.0103352249796986e-07,2.2711117952293081e-07,0.011008590976386,0.0110116556012474,6.948431553072835e-07
14250,12,legacy,40dB,0,2.064892002373872e-05,2.2527146783230464e-05,0.0110987998907668,0.0110116556012474,6.12522569607405e-05
14250,12,legacy,40dB,1,1.7573086539855535e-05,2.2402914038534e-05,0.011062235108514,0.0110116556012474,7.298572468448559e-05
14250,12,legacy,40dB,2,2.112246150444532e-05,2.353651614699542e-05,0.0110578563805802,0.0110116556012474,6.20298396033082e-05
14250,12,legacy,40dB,3,1.982472051183768e-05,2.1230919186261345e-05,0.011170073471977,0.0110116556012474,6.341615251616295e-05
14250,12,legacy,40dB,4,1.6454719781349512e-05,1.931406489566135e-05,0.0110642194857365,0.0110116556012474,6.508135455662115e-05
14250,12,legacy,40dB,5,1.7466944552606928e-05,2.044489739876789e-05,0.0110299731261144,0.0110116556012474,6.010322553030987e-05
14250,12,legacy,40dB,6,2.149469959493122e-05,2.057256867669259e-05,0.0110927676132832,0.0110116556012474,6.643029816615917e-05
14250,12,legacy,40dB,7,2.0103397917174112e-05,2.27112108484761e-05,0.0109991094667212,0.0110116556012474,6.94841371907855e-05
14250,12,balanced,clean,0,9.504920928784369e-16,5.2787889320794075e-16,0.0110116546284618,0.0110116556012474,9.360420934067784e-16
14250,12,balanced,60dB,0,1.7178455719117976e-07,1.907773252473857e-07,0.0110258383391994,0.0110116556012474,5.776547439058771e-07
14250,12,balanced,60dB,1,2.0191933752090507e-07,2.3338173910654766e-07,0.0110111241693131,0.0110116556012474,6.550876862353572e-07
14250,12,balanced,60dB,2,1.921114899059625e-07,1.919195317474257e-07,0.0110141177739242,0.0110116556012474,6.370034312273326e-07
14250,12,balanced,60dB,3,1.6423684371014705e-07,1.8218805430686466e-07,0.011005090357719,0.0110116556012474,6.172778961846687e-07
14250,12,balanced,60dB,4,1.9768613590414814e-07,2.076832815900411e-07,0.0110006337993052,0.0110116556012474,6.09539715195318e-07
14250,12,balanced,60dB,5,1.9408224131705232e-07,1.9325796363705665e-07,0.0110143066729866,0.0110116556012474,5.987627792751687e-07
14250,12,balanced,60dB,6,1.8699393058467746e-07,2.0341765639668369e-07,0.0110154070605587,0.0110116556012474,6.457128793729952e-07
14250,12,balanced,60dB,7,1.9696286876076345e-07,2.0514878468811746e-07,0.0110227613618434,0.0110116556012474,6.917361601317742e-07
14250,12,balanced,40dB,0,1.7178727011459667e-05,1.907819019976041e-05,0.0111689526172858,0.0110116556012474,5.7765472883904506e-05
14250,12,balanced,40dB,1,2.019189320533637e-05,2.3338296821490383e-05,0.0110245227368138,0.0110116556012474,6.550882666213512e-05
14250,12,balanced,40dB,2,1.921123428846004e-05,1.9192052330737124e-05,0.0110535762024841,0.0110116556012474,6.370037337554437e-05
14250,12,balanced,40dB,3,1.6423480177893275e-05,1.8218563540403657e-05,0.0109607930327832,0.0110116556012474,6.172800421127468e-05
14250,12,balanced,40dB,4,1.9768577251033704e-05,2.0768174669758504e-05,0.0109192380527968,0.0110116556012474,6.095409181436499e-05
14250,12,balanced,40dB,5,1.940820148416384e-05,1.9325747203894555e-05,0.0110556424527889,0.0110116556012474,5.9875986980341096e-05
14250,12,balanced,40dB,6,1.8699184884008248e-05,2.034158077582854e-05,0.0110660081950173,0.0110116556012474,6.457137519258989e-05
14250,12,balanced,40dB,7,1.969648739883561e-05,2.051504508773914e-05,0.0111404488209979,0.0110116556012474,6.91738674324869e-05
14500,5,legacy,clean,0,1.9796938876606584e-06,2.5425867443107334e-07,0.0106275376625235,0.0106265023509816,4.408557645158274e-06
14500,5,legacy,60dB,0,1.9918131840969485e-06,2.642491058676596e-07,0.010628019955542,0.0106265023509816,5.372648747388911e-06
14500,5,legacy,60dB,1,2.023316432113712e-06,2.8084797875453573e-07,0.0106311825830642,0.0106265023509816,5.254360045710637e-06
14500,5,legacy,60dB,2,2.0310622141229416e-06,3.502138311300926e-07,0.0106200546188547,0.0106265023509816,5.294934856106133e-06
14500,5,legacy,60dB,3,2.006776674453835e-06,2.6485949354251536e-07,0.0106267738423816,0.0106265023509816,5.454496783567524e-06
14500,5,legacy,60dB,4,2.028103706026826e-06,3.584226307417992e-07,0.0106220468562811,0.0106265023509816,5.372691984055798e-06
14500,5,legacy,60dB,5,1.992884641826636e-06,2.628192455254174e-07,0.0106251303739003,0.0106265023509816,5.414279813175046e-06
14500,5,legacy,60dB,6,2.018519880717664e-06,2.9759651306938324e-07,0.0106303104974076,0.0106265023509816,5.322062894188973e-06
14500,5,legacy,60dB,7,1.9912679492895294e-06,2.068618616506211e-07,0.0106295161542404,0.0106265023509816,5.492044809917777e-06
14500,5,legacy,40dB,0,4.526090620906591e-06,3.3965837001816432e-06,0.0106347857964773,0.0106265023509816,9.840408791487493e-05
14500,5,legacy,40dB,1,5.878420693626934e-06,3.0186438140044568e-06,0.0106674493692913,0.0106265023509816,9.72797942796653e-05
14500,5,legacy,40dB,2,5.616836838063347e-06,4.686222651136108e-06,0.0105558306855202,0.0106265023509816,9.623173372244284e-05
14500,5,legacy,40dB,3,4.93963551279106e-06,2.343057755857214e-06,0.0106225885748613,0.0106265023509816,9.929996837231816e-05
14500,5,legacy,40dB,4,5.464983499794569e-06,6.07528276781511e-06,0.0105756307915278,0.0106265023509816,9.810779736761952e-05
14500,5,legacy,40dB,5,4.974280392205042e-06,4.31124044744814e-06,0.010606327455254,0.0106265023509816,9.954798171710264e-05
14500,5,legacy,40dB,6,5.3804051529565e-06,3.6676585446391126e-06,0.0106582784626987,0.0106265023509816,9.948223701614129e-05
14500,5,legacy,40dB,7,5.631630929216704e-06,5.225719209678282e-06,0.0106508587761171,0.0106265023509816,9.760668356641755e-05
14500,5,balanced,clean,0,1.942405842540269e-06,1.6742136108421407e-07,0.0106324405171643,0.0106265023509816,4.95953581725909e-06
14500,5,balanced,60dB,0,1.9508390437510195e-06,1.6902534713947126e-07,0.0106280222652522,0.0106265023509816,5.969652352674815e-06
14500,5,balanced,60dB,1,2.0003110603461794e-06,2.089345044553502e-07,0.0106434470581953,0.0106265023509816,5.786437913861029e-06
14500,5,balanced,60dB,2,1.9675389377965675e-06,1.779626404938627e-07,0.0106407975834919,0.0106265023509816,5.8715826341859374e-06
14500,5,balanced,60dB,3,1.9578059144868718e-06,2.045740543881925e-07,0.0106299798627843,0.0106265023509816,5.72411025871661e-06
14500,5,balanced,60dB,4,1.9859819180792683e-06,2.417208041167724e-07,0.0106281293883737,0.0106265023509816,5.731778953897875e-06
14500,5,balanced,60dB,5,1.977822383741447e-06,1.7711595441294077e-07,0.0106381449983327,0.0106265023509816,5.876692675578125e-06
14500,5,balanced,60dB,6,1.9592751456607145e-06,1.9454525810052561e-07,0.0106252871850719,0.0106265023509816,6.109025410397277e-06
14500,5,balanced,60dB,7,1.969576460082881e-06,1.823431147788553e-07,0.0106262408342751,0.0106265023509816,5.732776367572279e-06
14500,5,balanced,40dB,0,3.870370690201877e-06,1.6467570287989429e-06,0.0105901016308794,0.0106265023509816,9.974132863323723e-05
14500,5,balanced,40dB,1,6.10231297498225e-06,3.971120238900366e-06,0.0107460867824292,0.0106265023509816,9.791128590424738e-05
14500,5,balanced,40dB,2,5.140043641809314e-06,2.998309031223723e-06,0.010718957487287,0.0106265023509816,9.77164668175059e-05
14500,5,balanced,40dB,3,4.342507714569516e-06,2.3256515453586747e-06,0.0106100800745171,0.0106265023509816,9.720519775871425e-05
14500,5,balanced,40dB,4,5.04133218573699e-06,4.531334385822244e-06,0.0105919923948458,0.0106265023509816,9.74163422788034e-05
14500,5,balanced,40dB,5,5.007191212695195e-06,3.969685272392897e-06,0.0106921959488066,0.0106265023509816,9.90784759340107e-05
14500,5,balanced,40dB,6,4.964822340101341e-06,3.5463587518928287e-06,0.0105637609197072,0.0106265023509816,0.0001008567401691
14500,5,balanced,40dB,7,5.179074515751394e-06,2.363525742679e-06,0.0105734086507696,0.0106265023509816,9.720653107219088e-05
14500,8,legacy,clean,0,1.4711298684507826e-09,2.605760818732998e-10,0.0106266011254871,0.0106265023509816,2.312329046324959e-09
14500,8,legacy,60dB,0,5.911573248681628e-08,6.926322093978338e-08,0.0106281993651796,0.0106265023509816,8.650993299401414e-07
14500,8,legacy,60dB,1,9.460317505812876e-08,5.8154264913887316e-08,0.0106306332123386,0.0106265023509816,8.386930967296011e-07
14500,8,legacy,60dB,2,1.0136245863879129e-07,9.73924722081936e-08,0.0106156226593273,0.0106265023509816,8.181366455527093e-07
14500,8,legacy,60dB,3,8.414908552376478e-08,5.390155951177044e-08,0.010626366394769,0.0106265023509816,8.426759291751595e-07
14500,8,legacy,60dB,4,7.868649904742977e-08,1.0566520780326085e-07,0.0106208296259052,0.0106265023509816,8.497704225553441e-07
14500,8,legacy,60dB,5,7.810519403401414e-08,7.539707371067504e-08,0.0106237753771652,0.0106265023509816,8.666783909684245e-07
14500,8,legacy,60dB,6,9.16144374802932e-08,6.560862019919683e-08,0.0106319405900009,0.0106265023509816,8.468078527173472e-07
14500,8,legacy,60dB,7,9.156084926336137e-08,1.1140520537733077e-07,0.0106297732076995,0.0106265023509816,8.17077466697541e-07
14500,8,legacy,40dB,0,5.741779321334374e-06,6.865488232658596e-06,0.0106477473845779,0.0106265023509816,8.651033219312903e-05
14500,8,legacy,40dB,1,9.264364334122816e-06,5.7985434533153525e-06,0.0106752535667549,0.0106265023509816,8.405878901694561e-05
14500,8,legacy,40dB,2,1.0047116356904655e-05,9.670986113010104e-06,0.010525863195829,0.0106265023509816,8.149892706284011e-05
14500,8,legacy,40dB,3,8.112330527802412e-06,5.271444414016022e-06,0.0106315378981482,0.0106265023509816,8.41216461414575e-05
14500,8,legacy,40dB,4,7.612631987211462e-06,1.0395203207830836e-05,0.0105757251368345,0.0106265023509816,8.481676990259157e-05
14500,8,legacy,40dB,5,7.608204907643111e-06,7.499219795653916e-06,0.0106051840354048,0.0106265023509816,8.623160943022269e-05
14500,8,legacy,40dB,6,9.054717774496628e-06,6.568599937444757e-06,0.010688147584194,0.0106265023509816,8.461599652525003e-05
14500,8,legacy,40dB,7,8.998549773350804e-06,1.1125909065131432e-05,0.010666418129061,0.0106265023509816,8.138694977821413e-05
14500,8,balanced,clean,0,1.399046903558317e-09,3.3456552699929527e-10,0.010625841530081,0.0106265023509816,2.65974944369216e-09
14500,8,balanced,60dB,0,6.696034427592313e-08,5.121370681152248e-08,0.0106232878684643,0.0106265023509816,8.469827651731814e-07
14500,8,balanced,60dB,1,7.779115606980513e-08,6.12309038242204e-08,0.0106373499866159,0.0106265023509816,8.595119383824847e-07
14500,8,balanced,60dB,2,6.59938142652196e-08,5.83617894590426e-08,0.010634343364906,0.0106265023509816,8.407798863318606e-07
14500,8,balanced,60dB,3,6.66517842804201e-08,5.592848682961946e-08,0.0106222691233419,0.0106265023509816,8.481143659951803e-07
14500,8,balanced,60dB,4,6.946518979830553e-08,6.586035676209047e-08,0.0106241312261688,0.0106265023509816,8.492570100704156e-07
14500,8,balanced,60dB,5,6.527038257983698e-08,6.2144301611553e-08,0.0106332222247662,0.0106265023509816,8.731570763213751e-07
14500,8,balanced,60dB,6,6.356236898413094e-08,6.145842586345509e-08,0.0106175143575465,0.0106265023509816,8.525804704492019e-07
14500,8,balanced,60dB,7,7.530150576605996e-08,4.6819325619220814e-08,0.0106180818830809,0.0106265023509816,8.557546837911363e-07
14500,8,balanced,40dB,0,6.645751419422299e-06,5.215995804984968e-06,0.0106062936533132,0.0106265023509816,8.426159142485782e-05
14500,8,balanced,40dB,1,7.668313664478551e-06,6.159127338625006e-06,0.0107478290889565,0.0106265023509816,8.580015280159633e-05
14500,8,balanced,40dB,2,6.583686419964589e-06,6.0025940733070485e-06,0.010716796218031,0.0106265023509816,8.353403464552906e-05
14500,8,balanced,40dB,3,6.397989936065721e-06,5.476572410922867e-06,0.0105958615262058,0.0106265023509816,8.419652625734275e-05
14500,8,balanced,40dB,4,6.815149664288478e-06,6.547027240704143e-06,0.0106148715801481,0.0106265023509816,8.486988701246381e-05
14500,8,balanced,40dB,5,6.394547991927228e-06,6.221312279252785e-06,0.0107054029125213,0.0106265023509816,8.720729280839222e-05
14500,8,balanced,40dB,6,6.203646552638272e-06,6.212874954541871e-06,0.0105481504190206,0.0106265023509816,8.545044181754764e-05
14500,8,balanced,40dB,7,7.277197482777538e-06,4.674726174284481e-06,0.0105547818339273,0.0106265023509816,8.527350528508522e-05
14500,12,legacy,clean,0,1.3784984530577062e-15,7.047481894383116e-16,0.0106265022235495,0.0106265023509816,1.4050009055351313e-15
14500,12,legacy,60dB,0,1.6078062185838344e-07,1.902126048784529e-07,0.0106285067366162,0.0106265023509816,7.007627633290061e-07
14500,12,legacy,60dB,1,2.015860273276077e-07,1.9188674090582885e-07,0.0106287585865165,0.0106265023509816,6.712626043462523e-07
14500,12,legacy,60dB,2,2.238386540283602e-07,2.165185916225629e-07,0.0106134066907367,0.0106265023509816,6.327980256741818e-07
14500,12,legacy,60dB,3,1.9411607459975514e-07,1.739039756544381e-07,0.0106254881370209,0.0106265023509816,6.80079958515833e-07
14500,12,legacy,60dB,4,1.931143902370992e-07,2.3101937426111865e-07,0.010615475745206,0.0106265023509816,6.62753041428208e-07
14500,12,legacy,60dB,5,1.984270114099015e-07,1.9773370415289898e-07,0.0106257470542104,0.0106265023509816,6.782426967138721e-07
14500,12,legacy,60dB,6,2.068866585088167e-07,1.924954369911413e-07,0.010625919813685,0.0106265023509816,6.595884082818905e-07
14500,12,legacy,60dB,7,2.032064552797493e-07,2.411896682609006e-07,0.0106331990816013,0.0106265023509816,6.335404383406417e-07
14500,12,legacy,40dB,0,1.60782461758801e-05,1.9021357072108e-05,0.010661017794185,0.0106265023509816,7.007640485936779e-05
14500,12,legacy,40dB,1,2.015843948437545e-05,1.9188559290433648e-05,0.0106672084324434,0.0106265023509816,6.712634762462401e-05
14500,12,legacy,40dB,2,2.238372858287084e-05,2.1651533113952502e-05,0.0105156922374763,0.0106265023509816,6.327968729095599e-05
14500,12,legacy,40dB,3,1.9411493639486937e-05,1.739028228137322e-05,0.0106338316911689,0.0106265023509816,6.800819084134304e-05
14500,12,legacy,40dB,4,1.9311187186924058e-05,2.31016739723264e-05,0.010533617483411,0.0106265023509816,6.627521685221525e-05
14500,12,legacy,40dB,5,1.984259006508061e-05,1.977333018715293e-05,0.0106368088501218,0.0106265023509816,6.782430016974359e-05
14500,12,legacy,40dB,6,2.0688658377713983e-05,1.924958097084924e-05,0.0106392979167089,0.0106265023509816,6.595899068178503e-05
14500,12,legacy,40dB,7,2.0320682138638823e-05,2.411907815060144e-05,0.0107117594216651,0.0106265023509816,6.335388521828251e-05
14500,12,balanced,clean,0,1.4334289975725877e-15,7.77392822184687e-16,0.0106265021126603,0.0106265023509816,1.388146937381413e-15
14500,12,balanced,60dB,0,1.718602053606926e-07,1.5320203727140248e-07,0.0106274083284431,0.0106265023509816,6.480321306235655e-07
14500,12,balanced,60dB,1,1.946132968658597e-07,1.9176840681511965e-07,0.0106425844523322,0.0106265023509816,6.768402843578473e-07
14500,12,balanced,60dB,2,1.8505927353319647e-07,1.925863373985628e-07,0.0106358670290454,0.0106265023509816,6.524548377350924e-07
14500,12,balanced,60dB,3,1.6481491206108818e-07,1.6235106050713978e-07,0.0106235414685716,0.0106265023509816,6.688169460928919e-07
14500,12,balanced,60dB,4,1.6479387145034518e-07,1.6861088118295458e-07,0.0106214414162497,0.0106265023509816,6.787702119543369e-07
14500,12,balanced,60dB,5,1.924787588580121e-07,1.7777017885906817e-07,0.0106343427397838,0.0106265023509816,7.01627734413421e-07
14500,12,balanced,60dB,6,1.7061836700253939e-07,1.918565923014403e-07,0.010623003040951,0.0106265023509816,6.597794712540044e-07
14500,12,balanced,60dB,7,2.0980065872656106e-07,1.821782228423868e-07,0.0106255765226734,0.0106265023509816,6.497982098781358e-07
14500,12,balanced,40dB,0,1.71858241001844e-05,1.5320375084569943e-05,0.0106510314925479,0.0106265023509816,6.480326888653937e-05
14500,12,balanced,40dB,1,1.946133762180224e-05,1.917678557099813e-05,0.0108048407140449,0.0106265023509816,6.768396564389163e-05
14500,12,balanced,40dB,2,1.8506038294370857e-05,1.925885607726972e-05,0.0107368067220829,0.0106265023509816,6.524534644368509e-05
14500,12,balanced,40dB,3,1.6481317205636415e-05,1.6234769942333472e-05,0.0106117288398711,0.0106265023509816,6.68816536133339e-05
14500,12,balanced,40dB,4,1.6479327927688997e-05,1.686121092956212e-05,0.0105907265377802,0.0106265023509816,6.787727596150243e-05
14500,12,balanced,40dB,5,1.9247720812963795e-05,1.7776913812175435e-05,0.010722231317132,0.0106265023509816,7.016298796491041e-05
14500,12,balanced,40dB,6,1.706222093707387e-05,1.9185819677362003e-05,0.0106068674328472,0.0106265023509816,6.59781465901841e-05
14500,12,balanced,40dB,7,2.098014824027073e-05,1.8217871237529605e-05,0.010636128354456,0.0106265023509816,6.497989602126497e-05
14750,5,legacy,clean,0,2.3618434768315832e-06,2.1243119006470107e-07,0.010251461438967,0.0102677001308641,5.269094390874464e-06
14750,5,legacy,60dB,0,2.368676237771172e-06,2.280036652683121e-07,0.010254593763136,0.0102677001308641,6.331651816343224e-06
14750,5,legacy,60dB,1,2.4118166716038154e-06,2.5529136801113186e-07,0.0102376855173654,0.0102677001308641,6.235689134187004e-06
14750,5,legacy,60dB,2,2.4001580572300737e-06,2.1613978265283e-07,0.0102522570086174,0.0102677001308641,6.253964952630557e-06
14750,5,legacy,60dB,3,2.379367634995158e-06,2.2465131024449045e-07,0.0102535160104319,0.0102677001308641,6.1848745576612886e-06
14750,5,legacy,60dB,4,2.388903288239957e-06,2.623635753604319e-07,0.0102433784984205,0.0102677001308641,6.29881923224716e-06
14750,5,legacy,60dB,5,2.3974470726938942e-06,2.440857897753674e-07,0.010253203261185,0.0102677001308641,6.21897258409276e-06
14750,5,legacy,60dB,6,2.402612526528739e-06,2.3663179832532786e-07,0.0102506091178509,0.0102677001308641,6.178226983477352e-06
14750,5,legacy,60dB,7,2.3782251287628595e-06,2.369503735024043e-07,0.010253597939539,0.0102677001308641,6.098250588183078e-06
14750,5,legacy,40dB,0,5.369415936918401e-06,3.78715229715164e-06,0.0102857239255081,0.0102677001308641,0.0001012503949093
14750,5,legacy,40dB,1,5.615422731619668e-06,4.385495670276199e-06,0.0101164560702584,0.0102677001308641,0.0001002051208039
14750,5,legacy,40dB,2,5.52487839172389e-06,2.904249290848465e-06,0.0102621970245829,0.0102677001308641,9.517039172417028e-05
14750,5,legacy,40dB,3,4.729687139817476e-06,2.4262501320804875e-06,0.0102741997556979,0.0102677001308641,9.708740248996688e-05
14750,5,legacy,40dB,4,5.675980752940337e-06,3.884816464910403e-06,0.0101736755726643,0.0102677001308641,9.65790903394982e-05
14750,5,legacy,40dB,5,5.347682667614811e-06,2.6650896415330773e-06,0.0102715094643788,0.0102677001308641,9.731409572206482e-05
14750,5,legacy,40dB,6,5.431578112576451e-06,2.6449544048392803e-06,0.0102456002719456,0.0102677001308641,9.867120644713358e-05
14750,5,legacy,40dB,7,4.757480574082125e-06,3.1673393701144177e-06,0.0102750582652655,0.0102677001308641,9.544343925243878e-05
14750,5,balanced,clean,0,2.352775793121883e-06,1.9195461919098253e-07,0.0102728322076893,0.0102677001308641,5.886244710915479e-06
14750,5,balanced,60dB,0,2.3763040871753927e-06,1.759240751566791e-07,0.0102692926825319,0.0102677001308641,6.917945398754808e-06
14750,5,balanced,60dB,1,2.377117591480128e-06,2.088705216017768e-07,0.0102744684528583,0.0102677001308641,6.857854983501264e-06
14750,5,balanced,60dB,2,2.385694190597245e-06,2.0875399257342464e-07,0.0102779832435336,0.0102677001308641,6.81986156054736e-06
14750,5,balanced,60dB,3,2.384693287394627e-06,2.0024198128680214e-07,0.0102738008074664,0.0102677001308641,6.794390388351092e-06
14750,5,balanced,60dB,4,2.3710289412868224e-06,2.1195143136514766e-07,0.010263974751266,0.0102677001308641,6.818951259169611e-06
14750,5,balanced,60dB,5,2.3653540622563243e-06,2.0821842228813905e-07,0.010269375775187,0.0102677001308641,6.61676389400709e-06
14750,5,balanced,60dB,6,2.3798899158884124e-06,2.463813356053288e-07,0.0102753154077035,0.0102677001308641,6.78184278989985e-06
14750,5,balanced,60dB,7,2.3762785916117102e-06,2.0894994864707809e-07,0.0102744825947559,0.0102677001308641,6.716724166356095e-06
14750,5,balanced,40dB,0,5.360500920037602e-06,1.6984501254099889e-06,0.0102402093983009,0.0102677001308641,0.000102231316956
14750,5,balanced,40dB,1,5.053608361835671e-06,3.014809386046346e-06,0.0102916520739641,0.0102677001308641,0.0001012443468368
14750,5,balanced,40dB,2,6.372076452081192e-06,2.5843552866285594e-06,0.0103280326828156,0.0102677001308641,9.543174652095162e-05
14750,5,balanced,40dB,3,4.627870079049222e-06,2.5443292217757957e-06,0.0102844741248034,0.0102677001308641,9.704482999857634e-05
14750,5,balanced,40dB,4,4.1624578438504855e-06,2.424497329367316e-06,0.0101858847940242,0.0102677001308641,9.769021830421784e-05
14750,5,balanced,40dB,5,5.417848925675611e-06,2.3783141270034875e-06,0.010241207173107,0.0102677001308641,9.495172101997194e-05
14750,5,balanced,40dB,6,5.042893187085623e-06,3.7973216557753e-06,0.0103000831839966,0.0102677001308641,9.789075471356446e-05
14750,5,balanced,40dB,7,4.662472859671909e-06,2.753738669844922e-06,0.0102914107474372,0.0102677001308641,9.577793184265244e-05
14750,8,legacy,clean,0,1.863390596459557e-09,4.661036376648036e-10,0.0102686256266737,0.0102677001308641,3.0173859086477283e-09
14750,8,legacy,60dB,0,7.260587074934706e-08,7.188212772119198e-08,0.010267595387449,0.0102677001308641,8.644447836758953e-07
14750,8,legacy,60dB,1,7.544733017168608e-08,7.997777510706627e-08,0.0102571340390232,0.0102677001308641,8.475259709897441e-07
14750,8,legacy,60dB,2,8.61050618479189e-08,6.734266156834305e-08,0.0102645272772551,0.0102677001308641,8.005899883611538e-07
14750,8,legacy,60dB,3,7.284127534385677e-08,6.819280536794934e-08,0.0102679277506312,0.0102677001308641,8.182732701565855e-07
14750,8,legacy,60dB,4,8.789867341233724e-08,7.361199004988688e-08,0.0102624205685118,0.0102677001308641,7.986142870542342e-07
14750,8,legacy,60dB,5,6.873166392370239e-08,6.502492458970348e-08,0.0102695414944532,0.0102677001308641,8.362370437664869e-07
14750,8,legacy,60dB,6,7.423910925804805e-08,6.300706093476909e-08,0.0102677096241219,0.0102677001308641,8.540213696347612e-07
14750,8,legacy,60dB,7,7.003349510680139e-08,6.547461082428014e-08,0.010270334551355,0.0102677001308641,8.221615515644042e-07
14750,8,legacy,40dB,0,7.101299710970912e-06,7.1579540001477385e-06,0.0102647152459452,0.0102677001308641,8.621042131224525e-05
14750,8,legacy,40dB,1,7.435112696013638e-06,8.069586195074235e-06,0.0101604071600782,0.0102677001308641,8.474345627153642e-05
14750,8,legacy,40dB,2,8.549583778167607e-06,6.80690923198325e-06,0.0102353474361626,0.0102677001308641,7.95476305808328e-05
14750,8,legacy,40dB,3,7.168329263533613e-06,6.91023017377849e-06,0.0102681035532736,0.0102677001308641,8.162213502019005e-05
14750,8,legacy,40dB,4,8.594270544410728e-06,7.401592561050228e-06,0.0102143070993799,0.0102677001308641,7.952298618052808e-05
14750,8,legacy,40dB,5,6.621513762211954e-06,6.456108928616397e-06,0.0102837352721066,0.0102677001308641,8.386385334189183e-05
14750,8,legacy,40dB,6,7.209235724320744e-06,6.103625723437712e-06,0.0102659492163033,0.0102677001308641,8.517519005913442e-05
14750,8,legacy,40dB,7,6.7615931841077126e-06,6.486722994876736e-06,0.010291792902235,0.0102677001308641,8.169073892295268e-05
14750,8,balanced,clean,0,1.7738240958780683e-09,4.1585909502155307e-10,0.0102682268363781,0.0102677001308641,3.3944193953181534e-09
14750,8,balanced,60dB,0,7.001413283065613e-08,5.4774737421643536e-08,0.0102641671921671,0.0102677001308641,8.686641355214018e-07
14750,8,balanced,60dB,1,6.928822787449851e-08,7.246536266604891e-08,0.0102698494426767,0.0102677001308641,8.616944472388083e-07
14750,8,balanced,60dB,2,8.275875693726454e-08,6.204505411864113e-08,0.0102775135087089,0.0102677001308641,8.096775115266662e-07
14750,8,balanced,60dB,3,6.27890934746809e-08,5.974014385263486e-08,0.0102693142655274,0.0102677001308641,8.299331666100846e-07
14750,8,balanced,60dB,4,5.5148616412447443e-08,5.643469441646648e-08,0.0102605900579054,0.0102677001308641,8.325473637667595e-07
14750,8,balanced,60dB,5,7.154159300713932e-08,5.9211860040610064e-08,0.0102642215373255,0.0102677001308641,8.254085014356429e-07
14750,8,balanced,60dB,6,8.057811956793575e-08,7.9415489552574e-08,0.0102720297765312,0.0102677001308641,8.201265090136857e-07
14750,8,balanced,60dB,7,6.51918208591892e-08,6.167288253675019e-08,0.0102687479963997,0.0102677001308641,8.22119764384809e-07
14750,8,balanced,40dB,0,6.948697264428821e-06,5.467549678363337e-06,0.0102338949146213,0.0102677001308641,8.642967663897488e-05
14750,8,balanced,40dB,1,6.721271773952237e-06,7.175815672186084e-06,0.0102904972532762,0.0102677001308641,8.549838213818935e-05
14750,8,balanced,40dB,2,7.978842393061342e-06,6.167349355639936e-06,0.0103682607789266,0.0102677001308641,8.065740913927233e-05
14750,8,balanced,40dB,3,6.083082912450347e-06,5.945355898351103e-06,0.0102845722842656,0.0102677001308641,8.269704808913593e-05
14750,8,balanced,40dB,4,5.305514365371959e-06,5.681787333871412e-06,0.0101966290442697,0.0102677001308641,8.291769066320529e-05
14750,8,balanced,40dB,5,6.99833416978562e-06,5.908991907266489e-06,0.0102344727285081,0.0102677001308641,8.225659838907936e-05
14750,8,balanced,40dB,6,7.962818546879638e-06,7.948118783575596e-06,0.0103134292396771,0.0102677001308641,8.17232393097949e-05
14750,8,balanced,40dB,7,6.295621829984184e-06,6.089678279527792e-06,0.0102790981046329,0.0102677001308641,8.202892621312254e-05
14750,12,legacy,clean,0,1.9832808369300717e-15,1.0803056523482628e-15,0.0102677001636967,0.0102677001308641,2.096342819270033e-15
14750,12,legacy,60dB,0,1.94896060081379e-07,1.6992540820889982e-07,0.0102616103038751,0.0102677001308641,6.670915265129653e-07
14750,12,legacy,60dB,1,1.92710558155318e-07,1.8581660184862678e-07,0.0102618661852947,0.0102677001308641,6.67273416907516e-07
14750,12,legacy,60dB,2,1.831978709410219e-07,1.7669852073143666e-07,0.0102652137337821,0.0102677001308641,6.287922505104174e-07
14750,12,legacy,60dB,3,1.8615501993190854e-07,1.6733263830751432e-07,0.0102670109179457,0.0102677001308641,6.374580610629793e-07
14750,12,legacy,60dB,4,2.138027289523989e-07,1.8304258678236305e-07,0.0102612977169706,0.0102677001308641,6.206204930492066e-07
14750,12,legacy,60dB,5,1.619871529156533e-07,1.5477654449058536e-07,0.010267202400725,0.0102677001308641,6.709733386383548e-07
14750,12,legacy,60dB,6,2.0293284181854158e-07,1.9814819946342836e-07,0.0102714424115772,0.0102677001308641,6.533747644511021e-07
14750,12,legacy,60dB,7,1.7245513776242345e-07,1.7475354886003726e-07,0.0102705680797476,0.0102677001308641,6.621592090232656e-07
14750,12,legacy,40dB,0,1.948967605379879e-05,1.699247069785923e-05,0.0102243422809507,0.0102677001308641,6.670933099963612e-05
14750,12,legacy,40dB,1,1.9271158558998097e-05,1.858198742394525e-05,0.0102267044326714,0.0102677001308641,6.67273052459865e-05
14750,12,legacy,40dB,2,1.831987239506572e-05,1.767020654563938e-05,0.0102593237582541,0.0102677001308641,6.287926104255437e-05
14750,12,legacy,40dB,3,1.861558541770967e-05,1.6733157962531534e-05,0.0102775617414225,0.0102677001308641,6.37456758955631e-05
14750,12,legacy,40dB,4,2.1380314623296493e-05,1.8304323053984147e-05,0.010222917983787,0.0102677001308641,6.206194417870773e-05
14750,12,legacy,40dB,5,1.61985778232712e-05,1.5477660890765018e-05,0.0102773012402907,0.0102677001308641,6.709722896887591e-05
14750,12,legacy,40dB,6,2.0293286345927167e-05,1.98147490737004e-05,0.0103233866004473,0.0102677001308641,6.533757272539871e-05
14750,12,legacy,40dB,7,1.7245661961082264e-05,1.7475513404125333e-05,0.0103119004348068,0.0102677001308641,6.621600097028583e-05
14750,12,balanced,clean,0,2.1016340502854058e-15,1.0228519573159366e-15,0.0102677011282068,0.0102677001308641,2.0544902941184727e-15
14750,12,balanced,60dB,0,1.844739734696571e-07,1.59014733311738e-07,0.0102632708459984,0.0102677001308641,6.787486435699063e-07
14750,12,balanced,60dB,1,1.8201170815618613e-07,1.786335574028367e-07,0.0102618404579438,0.0102677001308641,6.733115219158177e-07
14750,12,balanced,60dB,2,1.8625800821951261e-07,1.535723219439394e-07,0.010276976111349,0.0102677001308641,6.206751992162249e-07
14750,12,balanced,60dB,3,1.5763375578079844e-07,1.4387874722597364e-07,0.0102669235050637,0.0102677001308641,6.506270199813233e-07
14750,12,balanced,60dB,4,1.5804122178403618e-07,1.600494716556301e-07,0.0102562997658214,0.0102677001308641,6.621356692138513e-07
14750,12,balanced,60dB,5,1.877240170631932e-07,1.4129744408144324e-07,0.0102645038756933,0.0102677001308641,6.567389193024682e-07
14750,12,balanced,60dB,6,1.866020049325758e-07,1.711735552792725e-07,0.010269691244999,0.0102677001308641,6.371282194029723e-07
14750,12,balanced,60dB,7,1.733143373786163e-07,1.5588388275204889e-07,0.0102637543616906,0.0102677001308641,6.437051529427939e-07
14750,12,balanced,40dB,0,1.8447761779156717e-05,1.5901756779562254e-05,0.010240001328187,0.0102677001308641,6.787506895705961e-05
14750,12,balanced,40dB,1,1.820112266064813e-05,1.786345020250787e-05,0.010225475431175,0.0102677001308641,6.73308211834167e-05
14750,12,balanced,40dB,2,1.8625684961241415e-05,1.535715399540432e-05,0.0103772140645274,0.0102677001308641,6.206722059798519e-05
14750,12,balanced,40dB,3,1.5763420038985224e-05,1.4387982341903403e-05,0.0102741119792762,0.0102677001308641,6.506260445340676e-05
14750,12,balanced,40dB,4,1.5804353387517755e-05,1.6005173032842977e-05,0.0101679114455421,0.0102677001308641,6.621361028267826e-05
14750,12,balanced,40dB,5,1.8772504854824588e-05,1.4129665025529457e-05,0.010252623867775,0.0102677001308641,6.567391930944874e-05
14750,12,balanced,40dB,6,1.866015442210281e-05,1.7117270966746622e-05,0.0103043964305213,0.0102677001308641,6.371282167655045e-05
14750,12,balanced,40dB,7,1.7331304784200943e-05,1.558851048592128e-05,0.0102438316244751,0.0102677001308641,6.437067548617297e-05
15000,5,legacy,clean,0,2.837707232039542e-06,1.839625496705812e-07,0.0099449913074243,0.0099334399755831,6.267702086843346e-06
15000,5,legacy,60dB,0,2.9149554019081184e-06,2.2109366135093866e-07,0.0099439916604275,0.0099334399755831,7.308570917839307e-06
15000,5,legacy,60dB,1,2.8875094726372618e-06,1.8988147297017957e-07,0.0099513903920364,0.0099334399755831,7.147007492399762e-06
15000,5,legacy,60dB,2,2.862924311420016e-06,1.9367812268811402e-07,0.0099465357060237,0.0099334399755831,6.981193108814754e-06
15000,5,legacy,60dB,3,2.8583076974143106e-06,2.143929879634501e-07,0.0099434124607615,0.0099334399755831,7.249437356581618e-06
15000,5,legacy,60dB,4,2.838763312590437e-06,2.368391023789833e-07,0.0099470920994196,0.0099334399755831,7.225248988318903e-06
15000,5,legacy,60dB,5,2.849121672635084e-06,2.2490780884862485e-07,0.0099477508977305,0.0099334399755831,7.181782641063512e-06
15000,5,legacy,60dB,6,2.8650198662003567e-06,2.493555220610516e-07,0.0099433645694115,0.0099334399755831,7.269613986099139e-06
15000,5,legacy,60dB,7,2.878310121525529e-06,1.8089955435870758e-07,0.0099431633379986,0.0099334399755831,7.050188568147451e-06
15000,5,legacy,40dB,0,7.17317605970248e-06,2.952983566667636e-06,0.0099385578245855,0.0099334399755831,9.607076020435471e-05
15000,5,legacy,40dB,1,6.570895721877271e-06,1.9615330969448474e-06,0.0100122173196292,0.0099334399755831,9.718807947483e-05
15000,5,legacy,40dB,2,5.232883215563071e-06,3.048685345808764e-06,0.0099625782986084,0.0099334399755831,9.561807215329204e-05
15000,5,legacy,40dB,3,5.880909176009392e-06,2.464974002339736e-06,0.009932040038087,0.0099334399755831,9.920374478150182e-05
15000,5,legacy,40dB,4,5.516878952869451e-06,2.5499125065480263e-06,0.0099686678382927,0.0099334399755831,0.0001001446087754
15000,5,legacy,40dB,5,5.193632322139248e-06,2.4953544397036128e-06,0.0099748289911709,0.0099334399755831,0.0001013951063147
15000,5,legacy,40dB,6,5.546031084045768e-06,4.010470836395308e-06,0.0099311591248067,0.0099334399755831,9.844016666947026e-05
15000,5,legacy,40dB,7,6.062128600953235e-06,2.5109381767826465e-06,0.0099295300056413,0.0099334399755831,9.5403819321716e-05
15000,5,balanced,clean,0,2.8204296560392898e-06,2.32715904260076e-07,0.0099287828809052,0.0099334399755831,6.9650710543907895e-06
15000,5,balanced,60dB,0,2.8312643257597085e-06,2.581532372976473e-07,0.0099296372458833,0.0099334399755831,8.04278082945518e-06
15000,5,balanced,60dB,1,2.8617874007859927e-06,2.562715421082778e-07,0.0099294445828366,0.0099334399755831,7.861487952334757e-06
15000,5,balanced,60dB,2,2.855039588096868e-06,2.599704256882848e-07,0.0099235961547799,0.0099334399755831,7.977831082997885e-06
15000,5,balanced,60dB,3,2.8337030647577614e-06,2.76781955672774e-07,0.0099255181550898,0.0099334399755831,8.067490137137263e-06
15000,5,balanced,60dB,4,2.863841390263848e-06,2.913863192215999e-07,0.0099287801443156,0.0099334399755831,7.871800750294564e-06
15000,5,balanced,60dB,5,2.827592604745486e-06,2.3832321619744425e-07,0.0099266280896613,0.0099334399755831,7.835931760738502e-06
15000,5,balanced,60dB,6,2.837872037632444e-06,2.4755596423525985e-07,0.009919526048177,0.0099334399755831,7.685134342447321e-06
15000,5,balanced,60dB,7,2.8465137098027613e-06,2.630330415019956e-07,0.0099245917204342,0.0099334399755831,7.925861098080506e-06
15000,5,balanced,40dB,0,4.721300112409893e-06,2.222280355534252e-06,0.0099391190544452,0.0099334399755831,0.0001010293618298
15000,5,balanced,40dB,1,5.751262326084719e-06,2.8907736333864646e-06,0.0099379171554407,0.0099334399755831,9.74496222043664e-05
15000,5,balanced,40dB,2,5.6243623955181546e-06,2.571406471547648e-06,0.0098793734530707,0.0099334399755831,9.84165279016013e-05
15000,5,balanced,40dB,3,5.406875071764261e-06,2.598678531012142e-06,0.0098985893340792,0.0099334399755831,0.000100266419194
15000,5,balanced,40dB,4,5.923858066946273e-06,2.874944088328195e-06,0.0099314248260778,0.0099334399755831,0.0001007921970352
15000,5,balanced,40dB,5,4.934930683958282e-06,1.940093352539568e-06,0.0099092778400064,0.0099334399755831,0.0001018632556523
15000,5,balanced,40dB,6,5.468010422784173e-06,2.615776753962022e-06,0.0098386877105731,0.0099334399755831,9.724147800651704e-05
15000,5,balanced,40dB,7,6.05189991817835e-06,3.588646065706802e-06,0.009889841905919,0.0099334399755831,9.669088122423616e-05
15000,8,legacy,clean,0,2.239161602917242e-09,8.318148738644416e-10,0.0099328344150442,0.0099334399755831,3.904745963652639e-09
15000,8,legacy,60dB,0,7.42085555239219e-08,9.03165851340793e-08,0.0099314168719527,0.0099334399755831,7.91304158101856e-07
15000,8,legacy,60dB,1,8.315605708079375e-08,8.828702664447639e-08,0.0099392626535472,0.0099334399755831,8.138277983724503e-07
15000,8,legacy,60dB,2,5.997069987384974e-08,8.7304499115952e-08,0.0099317424358709,0.0099334399755831,8.358181700842185e-07
15000,8,legacy,60dB,3,9.087104304647597e-08,9.027568975537865e-08,0.0099317899917159,0.0099334399755831,8.28612308043041e-07
15000,8,legacy,60dB,4,7.453551951210757e-08,6.470820172895793e-08,0.0099337235530928,0.0099334399755831,8.437229237284728e-07
15000,8,legacy,60dB,5,8.017108313132022e-08,6.732661810128082e-08,0.0099346426315988,0.0099334399755831,8.698533688075952e-07
15000,8,legacy,60dB,6,6.931284503370581e-08,9.923915832255705e-08,0.0099294691536569,0.0099334399755831,8.301913298043403e-07
15000,8,legacy,60dB,7,7.949418865450755e-08,1.0433674180388133e-07,0.0099295245273263,0.0099334399755831,8.052735000628125e-07
15000,8,legacy,40dB,0,7.182121038447529e-06,9.052137452993522e-06,0.0099251191720669,0.0099334399755831,7.848575919084955e-05
15000,8,legacy,40dB,1,8.165346407123927e-06,8.981505399129503e-06,0.0100044707383648,0.0099334399755831,8.105018630466242e-05
15000,8,legacy,40dB,2,5.727937255428469e-06,8.404055268192252e-06,0.0099270630060225,0.0099334399755831,8.372157821617251e-05
15000,8,legacy,40dB,3,8.966921847523379e-06,9.06556565261484e-06,0.0099304685456328,0.0099334399755831,8.253592193282702e-05
15000,8,legacy,40dB,4,7.316255156273205e-06,6.672907300508899e-06,0.009948316847946,0.0099334399755831,8.438517511532689e-05
15000,8,legacy,40dB,5,7.819013221895402e-06,6.788381076793284e-06,0.0099579540354354,0.0099334399755831,8.674251815391802e-05
15000,8,legacy,40dB,6,6.718602403268354e-06,9.72119954573727e-06,0.0099052274275783,0.0099334399755831,8.219394739067998e-05
15000,8,legacy,40dB,7,7.587570106823005e-06,1.0067260843958877e-05,0.0099065483185403,0.0099334399755831,8.014955503168102e-05
15000,8,balanced,clean,0,2.277999396633928e-09,5.344469148875238e-10,0.0099346608621148,0.0099334399755831,4.315541408978532e-09
15000,8,balanced,60dB,0,6.49697200849009e-08,5.796534134081203e-08,0.0099370505500083,0.0099334399755831,8.439645761196249e-07
15000,8,balanced,60dB,1,6.782742656762662e-08,7.189815423052915e-08,0.0099356150029324,0.0099334399755831,8.248986687232261e-07
15000,8,balanced,60dB,2,6.508041240316898e-08,6.291600535181692e-08,0.0099307128447631,0.0099334399755831,8.115214434620838e-07
15000,8,balanced,60dB,3,6.658617288349373e-08,7.969634110275672e-08,0.0099307255532473,0.0099334399755831,8.233233108748493e-07
15000,8,balanced,60dB,4,8.02092082978589e-08,8.342033667757457e-08,0.0099348118801395,0.0099334399755831,8.363715233539638e-07
15000,8,balanced,60dB,5,7.086792595543166e-08,7.09447361902378e-08,0.0099295567420131,0.0099334399755831,8.534249353491733e-07
15000,8,balanced,60dB,6,7.26837770294996e-08,9.343331215510401e-08,0.0099251181537525,0.0099334399755831,8.313150626504289e-07
15000,8,balanced,60dB,7,6.021856299854569e-08,7.508483434566671e-08,0.0099322201579394,0.0099334399755831,8.097431227989942e-07
15000,8,balanced,40dB,0,6.3035141126536446e-06,5.690558583574273e-06,0.009964232059956,0.0099334399755831,8.406959679006295e-05
15000,8,balanced,40dB,1,6.540703746793404e-06,7.119390590475839e-06,0.0099500852017661,0.0099334399755831,8.168678567723362e-05
15000,8,balanced,40dB,2,6.379030745971708e-06,6.342773518557459e-06,0.009900929417215,0.0099334399755831,8.056705453955715e-05
15000,8,balanced,40dB,3,6.342041909799083e-06,8.05174713633811e-06,0.0099010044556156,0.0099334399755831,8.177551307993724e-05
15000,8,balanced,40dB,4,7.82364015015541e-06,8.446177203979472e-06,0.0099432130924242,0.0099334399755831,8.331731934827729e-05
15000,8,balanced,40dB,5,6.714828088888976e-06,7.055941710465553e-06,0.0098896463119218,0.0099334399755831,8.542954040239609e-05
15000,8,balanced,40dB,6,7.052193438526517e-06,9.364508694607576e-06,0.0098455796361547,0.0099334399755831,8.217889435308092e-05
15000,8,balanced,40dB,7,5.924903824572305e-06,7.476323287101339e-06,0.0099155970405505,0.0099334399755831,8.116178549213872e-05
15000,12,legacy,clean,0,2.796845010006137e-15,1.6653479355755737e-15,0.0099334394549946,0.0099334399755831,3.106553899123841e-15
15000,12,legacy,60dB,0,1.9236697765831646e-07,1.677214103972224e-07,0.0099250187537295,0.0099334399755831,6.303554428189971e-07
15000,12,legacy,60dB,1,2.0701903041433685e-07,2.038632753709041e-07,0.009942125360274,0.0099334399755831,6.229357010089772e-07
15000,12,legacy,60dB,2,1.6865000367337134e-07,1.9337857147631368e-07,0.0099257926690842,0.0099334399755831,6.76173535152399e-07
15000,12,legacy,60dB,3,2.1151135095086195e-07,2.405246234221562e-07,0.0099320050330754,0.0099334399755831,6.524224833522169e-07
15000,12,legacy,60dB,4,2.047555374218957e-07,2.166797469817173e-07,0.0099310127729359,0.0099334399755831,6.6675292196496e-07
15000,12,legacy,60dB,5,2.1160492784437694e-07,2.144626988607754e-07,0.0099333230007046,0.0099334399755831,6.715720490677948e-07
15000,12,legacy,60dB,6,1.5976028761043272e-07,2.0547021029175557e-07,0.0099302960603118,0.0099334399755831,6.433170977569925e-07
15000,12,legacy,60dB,7,2.0254669584001665e-07,2.184827398607132e-07,0.0099336284606144,0.0099334399755831,6.289432867124671e-07
15000,12,legacy,40dB,0,1.9236638722329937e-05,1.6772054172232836e-05,0.0098665454113141,0.0099334399755831,6.303540789152109e-05
15000,12,legacy,40dB,1,2.0702089146424173e-05,2.038683153551508e-05,0.0100389304066561,0.0099334399755831,6.229313189455467e-05
15000,12,legacy,40dB,2,1.6864568984417758e-05,1.933698947636599e-05,0.0098721496648634,0.0099334399755831,6.761744730934348e-05
15000,12,legacy,40dB,3,2.115111993400727e-05,2.4052323169342147e-05,0.0099381312422517,0.0099334399755831,6.524247384651835e-05
15000,12,legacy,40dB,4,2.0475623938046936e-05,2.1667862144730005e-05,0.0099276007029968,0.0099334399755831,6.667491441738142e-05
15000,12,legacy,40dB,5,2.1160576274259595e-05,2.144655869993912e-05,0.0099513194391157,0.0099334399755831,6.715752337153686e-05
15000,12,legacy,40dB,6,1.5975888428218087e-05,2.054637868833037e-05,0.0099163837937433,0.0099334399755831,6.433144312852639e-05
15000,12,legacy,40dB,7,2.025477755776545e-05,2.1848418123126286e-05,0.0099535588218174,0.0099334399755831,6.289457640021811e-05
15000,12,balanced,clean,0,3.1714008786608124e-15,1.5753335055829913e-15,0.0099334387294011,0.0099334399755831,3.040053910868221e-15
15000,12,balanced,60dB,0,1.7107982052546838e-07,1.7472129872149797e-07,0.0099368182235992,0.0099334399755831,6.633885494238872e-07
15000,12,balanced,60dB,1,1.6168411265430793e-07,1.749227967503698e-07,0.0099325380190169,0.0099334399755831,6.407468732307284e-07
15000,12,balanced,60dB,2,2.0043893580733025e-07,1.9618175847193465e-07,0.0099287992307891,0.0099334399755831,6.183692674959597e-07
15000,12,balanced,60dB,3,1.7103843954181201e-07,2.140339212121039e-07,0.0099291660203529,0.0099334399755831,6.560106696239908e-07
15000,12,balanced,60dB,4,1.8769769807293455e-07,2.281880581228318e-07,0.0099300384874331,0.0099334399755831,6.498390242333613e-07
15000,12,balanced,60dB,5,1.674091845998148e-07,1.827867611807483e-07,0.0099337207029516,0.0099334399755831,6.82762184527772e-07
15000,12,balanced,60dB,6,1.7167388662830854e-07,2.27393171747614e-07,0.0099266799019127,0.0099334399755831,6.456914185517184e-07
15000,12,balanced,60dB,7,1.585548444854089e-07,1.8192038103793562e-07,0.0099288781966417,0.0099334399755831,6.390037561021394e-07
15000,12,balanced,40dB,0,1.7108072243050178e-05,1.747238711434851e-05,0.0099826309454489,0.0099334399755831,6.63388268932113e-05
15000,12,balanced,40dB,1,1.6168370581394884e-05,1.7492005947287233e-05,0.0099389831550427,0.0099334399755831,6.407494809448951e-05
15000,12,balanced,40dB,2,2.0044098883424035e-05,1.961849226777516e-05,0.0099050834528347,0.0099334399755831,6.1836758434453e-05
15000,12,balanced,40dB,3,1.7103922834728273e-05,2.1403226481303324e-05,0.009906105177387,0.0099334399755831,6.560122571527141e-05
15000,12,balanced,40dB,4,1.876969975100563e-05,2.2818615578265276e-05,0.0099163290325199,0.0099334399755831,6.498347785175422e-05
15000,12,balanced,40dB,5,1.6740672757726822e-05,1.827842464454524e-05,0.0099513250458467,0.0099334399755831,6.827604136774923e-05
15000,12,balanced,40dB,6,1.716724281063531e-05,2.273932384121678e-05,0.0098813009584898,0.0099334399755831,6.45692043342794e-05
15000,12,balanced,40dB,7,1.585502863033501e-05,1.819165588103239e-05,0.0099021028820208,0.0099334399755831,6.390064125508776e-05
15250,5,legacy,clean,0,3.278566720086196e-06,3.4464715993970785e-07,0.0096243389218167,0.0096219289812274,7.41632508554126e-06
15250,5,legacy,60dB,0,3.3261004406411765e-06,3.555574760153654e-07,0.0096179532701043,0.0096219289812274,8.638229400413198e-06
15250,5,legacy,60dB,1,3.319534625044813e-06,3.679007657884565e-07,0.0096187837947735,0.0096219289812274,8.27630628837438e-06
15250,5,legacy,60dB,2,3.2917560515060347e-06,3.29704959572851e-07,0.0096268301883471,0.0096219289812274,8.311360256716224e-06
15250,5,legacy,60dB,3,3.34218690862403e-06,4.150657445635016e-07,0.0096362796962588,0.0096219289812274,8.393899067726163e-06
15250,5,legacy,60dB,4,3.28800724889559e-06,3.6633288219119243e-07,0.0096209376960716,0.0096219289812274,8.236669482514408e-06
15250,5,legacy,60dB,5,3.313197309325357e-06,3.983854228428551e-07,0.0096226393837175,0.0096219289812274,8.310099825175458e-06
15250,5,legacy,60dB,6,3.303405588203488e-06,3.220314078844061e-07,0.0096260817888437,0.0096219289812274,8.274256716505286e-06
15250,5,legacy,60dB,7,3.2923214722434874e-06,3.7051355966665563e-07,0.009627831143167,0.0096219289812274,8.55501133798159e-06
15250,5,legacy,40dB,0,6.16988447549839e-06,2.6749961308803035e-06,0.0095628983852426,0.0096219289812274,0.0001031937675405
15250,5,legacy,40dB,1,6.775966949719853e-06,4.028861743575484e-06,0.0095718753725648,0.0096219289812274,9.715297475479544e-05
15250,5,legacy,40dB,2,6.150780822730465e-06,3.806112911379768e-06,0.0096519919079088,0.0096219289812274,0.0001010228873871
15250,5,legacy,40dB,3,6.849878578791503e-06,4.1922419511302445e-06,0.0097466817762118,0.0096219289812274,9.82456671364132e-05
15250,5,legacy,40dB,4,7.492492045124044e-06,4.920798804002784e-06,0.0095944461844026,0.0096219289812274,9.93009806344994e-05
15250,5,legacy,40dB,5,6.649016682330375e-06,4.869145640903561e-06,0.0096103676848951,0.0096219289812274,0.0001023016919248
15250,5,legacy,40dB,6,5.914051465747758e-06,3.154831867208283e-06,0.0096441546881514,0.0096219289812274,9.582712551204084e-05
15250,5,legacy,40dB,7,6.83300586751023e-06,4.05725577092933e-06,0.009662678026946,0.0096219289812274,0.0001013135798194
15250,5,balanced,clean,0,3.281045531667083e-06,2.879649758782656e-07,0.0096180755610586,0.0096219289812274,8.224921216787573e-06
15250,5,balanced,60dB,0,3.3157799958204285e-06,2.983280236256791e-07,0.0096137114407538,0.0096219289812274,8.995935056250547e-06
15250,5,balanced,60dB,1,3.291827761276839e-06,3.0761011398895096e-07,0.0096180345296313,0.0096219289812274,8.876962738902437e-06
15250,5,balanced,60dB,2,3.3086887082478066e-06,3.409065394798728e-07,0.0096210753469042,0.0096219289812274,9.098378972277028e-06
15250,5,balanced,60dB,3,3.2935206065201548e-06,2.687546255883916e-07,0.0096221905111333,0.0096219289812274,9.169367368051173e-06
15250,5,balanced,60dB,4,3.292723191682588e-06,2.74761286749774e-07,0.00961937111917,0.0096219289812274,9.324255781359029e-06
15250,5,balanced,60dB,5,3.308183679283429e-06,3.088827466211903e-07,0.0096214021053777,0.0096219289812274,9.235113542494844e-06
15250,5,balanced,60dB,6,3.317959596791003e-06,2.850030338189609e-07,0.0096258193626453,0.0096219289812274,9.263119726223316e-06
15250,5,balanced,60dB,7,3.2984894421640795e-06,2.8238940566842535e-07,0.0096213384621816,0.0096219289812274,9.191442450394358e-06
15250,5,balanced,40dB,0,6.1169126640144445e-06,3.301505831247893e-06,0.0095769228805018,0.0096219289812274,9.924120882823202e-05
15250,5,balanced,40dB,1,5.16429975207097e-06,2.372082713066192e-06,0.0096194406787095,0.0096219289812274,9.794463434784248e-05
15250,5,balanced,40dB,2,6.172963805536513e-06,4.953764260731355e-06,0.0096506889060225,0.0096219289812274,0.0001027902505831
15250,5,balanced,40dB,3,5.73800565346834e-06,2.7339806769008223e-06,0.0096615572711785,0.0096219289812274,9.955350100524985e-05
15250,5,balanced,40dB,4,6.1187492636050806e-06,3.156158721507603e-06,0.0096337520693044,0.0096219289812274,0.0001033649079216
15250,5,balanced,40dB,5,5.909233841966296e-06,4.047673894389912e-06,0.0096536978110835,0.0096219289812274,0.0001055272223165
15250,5,balanced,40dB,6,6.87971436943992e-06,2.876762802835737e-06,0.0096987431051124,0.0096219289812274,9.74548373269924e-05
15250,5,balanced,40dB,7,6.287472797821107e-06,2.6077580391065065e-06,0.0096535365604497,0.0096219289812274,0.0001008310105161
15250,8,legacy,clean,0,2.9133722277950587e-09,4.770616503318851e-10,0.0096224645065999,0.0096219289812274,5.011081791417177e-09
15250,8,legacy,60dB,0,7.923551990285096e-08,5.5797650869213725e-08,0.0096154772873472,0.0096219289812274,8.343634910841584e-07
15250,8,legacy,60dB,1,7.426561909139535e-08,7.055024150585376e-08,0.0096167435809361,0.0096219289812274,8.30959305318511e-07
15250,8,legacy,60dB,2,6.827963444267152e-08,7.467954997198204e-08,0.0096230697731574,0.0096219289812274,8.61922617990012e-07
15250,8,legacy,60dB,3,8.183909334392272e-08,6.58957335915545e-08,0.009635663290167,0.0096219289812274,8.219531456813029e-07
15250,8,legacy,60dB,4,9.552820127756022e-08,1.0259400477467665e-07,0.0096186606386604,0.0096219289812274,8.204294363394825e-07
15250,8,legacy,60dB,5,8.932639108209396e-08,7.888478305481968e-08,0.0096196545948407,0.0096219289812274,8.656573741571578e-07
15250,8,legacy,60dB,6,8.371581047809695e-08,7.327148970082235e-08,0.0096235487771457,0.0096219289812274,7.906297960229869e-07
15250,8,legacy,60dB,7,8.008923258638855e-08,6.424496911280006e-08,0.0096291269202625,0.0096219289812274,8.337046489621992e-07
15250,8,legacy,40dB,0,7.618741288103768e-06,5.587174617435827e-06,0.0095594449205122,0.0096219289812274,8.296693025522541e-05
15250,8,legacy,40dB,1,7.180598206071011e-06,6.897500452025222e-06,0.0095717194123274,0.0096219289812274,8.264566373243715e-05
15250,8,legacy,40dB,2,6.41618926071763e-06,7.278775135638253e-06,0.0096342767854415,0.0096219289812274,8.54617174670899e-05
15250,8,legacy,40dB,3,7.80818858860882e-06,6.603690900266309e-06,0.0097614683602762,0.0096219289812274,8.098117198134109e-05
15250,8,legacy,40dB,4,9.247375075830893e-06,1.0028186418298674e-05,0.0095927441406183,0.0096219289812274,8.207286693394412e-05
15250,8,legacy,40dB,5,8.768603019701914e-06,7.941212915628607e-06,0.0096022669484668,0.0096219289812274,8.607826133622734e-05
15250,8,legacy,40dB,6,7.972481594526612e-06,7.382249865113498e-06,0.0096404687558978,0.0096219289812274,7.876227826856494e-05
15250,8,legacy,40dB,7,7.787604881121394e-06,6.375582191011063e-06,0.0096961015761312,0.0096219289812274,8.295878572064857e-05
15250,8,balanced,clean,0,3.027706519571282e-09,7.44472938115658e-10,0.0096207434890287,0.0096219289812274,5.4771213856388705e-09
15250,8,balanced,60dB,0,6.140158178920755e-08,5.9531695478803133e-08,0.0096166472823581,0.0096219289812274,8.410281743601704e-07
15250,8,balanced,60dB,1,7.16620613961454e-08,5.8238275005725824e-08,0.0096209865979037,0.0096219289812274,8.288391921969002e-07
15250,8,balanced,60dB,2,6.861802403479865e-08,7.162311416323137e-08,0.0096233289188948,0.0096219289812274,8.709431222874378e-07
15250,8,balanced,60dB,3,5.9508147076763396e-08,5.5997844533801486e-08,0.0096250512652555,0.0096219289812274,8.336158066191722e-07
15250,8,balanced,60dB,4,6.584857223280874e-08,5.695089792155672e-08,0.0096251097131404,0.0096219289812274,8.564911986025661e-07
15250,8,balanced,60dB,5,7.081739680851076e-08,8.221884307176492e-08,0.0096266330536832,0.0096219289812274,8.773151428973013e-07
15250,8,balanced,60dB,6,7.000637257951237e-08,5.194284404073407e-08,0.0096291383436494,0.0096219289812274,7.936787586101496e-07
15250,8,balanced,60dB,7,7.54966443302743e-08,6.240001155740004e-08,0.009623530800109,0.0096219289812274,8.34250906834118e-07
15250,8,balanced,40dB,0,6.0157617318191286e-06,6.267945977199424e-06,0.0095852104175946,0.0096219289812274,8.325740267047508e-05
15250,8,balanced,40dB,1,6.8617587703543616e-06,5.853250319503448e-06,0.0096293469652933,0.0096219289812274,8.234534495679235e-05
15250,8,balanced,40dB,2,6.5386271441324986e-06,7.114452511240299e-06,0.0096524774839524,0.0096219289812274,8.670332284749699e-05
15250,8,balanced,40dB,3,5.6664704767504914e-06,5.481803681131803e-06,0.0096689198896615,0.0096219289812274,8.315931515457185e-05
15250,8,balanced,40dB,4,6.48164988187104e-06,5.859726164474283e-06,0.0096702561436636,0.0096219289812274,8.483648454767017e-05
15250,8,balanced,40dB,5,7.049350436180593e-06,8.278781465722903e-06,0.0096860075613999,0.0096219289812274,8.69293924609313e-05
15250,8,balanced,40dB,6,6.838459968846982e-06,5.3173631704871135e-06,0.0097108576808376,0.0096219289812274,7.824171948147414e-05
15250,8,balanced,40dB,7,7.382943373680933e-06,6.404107944040071e-06,0.0096552718261199,0.0096219289812274,8.253980970967576e-05
15250,12,legacy,clean,0,4.125179498104357e-15,2.0929146836237117e-15,0.009621928355047,0.0096219289812274,4.572731889864014e-15
15250,12,legacy,60dB,0,1.9637112620217584e-07,1.8021244895178129e-07,0.0096142610942478,0.0096219289812274,6.567287198045353e-07
15250,12,legacy,60dB,1,1.723075646679377e-07,1.6604938016884446e-07,0.0096190725415851,0.0096219289812274,6.500471185908026e-07
15250,12,legacy,60dB,2,2.3108595410985806e-07,2.1621882629879849e-07,0.0096281630741196,0.0096219289812274,6.435050957665582e-07
15250,12,legacy,60dB,3,2.3315759071830122e-07,2.0676061584566175e-07,0.0096346602256507,0.0096219289812274,6.222651846367319e-07
15250,12,legacy,60dB,4,1.9891902049027178e-07,2.2733183147986506e-07,0.0096170726908546,0.0096219289812274,6.520039657013052e-07
15250,12,legacy,60dB,5,2.014251443980325e-07,2.071266969233127e-07,0.0096174568566884,0.0096219289812274,6.890127599110195e-07
15250,12,legacy,60dB,6,1.9056308710363078e-07,1.801952311067093e-07,0.0096206101498781,0.0096219289812274,6.190834956728604e-07
15250,12,legacy,60dB,7,1.8605876434737144e-07,1.7379585539055197e-07,0.0096285901930378,0.0096219289812274,6.526000776271395e-07
15250,12,legacy,40dB,0,1.9637149840453462e-05,1.802136786373961e-05,0.0095629291856706,0.0096219289812274,6.567343145987575e-05
15250,12,legacy,40dB,1,1.7230779319083027e-05,1.6605063921159843e-05,0.009608877924138,0.0096219289812274,6.500506513252027e-05
15250,12,legacy,40dB,2,2.3109168726518856e-05,2.1622502950184183e-05,0.0097050738549961,0.0096219289812274,6.43503881197916e-05
15250,12,legacy,40dB,3,2.3315881257535454e-05,2.067613916754146e-05,0.0097702313664713,0.0096219289812274,6.222707939508655e-05
15250,12,legacy,40dB,4,1.9891593647547915e-05,2.273279695065483e-05,0.0095912741166035,0.0096219289812274,6.520099691267077e-05
15250,12,legacy,40dB,5,2.0142424087952314e-05,2.0712582313378744e-05,0.0095953415441423,0.0096219289812274,6.89013079958551e-05
15250,12,legacy,40dB,6,1.9056237807330372e-05,1.8019598232941383e-05,0.0096258969103316,0.0096219289812274,6.190872378781282e-05
15250,12,legacy,40dB,7,1.860561875115093e-05,1.7379169053306002e-05,0.0097052917660998,0.0096219289812274,6.526064000489454e-05
15250,12,balanced,clean,0,4.6674984921978246e-15,2.6813486832879974e-15,0.0096219288018321,0.0096219289812274,4.480890669698852e-15
15250,12,balanced,60dB,0,1.742203666104337e-07,1.9554201359308105e-07,0.0096154336525042,0.0096219289812274,6.350577347353489e-07
15250,12,balanced,60dB,1,1.695497144459043e-07,1.7208953387779089e-07,0.0096165988087922,0.0096219289812274,6.641476493397394e-07
15250,12,balanced,60dB,2,1.490392933947206e-07,1.7370754791653897e-07,0.0096256008526781,0.0096219289812274,7.109117437351734e-07
15250,12,balanced,60dB,3,1.5614163040003387e-07,1.7635261593052459e-07,0.0096271158070856,0.0096219289812274,6.649057446606581e-07
15250,12,balanced,60dB,4,2.238136743811784e-07,2.0075856398513498e-07,0.0096318954453007,0.0096219289812274,6.339770932014455e-07
15250,12,balanced,60dB,5,1.8169670784046125e-07,1.961609245520268e-07,0.0096318449812065,0.0096219289812274,6.881686125892361e-07
15250,12,balanced,60dB,6,1.753854104757119e-07,1.7094790919086926e-07,0.0096299215014774,0.0096219289812274,6.168780481991449e-07
15250,12,balanced,60dB,7,1.7993750877705968e-07,1.7626345076905286e-07,0.0096231426241693,0.0096219289812274,6.411282573605017e-07
15250,12,balanced,40dB,0,1.7422028728410205e-05,1.9553816142983857e-05,0.0095726571336582,0.0096219289812274,6.35061746344351e-05
15250,12,balanced,40dB,1,1.6955254044356504e-05,1.7209327874248324e-05,0.0095838886283754,0.0096219289812274,6.641517950310312e-05
15250,12,balanced,40dB,2,1.4903944509481626e-05,1.737083085824101e-05,0.0096720628619101,0.0096219289812274,7.109128259811728e-05
15250,12,balanced,40dB,3,1.5614292331719802e-05,1.7635085458230915e-05,0.0096878517304375,0.0096219289812274,6.649044897380714e-05
15250,12,balanced,40dB,4,2.2381468527154887e-05,2.0076011170755505e-05,0.0097417385683436,0.0096219289812274,6.339827562069435e-05
15250,12,balanced,40dB,5,1.8169617397424734e-05,1.9616215311735827e-05,0.0097374432459375,0.0096219289812274,6.881671809457325e-05
15250,12,balanced,40dB,6,1.7538782811926823e-05,1.7095121029925704e-05,0.0097176407270341,0.0096219289812274,6.168770750354221e-05
15250,12,balanced,40dB,7,1.799374090953259e-05,1.762638128618813e-05,0.0096502613910686,0.0096219289812274,6.41127288502852e-05
15500,5,legacy,clean,0,3.996662232513591e-06,3.636094738677296e-07,0.0093069527435063,0.0093314036182877,8.716048608367783e-06
15500,5,legacy,60dB,0,4.041326371041894e-06,4.2305692674210933e-07,0.0093062316775869,0.0093314036182877,9.58537086945292e-06
15500,5,legacy,60dB,1,4.04144790187729e-06,4.190331405326933e-07,0.0093106755444897,0.0093314036182877,9.643663967633575e-06
15500,5,legacy,60dB,2,4.024962966678304e-06,4.311575996374614e-07,0.0092965291165494,0.0093314036182877,9.338993838848446e-06
15500,5,legacy,60dB,3,4.035973063180948e-06,3.5211194879888057e-07,0.0093126396754699,0.0093314036182877,9.598345404562108e-06
15500,5,legacy,60dB,4,4.0164721998303295e-06,3.841105618661658e-07,0.0093056952477738,0.0093314036182877,9.81969309987676e-06
15500,5,legacy,60dB,5,3.996879613421011e-06,3.9348554045360926e-07,0.0093149960303641,0.0093314036182877,9.64818203578934e-06
15500,5,legacy,60dB,6,4.033593436670474e-06,4.192788082113534e-07,0.0093021377726487,0.0093314036182877,9.653660360741269e-06
15500,5,legacy,60dB,7,4.038192032477597e-06,4.1563453811772325e-07,0.0093022609819188,0.0093314036182877,9.653301065283776e-06
15500,5,legacy,40dB,0,7.612499979357702e-06,3.420215304473043e-06,0.0093029112806739,0.0093314036182877,0.0001069682893574
15500,5,legacy,40dB,1,7.013549560692953e-06,3.533213137000917e-06,0.0093467497839747,0.0093314036182877,0.0001020353456065
15500,5,legacy,40dB,2,6.729574321801729e-06,3.37902936025134e-06,0.0092051663786845,0.0093314036182877,9.593359254051164e-05
15500,5,legacy,40dB,3,8.084179064618179e-06,3.7392382784293854e-06,0.0093675164716674,0.0093314036182877,9.960976896093836e-05
15500,5,legacy,40dB,4,6.265517564985432e-06,2.8657330672823645e-06,0.0092964485418399,0.0093314036182877,9.955072900344598e-05
15500,5,legacy,40dB,5,6.909347655059046e-06,3.966503594226144e-06,0.0093902961236975,0.0093314036182877,0.0001035908121201
15500,5,legacy,40dB,6,7.376286970693486e-06,4.396364453956189e-06,0.0092618133476269,0.0093314036182877,9.79712901783474e-05
15500,5,legacy,40dB,7,6.918788246307324e-06,3.460169879756505e-06,0.0092625419556453,0.0093314036182877,0.000102367472856
15500,5,balanced,clean,0,3.889701953321401e-06,3.66032398123452e-07,0.0093459077455753,0.0093314036182877,9.66955714822934e-06
15500,5,balanced,60dB,0,3.9424311683349856e-06,4.126458650842045e-07,0.0093487298526372,0.0093314036182877,1.0546044420444023e-05
15500,5,balanced,60dB,1,3.9524625062140046e-06,4.1043145554163483e-07,0.0093519830190287,0.0093314036182877,1.051703300235438e-05
15500,5,balanced,60dB,2,3.894636722980001e-06,3.317412132551961e-07,0.0093378904131667,0.0093314036182877,1.04933345612392e-05
15500,5,balanced,60dB,3,3.871008067029996e-06,3.694975549239484e-07,0.0093411639754534,0.0093314036182877,1.0678991068008644e-05
15500,5,balanced,60dB,4,3.9417140061058224e-06,3.960318216682576e-07,0.0093479877243431,0.0093314036182877,1.0697300757134617e-05
15500,5,balanced,60dB,5,3.931797173153026e-06,3.952170976490567e-07,0.0093455220685677,0.0093314036182877,1.0615988421479646e-05
15500,5,balanced,60dB,6,3.941545643288338e-06,3.904889184836422e-07,0.0093375990166551,0.0093314036182877,1.0772889966605717e-05
15500,5,balanced,60dB,7,3.919929483607439e-06,3.826861869627646e-07,0.0093473041334428,0.0093314036182877,1.0702747795701663e-05
15500,5,balanced,40dB,0,7.182471259931282e-06,3.940636884630401e-06,0.0093768942933505,0.0093314036182877,0.0001067146691349
15500,5,balanced,40dB,1,7.047828455061643e-06,3.061170058142954e-06,0.0094091910010824,0.0093314036182877,0.0001025134607895
15500,5,balanced,40dB,2,6.044447668225567e-06,1.918209096986677e-06,0.0092678398195073,0.0093314036182877,9.959623200084116e-05
15500,5,balanced,40dB,3,6.560045040405448e-06,2.428349882895932e-06,0.0093013273263066,0.0093314036182877,0.0001044226220228
15500,5,balanced,40dB,4,6.730143990001768e-06,2.2666048136883875e-06,0.0093690278547625,0.0093314036182877,0.0001007587835187
15500,5,balanced,40dB,5,6.514239546569297e-06,3.2514175174427266e-06,0.0093442545608948,0.0093314036182877,0.0001043725875916
15500,5,balanced,40dB,6,7.475654712803788e-06,2.6909303680554302e-06,0.0092658879722335,0.0093314036182877,0.0001004612931799
15500,5,balanced,40dB,7,6.1048025980956985e-06,2.637752329160112e-06,0.0093617844495927,0.0093314036182877,0.0001044751780187
15500,8,legacy,clean,0,3.7566001713110355e-09,8.706893172227228e-10,0.0093324575472119,0.0093314036182877,6.371185737942156e-09
15500,8,legacy,60dB,0,8.995566905061308e-08,7.987759748280096e-08,0.0093313643500736,0.0093314036182877,8.950833054536536e-07
15500,8,legacy,60dB,1,6.816769217981624e-08,6.575597200687959e-08,0.0093359260623797,0.0093314036182877,8.565294623653624e-07
15500,8,legacy,60dB,2,8.313643265704968e-08,7.750218010306921e-08,0.0093219055970077,0.0093314036182877,8.082869579823046e-07
15500,8,legacy,60dB,3,8.635474449065399e-08,8.724759746267689e-08,0.0093394026340475,0.0093314036182877,8.434857456593157e-07
15500,8,legacy,60dB,4,6.685114623925267e-08,7.14483369625411e-08,0.0093325234945903,0.0093314036182877,7.915434239589332e-07
15500,8,legacy,60dB,5,7.5358032951515e-08,8.05108640929632e-08,0.0093396795738287,0.0093314036182877,8.62505651410091e-07
15500,8,legacy,60dB,6,8.706435514591432e-08,7.971137587706998e-08,0.0093263871739286,0.0093314036182877,8.045859351707341e-07
15500,8,legacy,60dB,7,8.206377991027288e-08,6.878473302071648e-08,0.0093261075563043,0.0093314036182877,8.473458788496061e-07
15500,8,legacy,40dB,0,8.554784076310104e-06,7.79873746944033e-06,0.0093292146126166,0.0093314036182877,8.917438809814631e-05
15500,8,legacy,40dB,1,6.383149863990775e-06,6.3902691706676485e-06,0.0093728779812336,0.0093314036182877,8.506866747906405e-05
15500,8,legacy,40dB,2,7.932824411135175e-06,7.452443905575987e-06,0.0092340733146567,0.0093314036182877,8.046726084278136e-05
15500,8,legacy,40dB,3,8.152643798199465e-06,8.49426497599329e-06,0.009409231321323,0.0093314036182877,8.326799959522536e-05
15500,8,legacy,40dB,4,6.14067612462863e-06,6.9839392995911245e-06,0.0093386229950598,0.0093314036182877,7.861664032398774e-05
15500,8,legacy,40dB,5,7.1435063883102455e-06,7.963114869227148e-06,0.0094111015488402,0.0093314036182877,8.575952842318645e-05
15500,8,legacy,40dB,6,8.315490763648003e-06,7.880103936954945e-06,0.0092792324709929,0.0093314036182877,8.00240612496349e-05
15500,8,legacy,40dB,7,7.815781428173165e-06,6.82743281547826e-06,0.0092759865911668,0.0093314036182877,8.3915988352453e-05
15500,8,balanced,clean,0,3.6559463886572934e-09,8.801626076289344e-10,0.0093314156580044,0.0093314036182877,6.940467936820248e-09
15500,8,balanced,60dB,0,7.820314909933756e-08,8.209019193332061e-08,0.0093332189911815,0.0093314036182877,8.934561402083039e-07
15500,8,balanced,60dB,1,6.974354759786079e-08,6.063913805139608e-08,0.0093361759109808,0.0093314036182877,8.569597337162204e-07
15500,8,balanced,60dB,2,5.992347991779599e-08,5.5550911064169536e-08,0.0093224153886936,0.0093314036182877,8.39186256721476e-07
15500,8,balanced,60dB,3,6.949913823457054e-08,5.8651833007219776e-08,0.0093290987432582,0.0093314036182877,8.585777330574126e-07
15500,8,balanced,60dB,4,7.476307752192225e-08,6.218530218381027e-08,0.0093325818024551,0.0093314036182877,8.124588800849395e-07
15500,8,balanced,60dB,5,6.243366090099703e-08,7.196674033405953e-08,0.0093268635815656,0.0093314036182877,8.638867379442535e-07
15500,8,balanced,60dB,6,7.757456256406324e-08,6.418198790777269e-08,0.00932278026884,0.0093314036182877,8.041148904133436e-07
15500,8,balanced,60dB,7,5.7559204241865876e-08,6.90872219300967e-08,0.0093324280224827,0.0093314036182877,8.4952314612382e-07
15500,8,balanced,40dB,0,7.340551911506965e-06,7.876137367420948e-06,0.0093560404137137,0.0093314036182877,8.811691555105186e-05
15500,8,balanced,40dB,1,6.654931289212446e-06,5.9592388725745645e-06,0.0093850085870993,0.0093314036182877,8.438356937502531e-05
15500,8,balanced,40dB,2,5.6372724272990994e-06,5.354928521053769e-06,0.0092464839060422,0.0093314036182877,8.366122655239541e-05
15500,8,balanced,40dB,3,6.685671242363649e-06,5.849907411416636e-06,0.0093142700939204,0.0093314036182877,8.5133987405332e-05
15500,8,balanced,40dB,4,7.032414457374782e-06,6.031906540327705e-06,0.009349394789711,0.0093314036182877,8.042767837116143e-05
15500,8,balanced,40dB,5,6.021139604032496e-06,7.135478377744876e-06,0.0092913246001293,0.0093314036182877,8.571630919305335e-05
15500,8,balanced,40dB,6,7.315848957637598e-06,6.250950203432037e-06,0.0092516347732097,0.0093314036182877,7.976748644800445e-05
15500,8,balanced,40dB,7,5.51827601252749e-06,6.953667948684118e-06,0.0093465148902751,0.0093314036182877,8.431709077920483e-05
15500,12,legacy,clean,0,5.9586387659079524e-15,3.1893523442497878e-15,0.0093314046305813,0.0093314036182877,6.674640182045514e-15
15500,12,legacy,60dB,0,2.147953333002949e-07,1.865452053572529e-07,0.0093322972205906,0.0093314036182877,7.296200360877735e-07
15500,12,legacy,60dB,1,1.631726263923783e-07,1.572410570456911e-07,0.009331548732083,0.0093314036182877,6.631785322328819e-07
15500,12,legacy,60dB,2,1.7739564004575198e-07,1.7356873393381957e-07,0.0093185590400159,0.0093314036182877,6.361466621667887e-07
15500,12,legacy,60dB,3,2.13885297004142e-07,1.9948501674150637e-07,0.0093416518000778,0.0093314036182877,6.37535802889688e-07
15500,12,legacy,60dB,4,1.6122479046722665e-07,1.674646584265613e-07,0.009335839223598,0.0093314036182877,6.304964150599766e-07
15500,12,legacy,60dB,5,1.8127473391594344e-07,2.040754050305611e-07,0.0093422851795136,0.0093314036182877,6.660288585696603e-07
15500,12,legacy,60dB,6,2.026656821332817e-07,1.787965037547222e-07,0.0093291165192748,0.0093314036182877,6.366077504978073e-07
15500,12,legacy,60dB,7,2.115460442523719e-07,1.7438871880019321e-07,0.0093221879680584,0.0093314036182877,6.60480114352226e-07
15500,12,legacy,40dB,0,2.1479361029786032e-05,1.865421130668708e-05,0.0093596619384244,0.0093314036182877,7.296183023650572e-05
15500,12,legacy,40dB,1,1.6317153203721844e-05,1.572376891233796e-05,0.0093475310725915,0.0093314036182877,6.631721658708474e-05
15500,12,legacy,40dB,2,1.7739500381795285e-05,1.735676474926979e-05,0.0092189142689623,0.0093314036182877,6.361483956038537e-05
15500,12,legacy,40dB,3,2.1388329598418585e-05,1.994844918292065e-05,0.0094531258022283,0.0093314036182877,6.375374015133405e-05
15500,12,legacy,40dB,4,1.612232572296473e-05,1.6746236251872376e-05,0.0093902606386208,0.0093314036182877,6.305002536175203e-05
15500,12,legacy,40dB,5,1.8127496308448157e-05,2.0407607904393863e-05,0.0094565248689274,0.0093314036182877,6.660315686972737e-05
15500,12,legacy,40dB,6,2.0266529199306272e-05,1.7879611896357615e-05,0.0093267633899483,0.0093314036182877,6.366028269719323e-05
15500,12,legacy,40dB,7,2.115495629744509e-05,1.743956348245977e-05,0.0092582775012615,0.0093314036182877,6.604846947431053e-05
15500,12,balanced,clean,0,6.658704369060924e-15,2.943734969485783e-15,0.0093314058230215,0.0093314036182877,6.542976029189358e-15
15500,12,balanced,60dB,0,2.07030856744462e-07,1.8773557205984962e-07,0.009331189387083,0.0093314036182877,6.794767476862172e-07
15500,12,balanced,60dB,1,1.9025265912320217e-07,1.4450980847988644e-07,0.0093401559239138,0.0093314036182877,6.49919454701714e-07
15500,12,balanced,60dB,2,1.6182304085383821e-07,1.5655273787863666e-07,0.0093197075286486,0.0093314036182877,6.52260696133119e-07
15500,12,balanced,60dB,3,1.828215316205998e-07,1.702652041766194e-07,0.009326834767408,0.0093314036182877,6.72261478410129e-07
15500,12,balanced,60dB,4,1.5571532851513784e-07,1.279757849295067e-07,0.0093302131328987,0.0093314036182877,6.498731590014604e-07
15500,12,balanced,60dB,5,1.7162580887343065e-07,1.5427433756241733e-07,0.0093322571914613,0.0093314036182877,6.647274950941854e-07
15500,12,balanced,60dB,6,1.7496367004224984e-07,1.635947651336494e-07,0.0093238436523906,0.0093314036182877,6.181621751002169e-07
15500,12,balanced,60dB,7,1.585530842635406e-07,1.7045312148436246e-07,0.0093324622688554,0.0093314036182877,6.71739234132033e-07
15500,12,balanced,40dB,0,2.070337338858e-05,1.8773516941188648e-05,0.0093478745285173,0.0093314036182877,6.794785157509395e-05
15500,12,balanced,40dB,1,1.902504823657517e-05,1.4450994140199951e-05,0.0094360293536499,0.0093314036182877,6.499204087217937e-05
15500,12,balanced,40dB,2,1.6182117024418122e-05,1.5654968172187115e-05,0.0092289867659681,0.0093314036182877,6.522599310249606e-05
15500,12,balanced,40dB,3,1.82825769401498e-05,1.7026387855905554e-05,0.0093021496285704,0.0093314036182877,6.722619039417114e-05
15500,12,balanced,40dB,4,1.5571849619138336e-05,1.2797931995617508e-05,0.0093334936181873,0.0093314036182877,6.498719534703849e-05
15500,12,balanced,40dB,5,1.7162897991110636e-05,1.5427937767635453e-05,0.0093553661473821,0.0093314036182877,6.647329203183785e-05
15500,12,balanced,40dB,6,1.749665511322651e-05,1.635950514140969e-05,0.009271531135185,0.0093314036182877,6.181628989233104e-05
15500,12,balanced,40dB,7,1.5855520994578154e-05,1.7045380580028565e-05,0.0093562402715721,0.0093314036182877,6.717383983901606e-05
15750,5,legacy,clean,0,4.5764546394509566e-06,4.892857066089441e-07,0.0090755701880589,0.0090601419470212,1.0165571194970098e-05
15750,5,legacy,60dB,0,4.610378631140493e-06,5.519862469116362e-07,0.0090689269746969,0.0090601419470212,1.105808654119076e-05
15750,5,legacy,60dB,1,4.623262383061478e-06,5.659578762944063e-07,0.009075285504825,0.0090601419470212,1.1132334547052803e-05
15750,5,legacy,60dB,2,4.6253013729703735e-06,5.340893078359447e-07,0.009082603744824,0.0090601419470212,1.1130959549152746e-05
15750,5,legacy,60dB,3,4.5720771665874735e-06,4.820070184739853e-07,0.0090715802211978,0.0090601419470212,1.1205122732357525e-05
15750,5,legacy,60dB,4,4.617783064904505e-06,5.359697243321145e-07,0.0090783068390864,0.0090601419470212,1.114872124520791e-05
15750,5,legacy,60dB,5,4.629226846773581e-06,5.417071232041431e-07,0.0090805462340734,0.0090601419470212,1.1022475616206154e-05
15750,5,legacy,60dB,6,4.605032867898178e-06,5.650900412214211e-07,0.0090777119826307,0.0090601419470212,1.0968215284806862e-05
15750,5,legacy,60dB,7,4.550263158393597e-06,5.058841745419345e-07,0.0090710330569679,0.0090601419470212,1.0986139789707753e-05
15750,5,legacy,40dB,0,8.371160036238598e-06,3.821077150798532e-06,0.0090125935199191,0.0090601419470212,9.966970786160964e-05
15750,5,legacy,40dB,1,7.809266176808846e-06,3.970280111165021e-06,0.0090754880898213,0.0090601419470212,0.0001039384281496
15750,5,legacy,40dB,2,7.403063035486121e-06,3.563315149117166e-06,0.0091482438967711,0.0090601419470212,0.0001027863163299
15750,5,legacy,40dB,3,7.016644058350076e-06,3.2925380912033964e-06,0.0090381544835953,0.0090601419470212,0.0001004833817385
15750,5,legacy,40dB,4,7.927555381721522e-06,3.717055711830871e-06,0.0091058745148223,0.0090601419470212,0.0001024494411974
15750,5,legacy,40dB,5,8.21072693835558e-06,4.688141608076192e-06,0.0091284371984297,0.0090601419470212,0.0001051240563033
15750,5,legacy,40dB,6,6.995150831788029e-06,3.542180600145289e-06,0.0090991210476852,0.0090601419470212,0.0001071619007892
15750,5,legacy,40dB,7,7.599340074214315e-06,4.243297377412335e-06,0.0090334836773947,0.0090601419470212,0.0001020149225545
15750,5,balanced,clean,0,4.677826228842838e-06,4.417284280811965e-07,0.009052387867367,0.0090601419470212,1.1303495879887293e-05
15750,5,balanced,60dB,0,4.690588136516735e-06,4.877460573031232e-07,0.0090492341524128,0.0090601419470212,1.193244014350974e-05
15750,5,balanced,60dB,1,4.708573439537191e-06,4.346525328999946e-07,0.0090507127570675,0.0090601419470212,1.2382880028511026e-05
15750,5,balanced,60dB,2,4.697816586981836e-06,4.879669588919014e-07,0.0090559829681495,0.0090601419470212,1.259101271162814e-05
15750,5,balanced,60dB,3,4.694129458979736e-06,4.495788860701413e-07,0.0090517351391997,0.0090601419470212,1.223350179959411e-05
15750,5,balanced,60dB,4,4.666788092865709e-06,4.473625478915243e-07,0.0090565132120448,0.0090601419470212,1.2276425775392014e-05
15750,5,balanced,60dB,5,4.71758118970639e-06,4.979017905838665e-07,0.0090513806898824,0.0090601419470212,1.2412369762381088e-05
15750,5,balanced,60dB,6,4.737616315717632e-06,4.847981623816828e-07,0.009057022446772,0.0090601419470212,1.2468765163629e-05
15750,5,balanced,60dB,7,4.710661899742471e-06,4.594208472203162e-07,0.0090489749510111,0.0090601419470212,1.2249110863933055e-05
15750,5,balanced,40dB,0,7.3968085602862994e-06,3.822542666016841e-06,0.0090234420810799,0.0090601419470212,9.877894129596567e-05
15750,5,balanced,40dB,1,6.915231800356054e-06,1.943154074770533e-06,0.0090375666978366,0.0090601419470212,0.0001067717522256
15750,5,balanced,40dB,2,6.83316821477942e-06,3.3722492888456965e-06,0.0090902943135966,0.0090601419470212,0.0001070625238287
15750,5,balanced,40dB,3,6.7479611862618535e-06,2.397391472709846e-06,0.0090477676883502,0.0090601419470212,0.0001018291615545
15750,5,balanced,40dB,4,7.2009146376306495e-06,2.498663257095077e-06,0.0090962747839138,0.0090601419470212,0.0001026768275318
15750,5,balanced,40dB,5,7.865170362387783e-06,3.382107229009912e-06,0.0090451058870457,0.0090601419470212,0.0001080065373084
15750,5,balanced,40dB,6,7.838504741918643e-06,3.460867938532746e-06,0.0091012964390611,0.0090601419470212,0.000110336011212
15750,5,balanced,40dB,7,7.589217472981196e-06,3.3471005253186028e-06,0.0090208417383429,0.0090601419470212,0.0001046498601999
15750,8,legacy,clean,0,4.599771224041584e-09,1.2055358999067775e-09,0.0090594872222522,0.0090601419470212,8.025655243444594e-09
15750,8,legacy,60dB,0,9.160969802928824e-08,8.80998363742384e-08,0.0090521455509543,0.0090601419470212,8.044827134445906e-07
15750,8,legacy,60dB,1,6.971339854739189e-08,8.301897061373206e-08,0.0090573349155211,0.0090601419470212,8.566697523576765e-07
15750,8,legacy,60dB,2,7.113303759787358e-08,7.769973378784362e-08,0.0090675289478846,0.0090601419470212,8.439592176889896e-07
15750,8,legacy,60dB,3,8.258317296178289e-08,9.836108051578363e-08,0.009051819846028,0.0090601419470212,8.002040436743871e-07
15750,8,legacy,60dB,4,8.996197814146258e-08,1.0348285515684569e-07,0.0090621807327991,0.0090601419470212,8.343720931748652e-07
15750,8,legacy,60dB,5,8.119762378337112e-08,1.0309897011321777e-07,0.0090624924709759,0.0090601419470212,8.717987047158898e-07
15750,8,legacy,60dB,6,7.774686474026997e-08,8.176641620978104e-08,0.00905955614692,0.0090601419470212,8.904163040626468e-07
15750,8,legacy,60dB,7,7.458861272435551e-08,9.516253740438833e-08,0.009057306360898,0.0090601419470212,8.563528276512646e-07
15750,8,legacy,40dB,0,8.515726372922201e-06,8.438783713630015e-06,0.0089937115366064,0.0090601419470212,7.974973932390717e-05
15750,8,legacy,40dB,1,6.600074073763679e-06,8.377219334293425e-06,0.0090439084929698,0.0090601419470212,8.485344518652699e-05
15750,8,legacy,40dB,2,6.69641754878836e-06,7.72338682804293e-06,0.0091459309636904,0.0090601419470212,8.411558588902072e-05
15750,8,legacy,40dB,3,7.621973147797121e-06,9.574556070640142e-06,0.0089896509993694,0.0090601419470212,7.929039074119008e-05
15750,8,legacy,40dB,4,8.427759884670521e-06,1.0088493463125924e-05,0.0090939918657648,0.0090601419470212,8.235743944705978e-05
15750,8,legacy,40dB,5,7.513758336595261e-06,1.0113889332590156e-05,0.0090962828895287,0.0090601419470212,8.66257479516657e-05
15750,8,legacy,40dB,6,7.189177845828699e-06,8.17351240660001e-06,0.0090666295760692,0.0090601419470212,8.882957930576782e-05
15750,8,legacy,40dB,7,7.038825535128044e-06,9.19314422185504e-06,0.0090440129460589,0.0090601419470212,8.519025523951164e-05
15750,8,balanced,clean,0,4.603169565464631e-09,1.188838345981718e-09,0.0090618990548993,0.0090601419470212,8.776297195247396e-09
15750,8,balanced,60dB,0,7.34069074060259e-08,7.563127015073107e-08,0.0090597367201323,0.0090601419470212,8.373280490678799e-07
15750,8,balanced,60dB,1,7.124887132012505e-08,6.474550741391181e-08,0.0090596680003394,0.0090601419470212,8.616167656121684e-07
15750,8,balanced,60dB,2,6.050391555478119e-08,6.434996839261803e-08,0.0090628885991433,0.0090601419470212,8.550680428707476e-07
15750,8,balanced,60dB,3,7.213515094547929e-08,6.693620665497694e-08,0.0090622727020381,0.0090601419470212,8.07612547915676e-07
15750,8,balanced,60dB,4,7.01349296642991e-08,5.82976467816822e-08,0.0090648541893645,0.0090601419470212,8.294228346080745e-07
15750,8,balanced,60dB,5,7.751532131445499e-08,7.508347882761638e-08,0.0090597959438053,0.0090601419470212,8.739647419935765e-07
15750,8,balanced,60dB,6,6.678311156848377e-08,6.98505880698988e-08,0.0090692792489766,0.0090601419470212,9.012835324442174e-07
15750,8,balanced,60dB,7,6.918586314078618e-08,8.542002633366153e-08,0.0090567473853828,0.0090601419470212,8.56277797230798e-07
15750,8,balanced,40dB,0,7.070796180157451e-06,7.685490197238446e-06,0.0090466538628609,0.0090601419470212,8.189536050564992e-05
15750,8,balanced,40dB,1,6.670934927790324e-06,6.500894593917362e-06,0.0090455883840407,0.0090601419470212,8.542031454612537e-05
15750,8,balanced,40dB,2,5.686535343041864e-06,6.489209413325916e-06,0.0090769174220529,0.0090601419470212,8.398731796089948e-05
15750,8,balanced,40dB,3,6.666175803244953e-06,6.629464935933052e-06,0.0090716217791067,0.0090601419470212,8.023413071780945e-05
15750,8,balanced,40dB,4,6.520793783834291e-06,5.860024381925175e-06,0.0090973112725646,0.0090601419470212,8.23958445441939e-05
15750,8,balanced,40dB,5,7.466729356815293e-06,7.770279266770758e-06,0.009047600948629,0.0090601419470212,8.640195844717413e-05
15750,8,balanced,40dB,6,6.090022086955496e-06,6.643512645272173e-06,0.0091411646151689,0.0090601419470212,8.906748599771694e-05
15750,8,balanced,40dB,7,6.506621622307376e-06,8.371792119056384e-06,0.009016238551251,0.0090601419470212,8.415506563979607e-05
15750,12,legacy,clean,0,8.277559008176728e-15,4.499882443432811e-15,0.0090601415340583,0.0090601419470212,9.648865854859004e-15
15750,12,legacy,60dB,0,2.2256725278160905e-07,2.335791652377331e-07,0.0090549389323051,0.0090601419470212,6.164498160891245e-07
15750,12,legacy,60dB,1,1.8332539308634977e-07,1.973813458009489e-07,0.0090635409737545,0.0090601419470212,6.538298320818123e-07
15750,12,legacy,60dB,2,2.0792365408674278e-07,2.5894919958644737e-07,0.0090735579612552,0.0090601419470212,6.483118048556919e-07
15750,12,legacy,60dB,3,1.693185499210479e-07,1.8400695812789705e-07,0.0090539141443702,0.0090601419470212,6.323358911772721e-07
15750,12,legacy,60dB,4,1.952868431175785e-07,2.224084250602569e-07,0.0090638750244613,0.0090601419470212,6.657397034148133e-07
15750,12,legacy,60dB,5,2.194962033130589e-07,2.4669061601233455e-07,0.0090580541704854,0.0090601419470212,6.77620751437421e-07
15750,12,legacy,60dB,6,2.0369918436352717e-07,2.159529903646521e-07,0.0090628535743654,0.0090601419470212,7.045529039741625e-07
15750,12,legacy,60dB,7,1.760813718442666e-07,2.164013313576053e-07,0.0090618510695207,0.0090601419470212,6.782981399609184e-07
15750,12,legacy,40dB,0,2.225678326061089e-05,2.3357892683713072e-05,0.009028146627333,0.0090601419470212,6.164435361635202e-05
15750,12,legacy,40dB,1,1.8332375838738424e-05,1.9738533150764503e-05,0.0091106350530025,0.0090601419470212,6.538265238583056e-05
15750,12,legacy,40dB,2,2.0792540425077915e-05,2.5894979305215947e-05,0.0092130191099862,0.0090601419470212,6.483123259390001e-05
15750,12,legacy,40dB,3,1.6932175174584727e-05,1.840067128570609e-05,0.0090131066269268,0.0090601419470212,6.323386415339849e-05
15750,12,legacy,40dB,4,1.9528166329274308e-05,2.2240468075006425e-05,0.0091150517360607,0.0090601419470212,6.657417745879019e-05
15750,12,legacy,40dB,5,2.1949309817643897e-05,2.4668492864602444e-05,0.0090590222461884,0.0090601419470212,6.776211721413604e-05
15750,12,legacy,40dB,6,2.0370000455547007e-05,2.1595960573143023e-05,0.0091055949458152,0.0090601419470212,7.04553940083761e-05
15750,12,legacy,40dB,7,1.7608175914721376e-05,2.163995083023936e-05,0.0090930842509531,0.0090601419470212,6.782987389276466e-05
15750,12,balanced,clean,0,9.321340437687237e-15,4.18590893539202e-15,0.0090601412247431,0.0090601419470212,9.439717842600489e-15
15750,12,balanced,60dB,0,1.726003712550859e-07,1.6505023128362899e-07,0.009062638825859,0.0090601419470212,6.379273486134785e-07
15750,12,balanced,60dB,1,1.7094576744775022e-07,1.7745950818792513e-07,0.0090513110164997,0.0090601419470212,6.802052320905589e-07
15750,12,balanced,60dB,2,1.823217293693013e-07,1.7628815297048257e-07,0.0090579974418493,0.0090601419470212,6.462715667514316e-07
15750,12,balanced,60dB,3,1.880493498808341e-07,1.69079596565568e-07,0.0090670274498804,0.0090601419470212,6.153215927073809e-07
15750,12,balanced,60dB,4,1.873710265475291e-07,1.4808896175178474e-07,0.0090658116328464,0.0090601419470212,6.538502899485151e-07
15750,12,balanced,60dB,5,1.9115426068200026e-07,1.889401424647267e-07,0.0090560693150093,0.0090601419470212,6.708957460702978e-07
15750,12,balanced,60dB,6,1.7780136370999364e-07,1.9338236687190065e-07,0.0090659311413885,0.0090601419470212,6.93255101185402e-07
15750,12,balanced,60dB,7,1.730020562962471e-07,1.9564038630581806e-07,0.0090544189227023,0.0090601419470212,6.60849533370437e-07
15750,12,balanced,40dB,0,1.7260753780669228e-05,1.6505341549230798e-05,0.0091006519860532,0.0090601419470212,6.379260372175305e-05
15750,12,balanced,40dB,1,1.7094183072095487e-05,1.774530549924357e-05,0.0089872238677902,0.0090601419470212,6.802013223797573e-05
15750,12,balanced,40dB,2,1.8231758370482767e-05,1.7628672470008746e-05,0.0090551119369653,0.0090601419470212,6.462731582971242e-05
15750,12,balanced,40dB,3,1.8804725535979526e-05,1.6907972618853355e-05,0.0091459277082367,0.0090601419470212,6.153172856855753e-05
15750,12,balanced,40dB,4,1.873701897502715e-05,1.4808600578376022e-05,0.0091337086145693,0.0090601419470212,6.538482254153546e-05
15750,12,balanced,40dB,5,1.911547790261468e-05,1.889339461981319e-05,0.0090366260627837,0.0090601419470212,6.70890867581853e-05
15750,12,balanced,40dB,6,1.7779463093756447e-05,1.933781902890689e-05,0.0091340418407368,0.0090601419470212,6.932459536897399e-05
15750,12,balanced,40dB,7,1.7300110861324156e-05,1.9564353518914776e-05,0.0090184882947168,0.0090601419470212,6.608432534323374e-05
16000,5,legacy,clean,0,5.429267056127205e-06,5.569540583959745e-07,0.0087915588141082,0.008806474675022,1.1772200792604998e-05
16000,5,legacy,60dB,0,5.459392473681768e-06,7.414322554537401e-07,0.0087927600976398,0.008806474675022,1.2702783819371712e-05
16000,5,legacy,60dB,1,5.430853204566235e-06,5.817267085294794e-07,0.0087899931914615,0.008806474675022,1.2834152422412797e-05
16000,5,legacy,60dB,2,5.48123918034016e-06,5.400395418016796e-07,0.0087919562268139,0.008806474675022,1.2813544742072152e-05
16000,5,legacy,60dB,3,5.464967844306113e-06,5.405938107755956e-07,0.0087934688440385,0.008806474675022,1.2712647066553587e-05
16000,5,legacy,60dB,4,5.402843486647275e-06,5.473862697968369e-07,0.0087891546296566,0.008806474675022,1.2509094500596837e-05
16000,5,legacy,60dB,5,5.45659099112481e-06,6.236256543478663e-07,0.0087896222272442,0.008806474675022,1.281245255411101e-05
16000,5,legacy,60dB,6,5.411723533197123e-06,6.524619310914245e-07,0.0087884293905604,0.008806474675022,1.2752113566431393e-05
16000,5,legacy,60dB,7,5.437986189333453e-06,5.096924958092257e-07,0.0087931062000923,0.008806474675022,1.265300348374972e-05
16000,5,legacy,40dB,0,8.593610849846876e-06,6.937337784569478e-06,0.0088064347390425,0.008806474675022,0.0001011866565943
16000,5,legacy,40dB,1,6.987211527739793e-06,3.4042620139805346e-06,0.0087774446706288,0.008806474675022,0.0001151081861993
16000,5,legacy,40dB,2,1.0013119302912832e-05,3.981274365545027e-06,0.00879959707217,0.008806474675022,0.0001045050964858
16000,5,legacy,40dB,3,7.85367830671097e-06,2.3607232572634184e-06,0.0088127265167797,0.008806474675022,0.0001038027564675
16000,5,legacy,40dB,4,7.560163043934213e-06,3.233103491742187e-06,0.0087699121012752,0.008806474675022,0.0001045822818595
16000,5,legacy,40dB,5,8.529226136827397e-06,5.194000666141692e-06,0.0087750196651989,0.008806474675022,0.0001070331283046
16000,5,legacy,40dB,6,8.103377040695305e-06,4.156967054284167e-06,0.0087631141238443,0.008806474675022,0.0001074713070178
16000,5,legacy,40dB,7,8.374206153059282e-06,3.5711771558987143e-06,0.0088098904217145,0.008806474675022,0.0001031749057609
16000,5,balanced,clean,0,5.382819852471574e-06,5.475966416011104e-07,0.0087984265669865,0.008806474675022,1.3172755465154993e-05
16000,5,balanced,60dB,0,5.396726182243595e-06,6.123338171716935e-07,0.0087976138519437,0.008806474675022,1.4111631723921996e-05
16000,5,balanced,60dB,1,5.459776933627985e-06,6.102843284614468e-07,0.008793583278365,0.008806474675022,1.3952548869538964e-05
16000,5,balanced,60dB,2,5.4552223042741815e-06,6.425855121458097e-07,0.0088046408316738,0.008806474675022,1.4035938003800982e-05
16000,5,balanced,60dB,3,5.433343125698107e-06,6.281742010561141e-07,0.008794405920214,0.008806474675022,1.4140375860197997e-05
16000,5,balanced,60dB,4,5.434988504826884e-06,5.470470294105473e-07,0.0087988973910973,0.008806474675022,1.4163554413839409e-05
16000,5,balanced,60dB,5,5.376277695561392e-06,5.319987129030408e-07,0.0088043616542428,0.008806474675022,1.3893383343045166e-05
16000,5,balanced,60dB,6,5.379780829493114e-06,6.245682075023545e-07,0.0087947717009047,0.008806474675022,1.4287358485810368e-05
16000,5,balanced,60dB,7,5.40742769857327e-06,5.423695953998025e-07,0.0087926507438245,0.008806474675022,1.3991135540088283e-05
16000,5,balanced,40dB,0,8.060203337639465e-06,3.649304372671807e-06,0.0087928377367459,0.008806474675022,0.000101835422055
16000,5,balanced,40dB,1,9.040090453882213e-06,4.006155805217912e-06,0.0087528813805615,0.008806474675022,0.0001123656741036
16000,5,balanced,40dB,2,9.056515182179268e-06,4.435979831481783e-06,0.0088635188846708,0.008806474675022,0.0001065433339973
16000,5,balanced,40dB,3,8.809758325026327e-06,4.792637948142465e-06,0.008761141805001,0.008806474675022,0.000103499836795
16000,5,balanced,40dB,4,7.862514947850196e-06,3.1740596368811903e-06,0.0088050928166656,0.008806474675022,0.0001074926921492
16000,5,balanced,40dB,5,8.509889122568554e-06,2.7965841733540823e-06,0.0088609699303887,0.008806474675022,0.0001042346623657
16000,5,balanced,40dB,6,7.584352933399828e-06,5.303155945698053e-06,0.0087641098294788,0.008806474675022,0.0001094103199896
16000,5,balanced,40dB,7,8.526111764564955e-06,2.378729813978858e-06,0.0087435655488166,0.008806474675022,0.0001037808950632
16000,8,legacy,clean,0,5.7248177057180115e-09,1.468735332394698e-09,0.0088070786387402,0.008806474675022,1.0041733629167403e-08
16000,8,legacy,60dB,0,7.02046937509257e-08,7.984970259971998e-08,0.0088085331036173,0.008806474675022,8.303830835711948e-07
16000,8,legacy,60dB,1,6.755033752047396e-08,5.5933449457293503e-08,0.0088066731785161,0.008806474675022,9.479473578789786e-07
16000,8,legacy,60dB,2,9.209767249210832e-08,7.200239650826018e-08,0.008808740577742,0.008806474675022,8.379666189620011e-07
16000,8,legacy,60dB,3,5.6749914368551e-08,4.873574891426136e-08,0.0088093473637981,0.008806474675022,8.56358146243191e-07
16000,8,legacy,60dB,4,7.264066114418034e-08,6.556475888397825e-08,0.0088021100536883,0.008806474675022,8.475071802232933e-07
16000,8,legacy,60dB,5,8.752720703057615e-08,8.625458524383711e-08,0.0088052970822365,0.008806474675022,8.394691960923279e-07
16000,8,legacy,60dB,6,8.414130133158295e-08,5.643769100901081e-08,0.0088056441862552,0.008806474675022,8.45342024461563e-07
16000,8,legacy,60dB,7,7.357020892303519e-08,5.664164885313252e-08,0.0088097775560501,0.008806474675022,8.329808698034298e-07
16000,8,legacy,40dB,0,6.415826774617721e-06,7.610791907725605e-06,0.0088273885907086,0.008806474675022,8.199632541464603e-05
16000,8,legacy,40dB,1,5.955194090765521e-06,5.2503550630304406e-06,0.0088083552505748,0.008806474675022,9.3739151128388e-05
16000,8,legacy,40dB,2,8.642184517714374e-06,7.349304467199394e-06,0.0088314707599107,0.008806474675022,8.28124670184601e-05
16000,8,legacy,40dB,3,5.023459955507705e-06,4.801257825734648e-06,0.0088342733734907,0.008806474675022,8.492279959512805e-05
16000,8,legacy,40dB,4,6.836738435993197e-06,6.450963561575204e-06,0.0087635546434052,0.008806474675022,8.421441357323256e-05
16000,8,legacy,40dB,5,8.18511959279612e-06,8.269479774813363e-06,0.0087966244445856,0.008806474675022,8.315560767931728e-05
16000,8,legacy,40dB,6,7.839745085673874e-06,5.55861783955532e-06,0.0087997839693228,0.008806474675022,8.43155224842804e-05
16000,8,legacy,40dB,7,6.808456431477723e-06,5.983220070966567e-06,0.0088401920895418,0.008806474675022,8.27426194408396e-05
16000,8,balanced,clean,0,6.126621921506219e-09,1.3497667865141763e-09,0.0088055430607164,0.008806474675022,1.10698498623969e-08
16000,8,balanced,60dB,0,7.24211686401706e-08,5.402449159136165e-08,0.0088041341890005,0.008806474675022,8.030718978626153e-07
16000,8,balanced,60dB,1,8.1144081206922e-08,6.602143343947648e-08,0.0087999813603839,0.008806474675022,9.362923914679372e-07
16000,8,balanced,60dB,2,8.958333080037945e-08,6.875026087766312e-08,0.008810752161551,0.008806474675022,8.619939129569679e-07
16000,8,balanced,60dB,3,9.333599940699955e-08,8.150656908098465e-08,0.0088016923901485,0.008806474675022,8.008646595802587e-07
16000,8,balanced,60dB,4,7.616015973256209e-08,6.1520851103114e-08,0.0088069534242071,0.008806474675022,8.535723564011596e-07
16000,8,balanced,60dB,5,7.673410573262189e-08,5.9114204125750446e-08,0.0088124125794301,0.008806474675022,8.516637109020139e-07
16000,8,balanced,60dB,6,6.66064726185239e-08,6.223156868438509e-08,0.0088044854319049,0.008806474675022,8.778285232933056e-07
16000,8,balanced,60dB,7,7.629145266092413e-08,5.016600040808608e-08,0.0087980558966093,0.008806474675022,8.33173008595211e-07
16000,8,balanced,40dB,0,6.600963457091293e-06,5.093531062449104e-06,0.0087973862349256,0.008806474675022,7.91926824979883e-05
16000,8,balanced,40dB,1,7.862724176374087e-06,6.568772820306762e-06,0.0087570324803529,0.008806474675022,9.160448650427156e-05
16000,8,balanced,40dB,2,8.166802818366078e-06,6.706467687619495e-06,0.0088649601781709,0.008806474675022,8.534722314340905e-05
16000,8,balanced,40dB,3,8.416556547373466e-06,7.803707643376808e-06,0.0087745746911881,0.008806474675022,7.98676270377215e-05
16000,8,balanced,40dB,4,6.7045972694589e-06,5.846883758664393e-06,0.0088256448308928,0.008806474675022,8.446530163124346e-05
16000,8,balanced,40dB,5,6.972694303485422e-06,5.834985688179138e-06,0.0088804987406973,0.008806474675022,8.401165261067369e-05
16000,8,balanced,40dB,6,6.121751939488429e-06,6.556526348403345e-06,0.0088004775994127,0.008806474675022,8.699821274326057e-05
16000,8,balanced,40dB,7,7.133190576572201e-06,5.024863143901683e-06,0.0087370968352933,0.008806474675022,8.285638913277798e-05
16000,12,legacy,clean,0,1.2139723602614143e-14,6.607992441747056e-15,0.0088064735869973,0.008806474675022,1.380105492365604e-14
16000,12,legacy,60dB,0,2.1565825149558166e-07,2.338145777486885e-07,0.0088095075733142,0.008806474675022,6.34523744205207e-07
16000,12,legacy,60dB,1,2.3068228396426167e-07,2.2864767031484357e-07,0.0088063489938025,0.008806474675022,7.328187027078942e-07
16000,12,legacy,60dB,2,2.23574772833468e-07,1.987826910352844e-07,0.0088089015553062,0.008806474675022,6.319920664702285e-07
16000,12,legacy,60dB,3,1.594071718925714e-07,1.6416044091334786e-07,0.0088079261447043,0.008806474675022,6.739606108819663e-07
16000,12,legacy,60dB,4,1.7993185379446925e-07,2.064086449333104e-07,0.0087928296694198,0.008806474675022,6.576376441740862e-07
16000,12,legacy,60dB,5,2.200995960736244e-07,2.1553977507179537e-07,0.0088024942607188,0.008806474675022,6.482408691190979e-07
16000,12,legacy,60dB,6,2.046931430824202e-07,1.9356772617624785e-07,0.0088182735150987,0.008806474675022,6.52369229114246e-07
16000,12,legacy,60dB,7,1.8824597701021344e-07,1.8835626336094106e-07,0.0088045182959926,0.008806474675022,6.499177800309578e-07
16000,12,legacy,40dB,0,2.156625723831616e-05,2.338205617019045e-05,0.0088562231249983,0.008806474675022,6.345273899927246e-05
16000,12,legacy,40dB,1,2.3067727304298023e-05,2.2864743600358653e-05,0.0088259885596232,0.008806474675022,7.328166039887612e-05
16000,12,legacy,40dB,2,2.235730968072709e-05,1.98779833689515e-05,0.0088508748321483,0.008806474675022,6.319960901702666e-05
16000,12,legacy,40dB,3,1.594096490183329e-05,1.6415827732894638e-05,0.0088353460573599,0.008806474675022,6.739633410462923e-05
16000,12,legacy,40dB,4,1.799314063673968e-05,2.063989358213888e-05,0.0086862282334305,0.008806474675022,6.576325381308664e-05
16000,12,legacy,40dB,5,2.2010001969554644e-05,2.155347865200876e-05,0.0087864893303304,0.008806474675022,6.482376531444867e-05
16000,12,legacy,40dB,6,2.0469021723966647e-05,1.9356873552054893e-05,0.0089428949584136,0.008806474675022,6.523729948963436e-05
16000,12,legacy,40dB,7,1.882507870468648e-05,1.883586047788608e-05,0.0088038632959938,0.008806474675022,6.499103655870778e-05
16000,12,balanced,clean,0,1.4664224253643868e-14,8.430752600998056e-15,0.0088064727982948,0.008806474675022,1.3468872733746734e-14
16000,12,balanced,60dB,0,1.552130484663249e-07,1.2695472202117014e-07,0.0088034777785448,0.008806474675022,6.472602106777817e-07
16000,12,balanced,60dB,1,1.9193074861078078e-07,1.613336806488842e-07,0.008807083084238,0.008806474675022,7.195497603701476e-07
16000,12,balanced,60dB,2,1.9474432053343817e-07,1.858934558423082e-07,0.0088191283224425,0.008806474675022,6.595419622897598e-07
16000,12,balanced,60dB,3,1.9063131392610774e-07,1.752201544681792e-07,0.0088083088479554,0.008806474675022,6.219962799253567e-07
16000,12,balanced,60dB,4,1.6820161440821553e-07,1.6375678144438948e-07,0.0088081291176904,0.008806474675022,6.616079194711977e-07
16000,12,balanced,60dB,5,1.668143452253843e-07,1.5200503389979696e-07,0.0088206282562329,0.008806474675022,6.648808012298821e-07
16000,12,balanced,60dB,6,1.6494594497450858e-07,1.8711029336296626e-07,0.0088064069809436,0.008806474675022,6.67119260808546e-07
16000,12,balanced,60dB,7,1.8591984944697994e-07,1.6169643245964592e-07,0.0087976668231326,0.008806474675022,6.407293110896335e-07
16000,12,balanced,40dB,0,1.552103938724216e-05,1.269519480587996e-05,0.0087904915098293,0.008806474675022,6.472575879408483e-05
16000,12,balanced,40dB,1,1.919327369393521e-05,1.613311519625003e-05,0.0088298496240664,0.008806474675022,7.195412114445399e-05
16000,12,balanced,40dB,2,1.9474384825425053e-05,1.8588404036916776e-05,0.008950554981524,0.008806474675022,6.595446755214186e-05
16000,12,balanced,40dB,3,1.906300506040612e-05,1.752145821009144e-05,0.0088419899869539,0.008806474675022,6.219963640691354e-05
16000,12,balanced,40dB,4,1.6820653678234566e-05,1.637609446939792e-05,0.0088381746299172,0.008806474675022,6.616014117395854e-05
16000,12,balanced,40dB,5,1.6680943746111037e-05,1.520041165245546e-05,0.0089630401781017,0.008806474675022,6.648764220404903e-05
16000,12,balanced,40dB,6,1.6494675285141375e-05,1.87111414643264e-05,0.0088206598407497,0.008806474675022,6.671200698505749e-05
16000,12,balanced,40dB,7,1.8592110763844224e-05,1.6169795230761294e-05,0.008735145959074,0.008806474675022,6.407355739523157e-05
16250,5,legacy,clean,0,6.668853578070416e-06,1.0047821888177397e-06,0.0085315678793193,0.0085687950111886,1.3560441276517816e-05
16250,5,legacy,60dB,0,6.787171243899434e-06,1.1055678505883024e-06,0.008525250376637,0.0085687950111886,1.4288987970959549e-05
16250,5,legacy,60dB,1,6.672926093670119e-06,1.129744918573022e-06,0.0085249866953289,0.0085687950111886,1.4380808150854713e-05
16250,5,legacy,60dB,2,6.695596190963777e-06,9.690404571823597e-07,0.0085261310289493,0.0085687950111886,1.4399703921742836e-05
16250,5,legacy,60dB,3,6.661455709261661e-06,9.66062799717424e-07,0.0085328183297285,0.0085687950111886,1.4817742797455996e-05
16250,5,legacy,60dB,4,6.6779968238265045e-06,1.0734246170700458e-06,0.0085328961458535,0.0085687950111886,1.4271663339928977e-05
16250,5,legacy,60dB,5,6.701717350099998e-06,1.0584104499024795e-06,0.0085289328934376,0.0085687950111886,1.4350740031589209e-05
16250,5,legacy,60dB,6,6.6126569603973406e-06,9.334843054383566e-07,0.0085320350599023,0.0085687950111886,1.4317272932882892e-05
16250,5,legacy,60dB,7,6.672756194388748e-06,1.0275457582369542e-06,0.0085277908320437,0.0085687950111886,1.4378821703774102e-05
16250,5,legacy,40dB,0,1.124208323664516e-05,4.835326656519056e-06,0.008471782905497,0.0085687950111886,0.0001014694192185
16250,5,legacy,40dB,1,9.053503439892675e-06,5.533566267298721e-06,0.008468099964121,0.0085687950111886,0.0001095468463393
16250,5,legacy,40dB,2,9.6420750610439e-06,2.9737604666155094e-06,0.0084799051709738,0.0085687950111886,0.0001055388026423
16250,5,legacy,40dB,3,9.740668349133114e-06,2.78752343922807e-06,0.008547218176871,0.0085687950111886,0.0001093306285307
16250,5,legacy,40dB,4,9.982834196550704e-06,4.604877083192719e-06,0.0085480730928219,0.0085687950111886,0.0001103505804338
16250,5,legacy,40dB,5,9.555122470268668e-06,3.760380812631376e-06,0.0085077756516743,0.0085687950111886,0.0001049390648346
16250,5,legacy,40dB,6,8.818195637734944e-06,3.100613820876951e-06,0.008538950993386,0.0085687950111886,0.0001047372548571
16250,5,legacy,40dB,7,9.064644819939795e-06,3.604987800174065e-06,0.0084961541716425,0.0085687950111886,0.0001011732931331
16250,5,balanced,clean,0,6.227986149510422e-06,7.264191683607337e-07,0.0085892653665204,0.0085687950111886,1.5347454073564075e-05
16250,5,balanced,60dB,0,6.269497326813038e-06,8.008740727404557e-07,0.0085971276396582,0.0085687950111886,1.63477675229702e-05
16250,5,balanced,60dB,1,6.270385932269898e-06,7.740355651888754e-07,0.0085891749029328,0.0085687950111886,1.697716584123816e-05
16250,5,balanced,60dB,2,6.24010364193057e-06,8.233927161602314e-07,0.008588674620129,0.0085687950111886,1.5953413341882136e-05
16250,5,balanced,60dB,3,6.256477017156712e-06,7.378181361918845e-07,0.0085876680192573,0.0085687950111886,1.6359840209525348e-05
16250,5,balanced,60dB,4,6.233437138567627e-06,7.435148555394638e-07,0.0085917684783083,0.0085687950111886,1.623868887652403e-05
16250,5,balanced,60dB,5,6.282531796271253e-06,7.841179831662335e-07,0.0085995788685871,0.0085687950111886,1.6214787579374358e-05
16250,5,balanced,60dB,6,6.291041504028693e-06,7.125162009398335e-07,0.00858646122144,0.0085687950111886,1.670364269286174e-05
16250,5,balanced,60dB,7,6.243709621807473e-06,7.509709579543616e-07,0.0085875050533692,0.0085687950111886,1.6338611858543613e-05
16250,5,balanced,40dB,0,9.50181759627585e-06,3.953674605220307e-06,0.0086707468175726,0.0085687950111886,0.0001062348462267
16250,5,balanced,40dB,1,9.563151814624533e-06,3.2208724180952205e-06,0.0085912718984823,0.0085687950111886,0.0001190386565232
16250,5,balanced,40dB,2,8.572930244569299e-06,3.685469425193344e-06,0.0085855816717774,0.0085687950111886,0.000104994176169
16250,5,balanced,40dB,3,8.915991768783252e-06,3.420799595227083e-06,0.008575694990832,0.0085687950111886,0.0001088469005081
16250,5,balanced,40dB,4,9.558013881625676e-06,4.214525773326046e-06,0.0086175720022407,0.0085687950111886,0.0001127907231733
16250,5,balanced,40dB,5,1.005412372384498e-05,3.876379254285146e-06,0.0086956810682945,0.0085687950111886,0.0001073124173129
16250,5,balanced,40dB,6,9.538154376817976e-06,3.997253926592032e-06,0.0085639035303988,0.0085687950111886,0.0001128770672717
16250,5,balanced,40dB,7,8.435789931710224e-06,3.4786526106330043e-06,0.0085737128040673,0.0085687950111886,0.0001051901486465
16250,8,legacy,clean,0,7.161957716578458e-09,1.5186201491824903e-09,0.0085696508888387,0.0085687950111886,1.2511360377086142e-08
16250,8,legacy,60dB,0,8.429932929013485e-08,7.59877440381041e-08,0.0085639112966407,0.0085687950111886,8.209830031548422e-07
16250,8,legacy,60dB,1,7.662626417236818e-08,8.751335413713377e-08,0.008565703740902,0.0085687950111886,8.945130356951523e-07
16250,8,legacy,60dB,2,8.030889451860899e-08,7.61278903761511e-08,0.00856143962327,0.0085687950111886,8.401656801831636e-07
16250,8,legacy,60dB,3,1.0273649886016834e-07,8.108509849520725e-08,0.008571813720217,0.0085687950111886,8.491128441871432e-07
16250,8,legacy,60dB,4,9.822925834154393e-08,9.767316693049479e-08,0.008570534383459,0.0085687950111886,9.026291597776002e-07
16250,8,legacy,60dB,5,7.5546626402085e-08,7.399471027962989e-08,0.008566907383529,0.0085687950111886,8.455625255160117e-07
16250,8,legacy,60dB,6,8.799634408874713e-08,8.906934637970684e-08,0.0085733286406399,0.0085687950111886,8.4821717941388e-07
16250,8,legacy,60dB,7,8.280521344699294e-08,6.60160039292887e-08,0.0085616765086341,0.0085687950111886,8.119670864896953e-07
16250,8,legacy,40dB,0,7.648751587211343e-06,7.1385323849845175e-06,0.0085191251827726,0.0085687950111886,8.110194343894273e-05
16250,8,legacy,40dB,1,6.890032142206257e-06,8.54456020142335e-06,0.0085363676365916,0.0085687950111886,8.807891155940824e-05
16250,8,legacy,40dB,2,7.419501807985079e-06,7.64803798515373e-06,0.0084942191036349,0.0085687950111886,8.369441599562777e-05
16250,8,legacy,40dB,3,9.660997894046852e-06,7.92345455247117e-06,0.0085999772931473,0.0085687950111886,8.324580620515294e-05
16250,8,legacy,40dB,4,9.064561241499091e-06,9.441395250551443e-06,0.0085866325613202,0.0085687950111886,8.895685819804845e-05
16250,8,legacy,40dB,5,6.912106179406504e-06,7.27927754875817e-06,0.0085484369332775,0.0085687950111886,8.319228921417892e-05
16250,8,legacy,40dB,6,8.012469073270125e-06,8.845948992158606e-06,0.0086136253701027,0.0085687950111886,8.350840255286306e-05
16250,8,legacy,40dB,7,7.514700576302245e-06,6.501367717359213e-06,0.0084966581928545,0.0085687950111886,7.965314251545283e-05
16250,8,balanced,clean,0,7.368462881261773e-09,1.608434537235699e-09,0.0085677887765617,0.0085687950111886,1.3923427796015672e-08
16250,8,balanced,60dB,0,8.293756484951493e-08,6.564211581621959e-08,0.0085748418858609,0.0085687950111886,8.195674503218632e-07
16250,8,balanced,60dB,1,8.629093119169994e-08,7.218003269397629e-08,0.0085672861717711,0.0085687950111886,8.883836213313203e-07
16250,8,balanced,60dB,2,8.373340404860862e-08,7.720949846190831e-08,0.0085660383868718,0.0085687950111886,8.413727071711501e-07
16250,8,balanced,60dB,3,6.147090438173344e-08,5.991343727904415e-08,0.0085647415698489,0.0085687950111886,8.618650299007286e-07
16250,8,balanced,60dB,4,9.336350668305197e-08,9.332518331330556e-08,0.0085727890872867,0.0085687950111886,8.940086308381061e-07
16250,8,balanced,60dB,5,7.618138823678069e-08,6.280033121245879e-08,0.0085764194582247,0.0085687950111886,8.522889498900979e-07
16250,8,balanced,60dB,6,7.452519457911079e-08,7.9406002465793e-08,0.0085665595026685,0.0085687950111886,8.527560760319105e-07
16250,8,balanced,60dB,7,6.735834124410925e-08,6.419714368191805e-08,0.0085665185793877,0.0085687950111886,8.145873114813971e-07
16250,8,balanced,40dB,0,7.602430113421133e-06,6.685978155547047e-06,0.0086451592401842,0.0085687950111886,8.036287050221752e-05
16250,8,balanced,40dB,1,8.080177498848497e-06,7.192958892503404e-06,0.008570046313008,0.0085687950111886,8.672984382465935e-05
16250,8,balanced,40dB,2,7.302072776316686e-06,7.426391028975317e-06,0.0085568159345638,0.0085687950111886,8.287064915136135e-05
16250,8,balanced,40dB,3,5.302992750166926e-06,5.842611341837742e-06,0.0085420713093052,0.0085687950111886,8.495200468030962e-05
16250,8,balanced,40dB,4,8.604396186919642e-06,9.216174404945382e-06,0.0086255289610972,0.0085687950111886,8.71768626807324e-05
16250,8,balanced,40dB,5,6.886732799346034e-06,6.116152927379381e-06,0.0086602868282742,0.0085687950111886,8.44383721232268e-05
16250,8,balanced,40dB,6,6.728468763616768e-06,7.762380070180761e-06,0.0085615455706133,0.0085687950111886,8.418682319523982e-05
16250,8,balanced,40dB,7,5.825580103544381e-06,6.3300470563522674e-06,0.0085603051176786,0.0085687950111886,8.001550789058373e-05
16250,12,legacy,clean,0,1.8006692326336522e-14,9.814238602761854e-15,0.008568798004161,0.0085687950111886,1.952595727751809e-14
16250,12,legacy,60dB,0,2.108174713704162e-07,1.893060909321695e-07,0.0085611899914772,0.0085687950111886,6.227206473780079e-07
16250,12,legacy,60dB,1,2.005713060908293e-07,2.2270757174960025e-07,0.0085619995165281,0.0085687950111886,6.573090543521699e-07
16250,12,legacy,60dB,2,2.078890660293836e-07,1.985432107124019e-07,0.0085623342076474,0.0085687950111886,6.440413182495885e-07
16250,12,legacy,60dB,3,1.954769245138395e-07,1.802511510276292e-07,0.0085738270282538,0.0085687950111886,6.583695600105371e-07
16250,12,legacy,60dB,4,2.107125077354793e-07,2.0296134929273367e-07,0.0085697641100634,0.0085687950111886,7.156353805147814e-07
16250,12,legacy,60dB,5,1.8361849832303756e-07,1.8462554797912578e-07,0.0085638566537113,0.0085687950111886,6.545121244411727e-07
16250,12,legacy,60dB,6,1.9827348223992745e-07,1.842008376262521e-07,0.0085716896270466,0.0085687950111886,6.654667058759352e-07
16250,12,legacy,60dB,7,1.9009856717486908e-07,1.6201621006660038e-07,0.0085634170958619,0.0085687950111886,6.301120341627744e-07
16250,12,legacy,40dB,0,2.108227235115292e-05,1.893092244831863e-05,0.0085116919751226,0.0085687950111886,6.227204447075343e-05
16250,12,legacy,40dB,1,2.0057094021068337e-05,2.227118026673412e-05,0.0085188645089544,0.0085687950111886,6.573080559124151e-05
16250,12,legacy,40dB,2,2.078949953978898e-05,1.985471005316404e-05,0.0085228706480669,0.0085687950111886,6.440411571201851e-05
16250,12,legacy,40dB,3,1.9547861387918087e-05,1.80260774012567e-05,0.0086366813373936,0.0085687950111886,6.583646366746044e-05
16250,12,legacy,40dB,4,2.107094389819106e-05,2.0296410359552508e-05,0.0085974228821677,0.0085687950111886,7.156254491118634e-05
16250,12,legacy,40dB,5,1.836163519946124e-05,1.8462468696304543e-05,0.0085359099500423,0.0085687950111886,6.545090689590377e-05
16250,12,legacy,40dB,6,1.9826470519851755e-05,1.841905914094446e-05,0.0086155579688763,0.0085687950111886,6.6546759361533e-05
16250,12,legacy,40dB,7,1.901082232582969e-05,1.6202147550784943e-05,0.0085320987579865,0.0085687950111886,6.301115575439629e-05
16250,12,balanced,clean,0,2.1382071629904047e-14,8.928425311530126e-15,0.0085687991019111,0.0085687950111886,1.9099198646795265e-14
16250,12,balanced,60dB,0,1.8487569864182178e-07,1.652091848948889e-07,0.0085737379131272,0.0085687950111886,6.222402179433835e-07
16250,12,balanced,60dB,1,2.058039094591299e-07,1.8225500303557202e-07,0.0085717832462309,0.0085687950111886,6.794312770792428e-07
16250,12,balanced,60dB,2,1.6083265362500918e-07,1.645206107367058e-07,0.0085666630173778,0.0085687950111886,6.718237374230296e-07
16250,12,balanced,60dB,3,1.3964072083212436e-07,1.523189839149624e-07,0.0085670550880862,0.0085687950111886,6.899249604485062e-07
16250,12,balanced,60dB,4,1.9399499295320165e-07,1.945911534926473e-07,0.0085703463714462,0.0085687950111886,6.820079795948696e-07
16250,12,balanced,60dB,5,1.764788469903198e-07,1.637367279047909e-07,0.0085773898099536,0.0085687950111886,6.635552837548676e-07
16250,12,balanced,60dB,6,1.826550861700652e-07,1.766694090522707e-07,0.0085582610605147,0.0085687950111886,6.718369277795205e-07
16250,12,balanced,60dB,7,1.5464759859860318e-07,1.6492064845802162e-07,0.0085708029628909,0.0085687950111886,6.185277216495365e-07
16250,12,balanced,40dB,0,1.848740416856856e-05,1.6521156929140394e-05,0.0086348258614467,0.0085687950111886,6.22250771555672e-05
16250,12,balanced,40dB,1,2.057858504815505e-05,1.8224097595009186e-05,0.0086171610912543,0.0085687950111886,6.79422643621898e-05
16250,12,balanced,40dB,2,1.6083449335860903e-05,1.645211409573976e-05,0.0085619133795698,0.0085687950111886,6.718212724565262e-05
16250,12,balanced,40dB,3,1.396471054796252e-05,1.5232177041711082e-05,0.0085639272671936,0.0085687950111886,6.899320549758993e-05
16250,12,balanced,40dB,4,1.9399999133693916e-05,1.945952196087699e-05,0.0086017318466579,0.0085687950111886,6.820057367566825e-05
16250,12,balanced,40dB,5,1.7647983835214135e-05,1.637383000347204e-05,0.0086705893778933,0.0085687950111886,6.635564622843537e-05
16250,12,balanced,40dB,6,1.826605704641318e-05,1.766752189806958e-05,0.008479858194324,0.0085687950111886,6.71838502601757e-05
16250,12,balanced,40dB,7,1.546409211180933e-05,1.6490963507114947e-05,0.008602755328027,0.0085687950111886,6.185311833551963e-05
16500,5,legacy,clean,0,7.360272676484955e-06,1.2213355481330651e-06,0.0083529959808476,0.0083455672845917,1.5584966657423884e-05
16500,5,legacy,60dB,0,7.407749084856527e-06,1.2412902807099008e-06,0.0083496228219056,0.0083455672845917,1.6516671201622127e-05
16500,5,legacy,60dB,1,7.431212459811003e-06,1.2764767088017224e-06,0.0083515191332587,0.0083455672845917,1.7062246452360985e-05
16500,5,legacy,60dB,2,7.403991293912542e-06,1.2995755442929491e-06,0.0083565532015318,0.0083455672845917,1.6675223323563918e-05
16500,5,legacy,60dB,3,7.428359046707693e-06,1.3143933016064504e-06,0.0083558955651829,0.0083455672845917,1.6510713344939392e-05
16500,5,legacy,60dB,4,7.335823542224154e-06,1.184140971563386e-06,0.0083514956308876,0.0083455672845917,1.6370898916751362e-05
16500,5,legacy,60dB,5,7.375505435339271e-06,1.243740308985686e-06,0.0083473519475645,0.0083455672845917,1.6633256041324212e-05
16500,5,legacy,60dB,6,7.446261711529562e-06,1.249762377139872e-06,0.0083566390464491,0.0083455672845917,1.6526551375745053e-05
16500,5,legacy,60dB,7,7.372215897213707e-06,1.1839957067843668e-06,0.0083462906181787,0.0083455672845917,1.665992849484494e-05
16500,5,legacy,40dB,0,1.0402735445260726e-05,3.700615220891e-06,0.0083218320901127,0.0083455672845917,0.0001067779635867
16500,5,legacy,40dB,1,1.047605200514183e-05,3.508671044696936e-06,0.0083406338864543,0.0083455672845917,0.0001131445840156
16500,5,legacy,40dB,2,1.1238529580153782e-05,4.601595580922603e-06,0.0083920092584193,0.0083455672845917,0.0001103781928161
16500,5,legacy,40dB,3,1.0411193540468009e-05,4.77912219270029e-06,0.0083843618813622,0.0083455672845917,0.0001092570327019
16500,5,legacy,40dB,4,9.505800301316028e-06,2.529081474701024e-06,0.0083403825002151,0.0083455672845917,0.0001072689012721
16500,5,legacy,40dB,5,9.680715407788776e-06,3.6380839260854007e-06,0.0082987237631588,0.0083455672845917,0.0001074780993167
16500,5,legacy,40dB,6,1.1085209072916733e-05,3.369706042501498e-06,0.0083922916829084,0.0083455672845917,0.0001119835350304
16500,5,legacy,40dB,7,9.827990336305135e-06,3.241772515402289e-06,0.0082882906396115,0.0083455672845917,0.0001123579699525
16500,5,balanced,clean,0,7.465566924449338e-06,7.751711089342641e-07,0.0083365762585791,0.0083455672845917,1.7857211219765093e-05
16500,5,balanced,60dB,0,7.466700936943974e-06,7.48771645831411e-07,0.0083410277820426,0.0083455672845917,1.8717995037789168e-05
16500,5,balanced,60dB,1,7.505687025229198e-06,8.212201983734035e-07,0.0083292658389706,0.0083455672845917,1.863301754847984e-05
16500,5,balanced,60dB,2,7.495809562874023e-06,8.117287012152209e-07,0.0083324971271948,0.0083455672845917,1.8543729734103627e-05
16500,5,balanced,60dB,3,7.499029040095694e-06,7.422185257295491e-07,0.0083304448982549,0.0083455672845917,1.848225256463564e-05
16500,5,balanced,60dB,4,7.470467636403309e-06,7.27378837890595e-07,0.0083368268576832,0.0083455672845917,1.869132559261268e-05
16500,5,balanced,60dB,5,7.453384140348046e-06,7.399822845631818e-07,0.0083304533281617,0.0083455672845917,1.876879743198542e-05
16500,5,balanced,60dB,6,7.52003091458803e-06,8.693532909890093e-07,0.0083344917377095,0.0083455672845917,1.856704574854546e-05
16500,5,balanced,60dB,7,7.517572543556605e-06,8.505238126538501e-07,0.0083370305370759,0.0083455672845917,1.8726855712637776e-05
16500,5,balanced,40dB,0,1.0619821167235451e-05,2.8469826259036177e-06,0.0083842344073323,0.0083455672845917,0.0001080699064729
16500,5,balanced,40dB,1,9.751288013654012e-06,2.7092009875932544e-06,0.0082653565825764,0.0083455672845917,0.0001085631415298
16500,5,balanced,40dB,2,1.1281157983737342e-05,3.814722919499455e-06,0.0082992981094118,0.0083455672845917,0.0001065354236527
16500,5,balanced,40dB,3,1.066650678611434e-05,3.1358165883992453e-06,0.0082781289740425,0.0083455672845917,0.00010826764007
16500,5,balanced,40dB,4,9.534441082148196e-06,2.304812579127621e-06,0.0083411021166582,0.0083455672845917,0.0001095979261636
16500,5,balanced,40dB,5,9.980526885102772e-06,2.827743138195333e-06,0.0082779837422071,0.0083455672845917,0.0001066286459626
16500,5,balanced,40dB,6,1.096238445631089e-05,5.057949209223271e-06,0.0083186832275135,0.0083455672845917,0.0001090559373726
16500,5,balanced,40dB,7,1.0524155433697171e-05,3.7205036750581023e-06,0.0083436575758653,0.0083455672845917,0.0001123675114134
16500,8,legacy,clean,0,9.377631007160847e-09,2.026577995291402e-09,0.0083441277193639,0.0083455672845917,1.552140383316225e-08
16500,8,legacy,60dB,0,9.897354386633269e-08,9.741929484744717e-08,0.0083382682992962,0.0083455672845917,8.126473142477789e-07
16500,8,legacy,60dB,1,7.738929986525979e-08,6.633675946109177e-08,0.0083415742846414,0.0083455672845917,8.532119125351974e-07
16500,8,legacy,60dB,2,8.605844742200433e-08,9.714245330794699e-08,0.0083509499815858,0.0083455672845917,8.480273916421484e-07
16500,8,legacy,60dB,3,8.85490808979714e-08,7.85399884193231e-08,0.0083493591421989,0.0083455672845917,8.394173847736227e-07
16500,8,legacy,60dB,4,7.210746754858712e-08,7.056995962095122e-08,0.0083428629686534,0.0083455672845917,8.73282526493557e-07
16500,8,legacy,60dB,5,7.039919410979995e-08,8.739548027100249e-08,0.0083401389641876,0.0083455672845917,8.211123906937627e-07
16500,8,legacy,60dB,6,9.67611134617081e-08,9.070613868942255e-08,0.008345337175061,0.0083455672845917,8.831475951634038e-07
16500,8,legacy,60dB,7,6.979131000035024e-08,6.46000611096161e-08,0.0083373154833988,0.0083455672845917,8.79574333733504e-07
16500,8,legacy,40dB,0,8.747179184960358e-06,9.295521212497022e-06,0.0082933753611121,0.0083455672845917,8.036590904768682e-05
16500,8,legacy,40dB,1,6.392667759406549e-06,6.362912906068648e-06,0.0083242965455787,0.0083455672845917,8.38158647332868e-05
16500,8,legacy,40dB,2,8.167690249949859e-06,9.487338358290577e-06,0.0084197418460372,0.0083455672845917,8.344821155316637e-05
16500,8,legacy,40dB,3,8.211221487817009e-06,7.71797973184042e-06,0.0084038520770717,0.0083455672845917,8.249761555238796e-05
16500,8,legacy,40dB,4,6.435689601148392e-06,7.1030834840051885e-06,0.0083372792258634,0.0083455672845917,8.551086172030813e-05
16500,8,legacy,40dB,5,5.87976262955906e-06,8.409483921421535e-06,0.0083095003369689,0.0083455672845917,8.122514886775249e-05
16500,8,legacy,40dB,6,8.682797090276839e-06,8.889080458708453e-06,0.0083640218609696,0.0083455672845917,8.649637917406069e-05
16500,8,legacy,40dB,7,5.987044799341503e-06,6.339633060295516e-06,0.0082813788900913,0.0083455672845917,8.719009979127202e-05
16500,8,balanced,clean,0,8.82771990629025e-09,2.136999022437516e-09,0.0083478503436663,0.0083455672845917,1.744585151752538e-08
16500,8,balanced,60dB,0,9.100311291282404e-08,8.633581204571666e-08,0.0083516916211313,0.0083455672845917,8.220271217046374e-07
16500,8,balanced,60dB,1,5.826862232619491e-08,5.521037492141152e-08,0.0083408869237778,0.0083455672845917,8.625734284704286e-07
16500,8,balanced,60dB,2,9.127090781115805e-08,7.413424541323113e-08,0.0083457453383834,0.0083455672845917,8.407667084151878e-07
16500,8,balanced,60dB,3,7.690116892504019e-08,8.205484333902813e-08,0.0083422696128742,0.0083455672845917,8.659605765155791e-07
16500,8,balanced,60dB,4,6.814299109473935e-08,6.021550946171229e-08,0.0083459031356344,0.0083455672845917,8.635273675773547e-07
16500,8,balanced,60dB,5,7.788925924219074e-08,7.081224469370967e-08,0.0083408765001636,0.0083455672845917,8.079620216253256e-07
16500,8,balanced,60dB,6,7.644308159083815e-08,9.534797267732483e-08,0.0083428996543066,0.0083455672845917,8.509761547759676e-07
16500,8,balanced,60dB,7,7.94791677428671e-08,7.999987694329746e-08,0.0083515859194872,0.0083455672845917,8.726337338836006e-07
16500,8,balanced,40dB,0,7.881528107656694e-06,8.045947434869133e-06,0.0083933140647733,0.0083455672845917,8.049520633082364e-05
16500,8,balanced,40dB,1,5.101799382841636e-06,5.301142268064789e-06,0.0082828147074195,0.0083455672845917,8.4846496286262e-05
16500,8,balanced,40dB,2,8.343665279691758e-06,7.253842943219784e-06,0.0083343106965178,0.0083455672845917,8.227213216394967e-05
16500,8,balanced,40dB,3,6.841712033303366e-06,7.931099065353537e-06,0.0082981951855684,0.0083455672845917,8.469439906497784e-05
16500,8,balanced,40dB,4,6.056103549726574e-06,5.871201900826524e-06,0.0083338323864654,0.0083455672845917,8.415922699670888e-05
16500,8,balanced,40dB,5,7.208078027463776e-06,7.252543800906601e-06,0.0082846205435531,0.0083455672845917,7.956626663372975e-05
16500,8,balanced,40dB,6,7.076842351373092e-06,9.534810270992904e-06,0.0083047353110836,0.0083455672845917,8.339134675840179e-05
16500,8,balanced,40dB,7,7.160047209202349e-06,8.17175921538579e-06,0.0083916508068857,0.0083455672845917,8.593237952032618e-05
16500,12,legacy,clean,0,2.4945789608362867e-14,1.3465086222303382e-14,0.0083455659015912,0.0083455672845917,2.7403951334910327e-14
16500,12,legacy,60dB,0,2.2079647066813106e-07,2.231112570035389e-07,0.0083342246261572,0.0083455672845917,6.253699667907593e-07
16500,12,legacy,60dB,1,1.8769827670194974e-07,2.0627422468195197e-07,0.0083396511529249,0.0083455672845917,6.610431445927504e-07
16500,12,legacy,60dB,2,2.222872361885493e-07,2.3393095668098895e-07,0.0083520448220115,0.0083455672845917,6.456702668916546e-07
16500,12,legacy,60dB,3,1.849910794772653e-07,1.9621472356347402e-07,0.0083521023209174,0.0083455672845917,6.479691182542096e-07
16500,12,legacy,60dB,4,2.3741579027118802e-07,2.56614774438163e-07,0.0083423368842598,0.0083455672845917,6.372589466540585e-07
16500,12,legacy,60dB,5,1.831306433512345e-07,2.188365264321182e-07,0.0083404032524327,0.0083455672845917,6.293867028369938e-07
16500,12,legacy,60dB,6,1.9306805009577665e-07,1.942548684098722e-07,0.0083482599331793,0.0083455672845917,6.537218225880726e-07
16500,12,legacy,60dB,7,1.7200302385475785e-07,1.937967774773284e-07,0.0083399264890852,0.0083455672845917,6.838507323005785e-07
16500,12,legacy,40dB,0,2.207948354229073e-05,2.231119598446865e-05,0.0082520246663105,0.0083455672845917,6.253697416727507e-05
16500,12,legacy,40dB,1,1.87697946114364e-05,2.0627536847984145e-05,0.0083033112269962,0.0083455672845917,6.610480004860299e-05
16500,12,legacy,40dB,2,2.222870019695925e-05,2.3393594743846156e-05,0.0084303609338534,0.0083455672845917,6.456673823304405e-05
16500,12,legacy,40dB,3,1.8499225204485215e-05,1.962258158906093e-05,0.0084275794094869,0.0083455672845917,6.479718436942593e-05
16500,12,legacy,40dB,4,2.3742371873439625e-05,2.566156311971108e-05,0.0083346439424719,0.0083455672845917,6.372508278155505e-05
16500,12,legacy,40dB,5,1.83124453006699e-05,2.1882525109106345e-05,0.0083104205490976,0.0083455672845917,6.293749635742586e-05
16500,12,legacy,40dB,6,1.9306807044902357e-05,1.9425318181944e-05,0.0083898823442406,0.0083455672845917,6.537158810880408e-05
16500,12,legacy,40dB,7,1.7200566008630252e-05,1.937953334464821e-05,0.0083046523125257,0.0083455672845917,6.838551589081973e-05
16500,12,balanced,clean,0,2.8154322725064067e-14,1.3758663634796784e-14,0.0083455672479749,0.0083455672845917,2.711555204764693e-14
16500,12,balanced,60dB,0,2.244905162451569e-07,2.501761781320806e-07,0.0083485536849438,0.0083455672845917,6.125905514096242e-07
16500,12,balanced,60dB,1,1.7364678788443084e-07,1.6964346028785282e-07,0.0083386892154479,0.0083455672845917,6.640334384688602e-07
16500,12,balanced,60dB,2,1.9198310386282882e-07,1.864921161310671e-07,0.0083446539279524,0.0083455672845917,6.395384388237294e-07
16500,12,balanced,60dB,3,1.740856856712404e-07,1.889022561029708e-07,0.0083441254183371,0.0083455672845917,6.793699159793205e-07
16500,12,balanced,60dB,4,1.835842673589853e-07,1.730109002967988e-07,0.0083424232389875,0.0083455672845917,6.550764448448629e-07
16500,12,balanced,60dB,5,1.7924152243758362e-07,1.8389574672411581e-07,0.008336218735819,0.0083455672845917,6.076160332016553e-07
16500,12,balanced,60dB,6,1.8421391833118e-07,2.086542543127161e-07,0.0083442077357996,0.0083455672845917,6.426650524035544e-07
16500,12,balanced,60dB,7,2.0017333530705617e-07,2.273476224525648e-07,0.0083436691141994,0.0083455672845917,6.708419319372902e-07
16500,12,balanced,40dB,0,2.2449881135562624e-05,2.5017876643287236e-05,0.0083956365938904,0.0083455672845917,6.125902543001461e-05
16500,12,balanced,40dB,1,1.7363976081594653e-05,1.6963808239733265e-05,0.0082924144311612,0.0083455672845917,6.640295685911463e-05
16500,12,balanced,40dB,2,1.919788179334332e-05,1.8648481573673624e-05,0.0083537120987573,0.0083455672845917,6.395410482601819e-05
16500,12,balanced,40dB,3,1.7410032928321387e-05,1.889116527353169e-05,0.0083468181279214,0.0083455672845917,6.793585166506813e-05
16500,12,balanced,40dB,4,1.83586257858741e-05,1.7301071703711632e-05,0.0083306499414662,0.0083455672845917,6.550695610623285e-05
16500,12,balanced,40dB,5,1.7925448574670903e-05,1.839060098733505e-05,0.0082682151600193,0.0083455672845917,6.076037091397617e-05
16500,12,balanced,40dB,6,1.8422194659485692e-05,2.086599972835678e-05,0.0083485521819516,0.0083455672845917,6.426712402022482e-05
16500,12,balanced,40dB,7,2.001612107170307e-05,2.273349729201166e-05,0.0083446002981917,0.0083455672845917,6.708465474952579e-05
16750,5,legacy,clean,0,8.799897968953728e-06,1.4770740470095816e-06,0.0080821852764317,0.0081353343108366,1.793145151910736e-05
16750,5,legacy,60dB,0,8.894851266601593e-06,1.5963390647216108e-06,0.008075977912127,0.0081353343108366,1.9097268818229104e-05
16750,5,legacy,60dB,1,8.825680846594843e-06,1.5676847994671106e-06,0.0080807929331662,0.0081353343108366,1.924253321182318e-05
16750,5,legacy,60dB,2,8.776654061552425e-06,1.3907749362316883e-06,0.0080895743925435,0.0081353343108366,1.8814798866133905e-05
16750,5,legacy,60dB,3,8.892990096805636e-06,1.574486671226386e-06,0.0080790374304568,0.0081353343108366,1.8673744986433605e-05
16750,5,legacy,60dB,4,8.794864797490864e-06,1.5473480680725823e-06,0.0080842552202829,0.0081353343108366,1.905804744735714e-05
16750,5,legacy,60dB,5,8.794859607488724e-06,1.466213249525272e-06,0.0080769132459049,0.0081353343108366,1.8929307495805417e-05
16750,5,legacy,60dB,6,8.785794395611329e-06,1.599320969892733e-06,0.0080865649683458,0.0081353343108366,1.8917108728055644e-05
16750,5,legacy,60dB,7,8.874061247073036e-06,1.565967007036406e-06,0.0080835321037344,0.0081353343108366,1.9046858487587893e-05
16750,5,legacy,40dB,0,1.3491786691690192e-05,6.780047807887928e-06,0.008023853989131,0.0081353343108366,0.0001112878806005
16750,5,legacy,40dB,1,1.2332267225143336e-05,6.311941600656171e-06,0.0080715363842557,0.0081353343108366,0.0001163845498867
16750,5,legacy,40dB,2,1.086071179472741e-05,4.688217767138397e-06,0.0081583696904494,0.0081353343108366,0.0001107607583456
16750,5,legacy,40dB,3,1.2244629958821154e-05,6.706004656805768e-06,0.0080532206273933,0.0081353343108366,0.0001041076157247
16750,5,legacy,40dB,4,1.1091074461143116e-05,6.359353355480145e-06,0.0081052262231501,0.0081353343108366,0.0001134648566792
16750,5,legacy,40dB,5,1.1222033494252651e-05,4.60337912031707e-06,0.008031937490303,0.0081353343108366,0.0001056022699809
16750,5,legacy,40dB,6,1.071631371629861e-05,5.758175705290242e-06,0.0081280396470528,0.0081353343108366,0.0001134886695387
16750,5,legacy,40dB,7,1.2885035775117965e-05,5.849840560241896e-06,0.0080989970544835,0.0081353343108366,0.0001122684807345
16750,5,balanced,clean,0,8.473224058227723e-06,6.821197858209739e-07,0.0081183428722575,0.0081353343108366,2.0683232043195366e-05
16750,5,balanced,60dB,0,8.488312993017164e-06,7.300766828236526e-07,0.0081276928162205,0.0081353343108366,2.1675154879805255e-05
16750,5,balanced,60dB,1,8.490626677394095e-06,7.651603543005468e-07,0.0081156380003139,0.0081353343108366,2.154681003768353e-05
16750,5,balanced,60dB,2,8.469521101159932e-06,6.187028430387268e-07,0.0081193872447488,0.0081353343108366,2.1555675541840355e-05
16750,5,balanced,60dB,3,8.527002490327216e-06,6.968311945059022e-07,0.0081147893222097,0.0081353343108366,2.156896312066676e-05
16750,5,balanced,60dB,4,8.539208904058195e-06,7.68962206915643e-07,0.0081168701256093,0.0081353343108366,2.1706351438026906e-05
16750,5,balanced,60dB,5,8.508762116607456e-06,8.101172586332655e-07,0.008119213399472,0.0081353343108366,2.132482821264e-05
16750,5,balanced,60dB,6,8.498848749462386e-06,6.944730382454486e-07,0.0081209176082713,0.0081353343108366,2.1628374500724635e-05
16750,5,balanced,60dB,7,8.560970301924812e-06,7.476652752421031e-07,0.008121799577465,0.0081353343108366,2.164413371651932e-05
16750,5,balanced,40dB,0,1.173397984820032e-05,3.915335658864713e-06,0.0082149521783296,0.0081353343108366,0.0001131915427687
16750,5,balanced,40dB,1,1.0985828045514925e-05,4.772604405403938e-06,0.0080936327306169,0.0081353343108366,0.0001143269097778
16750,5,balanced,40dB,2,1.1005121409766462e-05,3.475098988324771e-06,0.0081313555240931,0.0081353343108366,0.0001125667790531
16750,5,balanced,40dB,3,1.1254439785318274e-05,3.064457761584109e-06,0.0080850508031861,0.0081353343108366,0.0001087480864348
16750,5,balanced,40dB,4,1.2144721454488128e-05,5.44489053558642e-06,0.0081066270547138,0.0081353343108366,0.0001133340535564
16750,5,balanced,40dB,5,1.1443024294549247e-05,5.758191533002041e-06,0.0081296625640552,0.0081353343108366,0.0001038235990138
16750,5,balanced,40dB,6,1.115521188328711e-05,5.245135106539624e-06,0.0081465159733078,0.0081353343108366,0.0001152099045223
16750,5,balanced,40dB,7,1.188896247844672e-05,3.96957085262025e-06,0.0081554482003154,0.0081353343108366,0.0001146372430562
16750,8,legacy,clean,0,1.0965530990371712e-08,3.6401441141563445e-09,0.0081352670932989,0.0081353343108366,1.9148588089235463e-08
16750,8,legacy,60dB,0,1.0307676418717217e-07,7.460141835730767e-08,0.0081267526901035,0.0081353343108366,8.391771511627605e-07
16750,8,legacy,60dB,1,8.7976108842219e-08,7.039243472978638e-08,0.0081340607663812,0.0081353343108366,8.707983281866391e-07
16750,8,legacy,60dB,2,8.423597605646809e-08,8.354043869897539e-08,0.0081451940529024,0.0081353343108366,8.5252990999662e-07
16750,8,legacy,60dB,3,8.911473151971545e-08,8.4837751397459e-08,0.008132651779804,0.0081353343108366,8.122946879339276e-07
16750,8,legacy,60dB,4,7.9226713004494e-08,8.170727066857261e-08,0.0081361317529265,0.0081353343108366,8.717068204750473e-07
16750,8,legacy,60dB,5,8.511409470278019e-08,7.9677764672686e-08,0.0081297958840787,0.0081353343108366,7.755942233709643e-07
16750,8,legacy,60dB,6,1.0635757678212537e-07,9.509114608527445e-08,0.0081408835913213,0.0081353343108366,8.434448846838662e-07
16750,8,legacy,60dB,7,1.08512798672073e-07,7.26315460439558e-08,0.0081346814128039,0.0081353343108366,8.341677677559524e-07
16750,8,legacy,40dB,0,9.271227199203598e-06,7.378252883923779e-06,0.008058462210681,0.0081353343108366,8.21296693588461e-05
16750,8,legacy,40dB,1,7.831504482609907e-06,7.179375984384625e-06,0.008130254257295,0.0081353343108366,8.542797537586315e-05
16750,8,legacy,40dB,2,7.208758695871015e-06,8.501613282443186e-06,0.0082410017780479,0.0081353343108366,8.392996761286646e-05
16750,8,legacy,40dB,3,7.543298098058572e-06,8.117325960906811e-06,0.0081158647989122,0.0081353343108366,7.919948626057778e-05
16750,8,legacy,40dB,4,6.872797662897571e-06,7.905154552786508e-06,0.0081500929098869,0.0081353343108366,8.553893739657205e-05
16750,8,legacy,40dB,5,7.2085258162121506e-06,7.393878689707786e-06,0.0080870110757456,0.0081353343108366,7.634882167350697e-05
16750,8,legacy,40dB,6,9.484560183474202e-06,8.853230350766351e-06,0.0081999517477178,0.0081353343108366,8.289244681110602e-05
16750,8,legacy,40dB,7,9.454341138852689e-06,6.811314630070933e-06,0.0081378781912803,0.0081353343108366,8.131205768781035e-05
16750,8,balanced,clean,0,1.1646137002702648e-08,2.5228586942649373e-09,0.0081354016603778,0.0081353343108366,2.1740810956946333e-08
16750,8,balanced,60dB,0,7.866616108686602e-08,4.7453605771947016e-08,0.0081443068853177,0.0081353343108366,8.698666826368901e-07
16750,8,balanced,60dB,1,7.902990168121739e-08,7.659395620410916e-08,0.0081321284041504,0.0081353343108366,8.651857015185785e-07
16750,8,balanced,60dB,2,8.758095202533946e-08,7.098943847201464e-08,0.0081377808630518,0.0081353343108366,8.500012492260157e-07
16750,8,balanced,60dB,3,7.729125074819294e-08,6.53344867424917e-08,0.0081287824704265,0.0081353343108366,8.122814915073251e-07
16750,8,balanced,60dB,4,8.680343786445367e-08,7.180721275280665e-08,0.0081317178489556,0.0081353343108366,8.448283010524783e-07
16750,8,balanced,60dB,5,8.463006384607752e-08,7.714467166222046e-08,0.0081363762288142,0.0081353343108366,7.836411110332706e-07
16750,8,balanced,60dB,6,8.093499738294307e-08,8.370531396187557e-08,0.0081394305796329,0.0081353343108366,8.63445979065682e-07
16750,8,balanced,60dB,7,8.918884731546996e-08,6.82132598449296e-08,0.0081389920287493,0.0081353343108366,8.50217577206021e-07
16750,8,balanced,40dB,0,6.725467068777143e-06,4.620007840022081e-06,0.008230497530467,0.0081353343108366,8.405285551558005e-05
16750,8,balanced,40dB,1,6.736125669066463e-06,7.553899668718894e-06,0.0081087197399884,0.0081353343108366,8.408599073746272e-05
16750,8,balanced,40dB,2,7.830337740173085e-06,7.225772260717168e-06,0.0081662530305706,0.0081353343108366,8.313372035760902e-05
16750,8,balanced,40dB,3,6.5324087149471365e-06,5.969073663965354e-06,0.0080750740723043,0.0081353343108366,7.887115890699951e-05
16750,8,balanced,40dB,4,7.350101653800102e-06,6.72302533919786e-06,0.0081051504286641,0.0081353343108366,8.240167027194428e-05
16750,8,balanced,40dB,5,7.1576552383044725e-06,6.994730164639314e-06,0.0081515635145743,0.0081353343108366,7.573720864440593e-05
16750,8,balanced,40dB,6,6.68497310231063e-06,8.125785559668627e-06,0.0081816712912905,0.0081353343108366,8.389490359491054e-05
16750,8,balanced,40dB,7,7.728136585243881e-06,6.848288800093936e-06,0.0081782464074372,0.0081353343108366,8.342284928566446e-05
16750,12,legacy,clean,0,3.6532149257132937e-14,2.4729971277620005e-14,0.0081353329045453,0.0081353343108366,3.8334978843926456e-14
16750,12,legacy,60dB,0,1.87200400992543e-07,1.4399227792322153e-07,0.0081293977870479,0.0081353343108366,6.653129530058771e-07
16750,12,legacy,60dB,1,2.0226478557333165e-07,1.8902743010374106e-07,0.0081288473378355,0.0081353343108366,6.870570570946695e-07
16750,12,legacy,60dB,2,1.9268474504154144e-07,1.926659002083407e-07,0.0081416894436086,0.0081353343108366,6.963195727569096e-07
16750,12,legacy,60dB,3,1.6624139339319437e-07,1.90046132796402e-07,0.0081346132786607,0.0081353343108366,6.302948165465127e-07
16750,12,legacy,60dB,4,2.2274272156764254e-07,1.9605520919088013e-07,0.0081324218856035,0.0081353343108366,6.579920511087945e-07
16750,12,legacy,60dB,5,2.0940325755462327e-07,2.042259854849271e-07,0.0081230291335397,0.0081353343108366,6.015890967430011e-07
16750,12,legacy,60dB,6,2.3127149266394079e-07,1.891850545031979e-07,0.0081395035963031,0.0081353343108366,6.573833555840226e-07
16750,12,legacy,60dB,7,2.486403416460009e-07,2.161664912923473e-07,0.0081314805749587,0.0081353343108366,6.340464119896172e-07
16750,12,legacy,40dB,0,1.872087798401068e-05,1.4399655739423844e-05,0.0080928306038741,0.0081353343108366,6.65324129599054e-05
16750,12,legacy,40dB,1,2.0226240373782825e-05,1.8902190197859764e-05,0.0080886808302946,0.0081353343108366,6.870554684150676e-05
16750,12,legacy,40dB,2,1.926919000123292e-05,1.926953815367301e-05,0.0082162406380584,0.0081353343108366,6.963294335356898e-05
16750,12,legacy,40dB,3,1.662479794079624e-05,1.900469005360173e-05,0.0081430990300355,0.0081353343108366,6.302758501538041e-05
16750,12,legacy,40dB,4,2.2272664820104837e-05,1.960300530524412e-05,0.0081262679530609,0.0081353343108366,6.579855392710362e-05
16750,12,legacy,40dB,5,2.0940219406304054e-05,2.042237382844053e-05,0.008031141381649,0.0081353343108366,6.015898245839849e-05
16750,12,legacy,40dB,6,2.31265775013575e-05,1.892006957208072e-05,0.0081978536850265,0.0081353343108366,6.573740845900357e-05
16750,12,legacy,40dB,7,2.486348658475369e-05,2.161715652623577e-05,0.0081191866921759,0.0081353343108366,6.34044098810378e-05
16750,12,balanced,clean,0,4.3966578291190994e-14,2.5484938396119773e-14,0.0081353291479639,0.0081353343108366,3.8600409442045096e-14
16750,12,balanced,60dB,0,1.883931351101295e-07,1.755785734152256e-07,0.0081476397173853,0.0081353343108366,6.474676977924409e-07
16750,12,balanced,60dB,1,1.7453726292194925e-07,1.8940156663016258e-07,0.008127781202675,0.0081353343108366,6.672621703302997e-07
16750,12,balanced,60dB,2,1.6684665655190436e-07,1.5091724374593724e-07,0.0081398401953449,0.0081353343108366,6.772156535020617e-07
16750,12,balanced,60dB,3,1.7525407059054013e-07,1.638905213593484e-07,0.0081282641322401,0.0081353343108366,6.021959988429382e-07
16750,12,balanced,60dB,4,1.685102278174805e-07,1.6220545343436966e-07,0.0081344310623746,0.0081353343108366,6.453475398063621e-07
16750,12,balanced,60dB,5,1.653325095374932e-07,1.438687253223036e-07,0.0081340800509767,0.0081353343108366,6.129658120449733e-07
16750,12,balanced,60dB,6,1.837591136450785e-07,1.621527080170565e-07,0.0081402054848456,0.0081353343108366,6.450232204263868e-07
16750,12,balanced,60dB,7,1.7019881165847317e-07,1.770121076528402e-07,0.0081349668597669,0.0081353343108366,6.486142991008347e-07
16750,12,balanced,40dB,0,1.8839384059853863e-05,1.7558585994841393e-05,0.0082753902952819,0.0081353343108366,6.474742666959173e-05
16750,12,balanced,40dB,1,1.7453649999659098e-05,1.893812442194161e-05,0.0080755579728409,0.0081353343108366,6.672623229143637e-05
16750,12,balanced,40dB,2,1.6684948472568394e-05,1.5093030828624515e-05,0.0081954561040761,0.0081353343108366,6.772217960873671e-05
16750,12,balanced,40dB,3,1.7525561677280884e-05,1.6388782941236088e-05,0.0080804520120933,0.0081353343108366,6.021968575962344e-05
16750,12,balanced,40dB,4,1.6851402879916076e-05,1.622143961566001e-05,0.0081415145930682,0.0081353343108366,6.453386981481273e-05
16750,12,balanced,40dB,5,1.653137504233493e-05,1.4386118182086947e-05,0.0081377162284348,0.0081353343108366,6.129550637778802e-05
16750,12,balanced,40dB,6,1.837597428296265e-05,1.6215879773656053e-05,0.0082006309003234,0.0081353343108366,6.450224559272758e-05
16750,12,balanced,40dB,7,1.701869528467592e-05,1.7701331942894692e-05,0.0081470229735581,0.0081353343108366,6.486076159317748e-05
17000,5,legacy,clean,0,1.0594010147628511e-05,1.7208874608064602e-06,0.0079022354823013,0.0079367235022586,2.067580883024915e-05
17000,5,legacy,60dB,0,1.0653614745400404e-05,1.7625433102856609e-06,0.007901264545227,0.0079367235022586,2.1611391318540323e-05
17000,5,legacy,60dB,1,1.0649095938029957e-05,1.7571355599946155e-06,0.0078966829161828,0.0079367235022586,2.1657842272947808e-05
17000,5,legacy,60dB,2,1.0660089182633866e-05,1.8231608989799936e-06,0.0079019019194195,0.0079367235022586,2.185353590279128e-05
17000,5,legacy,60dB,3,1.0632499018080377e-05,1.9268671993712912e-06,0.007895638670652,0.0079367235022586,2.1524262120957717e-05
17000,5,legacy,60dB,4,1.0615340833371476e-05,1.669807524857072e-06,0.0079096653390766,0.0079367235022586,2.1636862543787277e-05
17000,5,legacy,60dB,5,1.0634583929488918e-05,1.7961756998123926e-06,0.007895118544156,0.0079367235022586,2.147890771700363e-05
17000,5,legacy,60dB,6,1.0672301398364014e-05,1.761828287203489e-06,0.0079036940359426,0.0079367235022586,2.1407093431171146e-05
17000,5,legacy,60dB,7,1.0600438492405745e-05,1.7098879618000256e-06,0.0079024854417399,0.0079367235022586,2.14444613020626e-05
17000,5,legacy,40dB,0,1.2979449097528296e-05,3.5491323994580995e-06,0.0078943155045298,0.0079367235022586,0.0001139602428242
17000,5,legacy,40dB,1,1.4232818768426328e-05,4.869119842865671e-06,0.0078497977718328,0.0079367235022586,0.0001133150687599
17000,5,legacy,40dB,2,1.4454291990155003e-05,5.345354945102892e-06,0.0079020993449758,0.0079367235022586,0.000118097500329
17000,5,legacy,40dB,3,1.3201768373420098e-05,6.157395621695712e-06,0.0078384902353293,0.0079367235022586,0.000112212220449
17000,5,legacy,40dB,4,1.3428916768354173e-05,3.114808047457673e-06,0.0079791556498177,0.0079367235022586,0.0001152655311839
17000,5,legacy,40dB,5,1.3573313597134907e-05,5.09716983722592e-06,0.0078336396664786,0.0079367235022586,0.0001120609968932
17000,5,legacy,40dB,6,1.4086829898840763e-05,5.045587742288934e-06,0.0079195309259575,0.0079367235022586,0.0001123109271932
17000,5,legacy,40dB,7,1.3304035258852234e-05,3.668187987807005e-06,0.0079073808183502,0.0079367235022586,0.0001150936123581
17000,5,balanced,clean,0,9.638477857799085e-06,1.2437155921061894e-06,0.0079651512678505,0.0079367235022586,2.3838917020333195e-05
17000,5,balanced,60dB,0,9.667618625484834e-06,1.2462936259291868e-06,0.0079617484543006,0.0079367235022586,2.4606323184029537e-05
17000,5,balanced,60dB,1,9.649603692840231e-06,1.1794053073914645e-06,0.0079633341470149,0.0079367235022586,2.5160668313551075e-05
17000,5,balanced,60dB,2,9.635099531889127e-06,1.268000784125555e-06,0.0079630501757719,0.0079367235022586,2.4645087558976625e-05
17000,5,balanced,60dB,3,9.696224442906894e-06,1.3338670087528645e-06,0.0079732402344137,0.0079367235022586,2.460946840724332e-05
17000,5,balanced,60dB,4,9.643840141413e-06,1.140895773267368e-06,0.0079630964205433,0.0079367235022586,2.47693772428338e-05
17000,5,balanced,60dB,5,9.641228702821944e-06,1.167237636945596e-06,0.0079613194522713,0.0079367235022586,2.470798855069136e-05
17000,5,balanced,60dB,6,9.662680527912258e-06,1.2165334469656814e-06,0.0079565334931848,0.0079367235022586,2.462434022207844e-05
17000,5,balanced,60dB,7,9.723350686296823e-06,1.2872080705859943e-06,0.007959290286657,0.0079367235022586,2.4727543132143707e-05
17000,5,balanced,40dB,0,1.185261501347809e-05,3.06697563919698e-06,0.0079330458618298,0.0079367235022586,0.000114258555304
17000,5,balanced,40dB,1,1.24006276405857e-05,2.856241964987801e-06,0.0079496309509268,0.0079367235022586,0.000119635830998
17000,5,balanced,40dB,2,1.2586785115448644e-05,3.788373016730124e-06,0.0079471224375809,0.0079367235022586,0.0001177499869974
17000,5,balanced,40dB,3,1.3115817775097108e-05,4.240328852890863e-06,0.0080489408075488,0.0079367235022586,0.0001133236628024
17000,5,balanced,40dB,4,1.2134242895114042e-05,2.212576176955086e-06,0.0079470449369795,0.0079367235022586,0.0001173766979563
17000,5,balanced,40dB,5,1.1918514017766322e-05,2.284364168428578e-06,0.0079290856397684,0.0079367235022586,0.0001162692059781
17000,5,balanced,40dB,6,1.2642049532888842e-05,3.479578536922705e-06,0.0078817350661673,0.0079367235022586,0.0001169622181467
17000,5,balanced,40dB,7,1.3668397705838552e-05,3.6012981270208927e-06,0.0079097226474778,0.0079367235022586,0.0001179935549171
17000,8,legacy,clean,0,1.3598439109172596e-08,3.196956059886573e-09,0.0079368067531814,0.0079367235022586,2.349539848650683e-08
17000,8,legacy,60dB,0,8.112010360205714e-08,6.36236020575371e-08,0.0079370702108907,0.0079367235022586,8.60909755427483e-07
17000,8,legacy,60dB,1,8.793037992168162e-08,8.424290960130298e-08,0.0079325996389228,0.0079367235022586,8.672777488947664e-07
17000,8,legacy,60dB,2,1.050359754109314e-07,8.500845568520166e-08,0.0079383444116462,0.0079367235022586,8.672808277243527e-07
17000,8,legacy,60dB,3,7.272973486368313e-08,7.225230674308312e-08,0.0079312895927953,0.0079367235022586,8.558496753801602e-07
17000,8,legacy,60dB,4,8.602756158089088e-08,6.652223067454414e-08,0.0079427589003514,0.0079367235022586,8.780939750128627e-07
17000,8,legacy,60dB,5,8.067958671408236e-08,6.49542636327959e-08,0.007928914488997,0.0079367235022586,8.672430554868005e-07
17000,8,legacy,60dB,6,8.760795994604024e-08,7.947174330512458e-08,0.0079420285540277,0.0079367235022586,8.813698076459987e-07
17000,8,legacy,60dB,7,8.767440808351561e-08,8.136406954962099e-08,0.0079375752039686,0.0079367235022586,8.991735206862075e-07
17000,8,legacy,40dB,0,6.565631921499467e-06,5.919566808883219e-06,0.0079453181471117,0.0079367235022586,8.479272115068371e-05
17000,8,legacy,40dB,1,7.659652497546885e-06,8.185163465332474e-06,0.0079016383452462,0.0079367235022586,8.30765651349451e-05
17000,8,legacy,40dB,2,9.491385546950754e-06,8.58255435293451e-06,0.0079607467495741,0.0079367235022586,8.439435878794337e-05
17000,8,legacy,40dB,3,6.163853052319297e-06,7.147648534998779e-06,0.0078871940909768,0.0079367235022586,8.374336727078624e-05
17000,8,legacy,40dB,4,7.14483587300976e-06,6.222076263220557e-06,0.0080027351710907,0.0079367235022586,8.546268701420906e-05
17000,8,legacy,40dB,5,6.859365064811538e-06,6.237157117485056e-06,0.0078640590664874,0.0079367235022586,8.376476457080861e-05
17000,8,legacy,40dB,6,7.265047375029934e-06,7.750338162330944e-06,0.0079955361153719,0.0079367235022586,8.497944505242612e-05
17000,8,legacy,40dB,7,7.278469874572767e-06,7.593478900246886e-06,0.0079510153727996,0.0079367235022586,8.81809151197092e-05
17000,8,balanced,clean,0,1.4602832503237229e-08,2.7010280269256172e-09,0.0079346358255539,0.0079367235022586,2.6923487610633654e-08
17000,8,balanced,60dB,0,7.56978345093108e-08,6.568602290653837e-08,0.0079304667008299,0.0079367235022586,8.557589519920855e-07
17000,8,balanced,60dB,1,8.515231359569645e-08,7.218823544418834e-08,0.0079327519952673,0.0079367235022586,8.662500221256918e-07
17000,8,balanced,60dB,2,9.290521937210565e-08,7.025163461374146e-08,0.0079345340107317,0.0079367235022586,8.840315930760571e-07
17000,8,balanced,60dB,3,9.302817211234884e-08,6.306973445918718e-08,0.0079448321477679,0.0079367235022586,8.56688132877437e-07
17000,8,balanced,60dB,4,8.340973934160338e-08,6.866893581183598e-08,0.0079320936622198,0.0079367235022586,8.590261382867102e-07
17000,8,balanced,60dB,5,6.948246151782105e-08,6.029346302203795e-08,0.0079300195972413,0.0079367235022586,8.789240756823899e-07
17000,8,balanced,60dB,6,9.080221095103545e-08,8.434860459245329e-08,0.0079238260228015,0.0079367235022586,8.74579795797672e-07
17000,8,balanced,60dB,7,9.105568995856653e-08,6.964498512796129e-08,0.0079285501514011,0.0079367235022586,8.936233623356046e-07
17000,8,balanced,40dB,0,5.978237592197811e-06,6.130690778173531e-06,0.0078982972630533,0.0079367235022586,8.363405294645862e-05
17000,8,balanced,40dB,1,7.048139241440746e-06,6.536987399739201e-06,0.0079221255642858,0.0079367235022586,8.318679942708257e-05
17000,8,balanced,40dB,2,7.663945550244545e-06,6.630724250556559e-06,0.0079404839961809,0.0079367235022586,8.624421406296391e-05
17000,8,balanced,40dB,3,7.526435550987312e-06,6.155113226761853e-06,0.0080433266270165,0.0079367235022586,8.318499264312439e-05
17000,8,balanced,40dB,4,6.960889286902415e-06,6.512799596203569e-06,0.007915472409599,0.0079367235022586,8.345594417246491e-05
17000,8,balanced,40dB,5,5.328867393491699e-06,5.4763555606361975e-06,0.0078932390106989,0.0079367235022586,8.55825407615891e-05
17000,8,balanced,40dB,6,7.634470798936445e-06,8.469658110410461e-06,0.0078333956722115,0.0079367235022586,8.506648770704032e-05
17000,8,balanced,40dB,7,7.671407968327454e-06,7.239786832872411e-06,0.0078806713605872,0.0079367235022586,8.63405895449456e-05
17000,12,legacy,clean,0,5.5193033899204187e-14,3.0198271866354254e-14,0.0079367292760501,0.0079367235022586,5.353996447439223e-14
17000,12,legacy,60dB,0,1.9912008442867216e-07,1.9227628241623682e-07,0.0079321148488528,0.0079367235022586,6.380574752779955e-07
17000,12,legacy,60dB,1,1.9539431451748169e-07,1.8553399052874053e-07,0.0079286691840807,0.0079367235022586,6.422506381036521e-07
17000,12,legacy,60dB,2,2.2278041847926826e-07,2.184327352725236e-07,0.0079344885813891,0.0079367235022586,6.74962010458613e-07
17000,12,legacy,60dB,3,1.8016247097116333e-07,1.832219755682971e-07,0.0079339421885973,0.0079367235022586,6.597531241420045e-07
17000,12,legacy,60dB,4,2.132380730045649e-07,1.8402932452787419e-07,0.0079380682110115,0.0079367235022586,6.617591471988468e-07
17000,12,legacy,60dB,5,1.8548989992884765e-07,1.6571541415505686e-07,0.0079237658476121,0.0079367235022586,6.837238196167203e-07
17000,12,legacy,60dB,6,1.743266609733257e-07,1.759974843138846e-07,0.007941853794166,0.0079367235022586,6.960944905436957e-07
17000,12,legacy,60dB,7,2.0972974080362266e-07,2.30355074177914e-07,0.0079382754696483,0.0079367235022586,6.927417783944388e-07
17000,12,legacy,40dB,0,1.991355682758429e-05,1.922915813045272e-05,0.0079085073605572,0.0079367235022586,6.380529690796324e-05
17000,12,legacy,40dB,1,1.953827697180915e-05,1.8552554270528696e-05,0.0078737126906799,0.0079367235022586,6.422625030077797e-05
17000,12,legacy,40dB,2,2.227948792728476e-05,2.184496067224225e-05,0.007934374013679,0.0079367235022586,6.749581133180663e-05
17000,12,legacy,40dB,3,1.8016661780623446e-05,1.8321996308483613e-05,0.0079250734390895,0.0079367235022586,6.597507676918945e-05
17000,12,legacy,40dB,4,2.132376490752325e-05,1.8401985170202543e-05,0.0079693100103381,0.0079367235022586,6.617423361925024e-05
17000,12,legacy,40dB,5,1.8549147353958667e-05,1.657185117081115e-05,0.0078237892405212,0.0079367235022586,6.837251981044743e-05
17000,12,legacy,40dB,6,1.7431596359781988e-05,1.759851881908729e-05,0.0080036627874562,0.0079367235022586,6.961009026450323e-05
17000,12,legacy,40dB,7,2.097292690172983e-05,2.303555661085921e-05,0.0079710668420224,0.0079367235022586,6.927344411279847e-05
17000,12,balanced,clean,0,6.082459236234938e-14,2.305170350404057e-14,0.0079367283008499,0.0079367235022586,5.466060436769111e-14
17000,12,balanced,60dB,0,1.7007134246007654e-07,1.7696232886394985e-07,0.0079266473432594,0.0079367235022586,6.677914046412608e-07
17000,12,balanced,60dB,1,1.75483936366527e-07,1.4571655233886686e-07,0.007942146423276,0.0079367235022586,6.626108895280904e-07
17000,12,balanced,60dB,2,1.7461256957268147e-07,1.6093768905020845e-07,0.0079388035070727,0.0079367235022586,6.843311449636545e-07
17000,12,balanced,60dB,3,1.9569478817459586e-07,1.8651342625669522e-07,0.0079538712963099,0.0079367235022586,6.33498810887952e-07
17000,12,balanced,60dB,4,1.6909097170469085e-07,1.49502527806411e-07,0.0079356561728327,0.0079367235022586,6.569035932722525e-07
17000,12,balanced,60dB,5,1.682810578587017e-07,1.689729007610426e-07,0.0079366831889615,0.0079367235022586,6.658833102271096e-07
17000,12,balanced,60dB,6,2.0338232467498046e-07,1.7520858776431401e-07,0.0079239872705429,0.0079367235022586,6.679307940071948e-07
17000,12,balanced,60dB,7,1.6530893072100217e-07,1.6254505430327272e-07,0.0079327539591969,0.0079367235022586,6.850703387857571e-07
17000,12,balanced,40dB,0,1.7009697676783586e-05,1.7697961361687848e-05,0.0078512277097446,0.0079367235022586,6.677879489846601e-05
17000,12,balanced,40dB,1,1.7546353356381388e-05,1.457131779936663e-05,0.0080067010396508,0.0079367235022586,6.626125505352829e-05
17000,12,balanced,40dB,2,1.7460884807083814e-05,1.609275515873414e-05,0.0079731951227369,0.0079367235022586,6.843447995755463e-05
17000,12,balanced,40dB,3,1.9567878736645343e-05,1.8650728301848997e-05,0.0081257691868521,0.0079367235022586,6.334952390413028e-05
17000,12,balanced,40dB,4,1.690830897893669e-05,1.4948601139749576e-05,0.0079412244204869,0.0079367235022586,6.568923762503902e-05
17000,12,balanced,40dB,5,1.682661751847528e-05,1.6896296927055767e-05,0.007951420989453,0.0079367235022586,6.658685552479013e-05
17000,12,balanced,40dB,6,2.034043583206901e-05,1.7522206989844236e-05,0.0078276246109123,0.0079367235022586,6.679371692890908e-05
17000,12,balanced,40dB,7,1.6530723343400046e-05,1.6253855351625983e-05,0.007911862518903,0.0079367235022586,6.850674253497678e-05
17250,5,legacy,clean,0,1.142658865615873e-05,1.9013943757767715e-06,0.0077255627822598,0.0077484517315232,2.3840841937880334e-05
17250,5,legacy,60dB,0,1.142129880950732e-05,1.9417938398849804e-06,0.0077235834601513,0.0077484517315232,2.450199393984229e-05
17250,5,legacy,60dB,1,1.146051766266764e-05,1.881014219855261e-06,0.0077254187161746,0.0077484517315232,2.4697057890676425e-05
17250,5,legacy,60dB,2,1.1529221456610568e-05,2.108285879027333e-06,0.0077207981997191,0.0077484517315232,2.474704103755036e-05
17250,5,legacy,60dB,3,1.142644676730665e-05,1.8340315910231732e-06,0.0077251676715858,0.0077484517315232,2.51632315482137e-05
17250,5,legacy,60dB,4,1.1400205463617426e-05,1.8568986087522252e-06,0.007723672061699,0.0077484517315232,2.4641818604464264e-05
17250,5,legacy,60dB,5,1.1431378852513323e-05,1.8869928813123847e-06,0.0077267984249449,0.0077484517315232,2.5011277701734965e-05
17250,5,legacy,60dB,6,1.1454330044372218e-05,1.8820336695881185e-06,0.0077229525546791,0.0077484517315232,2.4824104389587515e-05
17250,5,legacy,60dB,7,1.1448908193537532e-05,1.925684213543573e-06,0.0077252479226405,0.0077484517315232,2.4975149779243903e-05
17250,5,legacy,40dB,0,1.5422042363350748e-05,5.681575179315853e-06,0.0077098179133487,0.0077484517315232,0.0001193573980643
17250,5,legacy,40dB,1,1.4828134837244634e-05,4.379909804365312e-06,0.0077271843775234,0.0077484517315232,0.0001172823545113
17250,5,legacy,40dB,2,1.600225746684183e-05,6.7865132581323385e-06,0.0076814662976586,0.0077484517315232,0.0001153048943343
17250,5,legacy,40dB,3,1.3705692816213606e-05,3.6961201070174775e-06,0.0077238921985689,0.0077484517315232,0.0001193218829928
17250,5,legacy,40dB,4,1.4001275064416936e-05,4.3363552115862425e-06,0.0077094940949859,0.0077484517315232,0.0001180893795759
17250,5,legacy,40dB,5,1.45008852717489e-05,4.178300373547357e-06,0.0077409456037632,0.0077484517315232,0.0001158663217836
17250,5,legacy,40dB,6,1.503431503803117e-05,4.255426477097117e-06,0.0077027908189522,0.0077484517315232,0.0001183730122081
17250,5,legacy,40dB,7,1.4711196281269231e-05,5.425791076301928e-06,0.0077254755983184,0.0077484517315232,0.0001193681762234
17250,5,balanced,clean,0,1.1467934772847054e-05,1.2286753736180985e-06,0.007739361601676,0.0077484517315232,2.741844909891608e-05
17250,5,balanced,60dB,0,1.1472599239856173e-05,1.2633116862864895e-06,0.0077416228104425,0.0077484517315232,2.8424705882448743e-05
17250,5,balanced,60dB,1,1.1492379601793478e-05,1.2227065103584312e-06,0.0077397104280533,0.0077484517315232,2.803724391211785e-05
17250,5,balanced,60dB,2,1.1519303171128765e-05,1.3041884180609983e-06,0.0077344451907891,0.0077484517315232,2.842656807449893e-05
17250,5,balanced,60dB,3,1.1422271296519048e-05,1.2400877364978686e-06,0.007742113713468,0.0077484517315232,2.816008646790137e-05
17250,5,balanced,60dB,4,1.1484666459083217e-05,1.2843508067797368e-06,0.0077356608627411,0.0077484517315232,2.8422284830830752e-05
17250,5,balanced,60dB,5,1.148108060460775e-05,1.2446043358670768e-06,0.00774158602604,0.0077484517315232,2.8491294214078663e-05
17250,5,balanced,60dB,6,1.154994284179958e-05,1.3493663582857911e-06,0.0077383907694716,0.0077484517315232,2.875801734303587e-05
17250,5,balanced,60dB,7,1.1519150303712645e-05,1.2493139136575998e-06,0.0077422141175711,0.0077484517315232,2.8735249013294405e-05
17250,5,balanced,40dB,0,1.4778833962763916e-05,4.709028408996588e-06,0.0077652379438608,0.0077484517315232,0.0001269176075954
17250,5,balanced,40dB,1,1.394664365333333e-05,3.280263205251616e-06,0.0077450841260398,0.0077484517315232,0.0001194079475135
17250,5,balanced,40dB,2,1.5154358462396032e-05,4.343344823052122e-06,0.0076933702325133,0.0077484517315232,0.0001203326284145
17250,5,balanced,40dB,3,1.368313988914368e-05,4.123975418677646e-06,0.0077695545594749,0.0077484517315232,0.0001167598517306
17250,5,balanced,40dB,4,1.3777105092065748e-05,4.321504705145118e-06,0.0077044960657836,0.0077484517315232,0.0001235437563444
17250,5,balanced,40dB,5,1.3420010877082582e-05,3.4928772528381964e-06,0.007763426463102,0.0077484517315232,0.0001193744189496
17250,5,balanced,40dB,6,1.4791844846276525e-05,4.930683357693781e-06,0.0077321571090158,0.0077484517315232,0.0001256641495677
17250,5,balanced,40dB,7,1.4627855718171312e-05,3.5329988029510456e-06,0.0077705345262629,0.0077484517315232,0.0001252347605072
17250,8,legacy,clean,0,1.870038745942188e-08,5.213661704052112e-09,0.0077450361584943,0.0077484517315232,2.871115387213741e-08
17250,8,legacy,60dB,0,1.243505864107211e-07,9.918686152289347e-08,0.0077411684386452,0.0077484517315232,9.048520703245076e-07
17250,8,legacy,60dB,1,9.753835248413489e-08,6.941340877281674e-08,0.0077454499040614,0.0077484517315232,8.710163199520049e-07
17250,8,legacy,60dB,2,1.143415057267521e-07,1.0267601691319493e-07,0.0077396999126422,0.0077484517315232,8.289400327470028e-07
17250,8,legacy,60dB,3,8.029477522091066e-08,9.143378546990297e-08,0.0077436982324685,0.0077484517315232,8.549986074236535e-07
17250,8,legacy,60dB,4,9.90441193593977e-08,9.643646472998929e-08,0.0077416816013602,0.0077484517315232,8.964429374398112e-07
17250,8,legacy,60dB,5,1.0159832058070253e-07,8.439814678657998e-08,0.0077441344385433,0.0077484517315232,8.288651399104866e-07
17250,8,legacy,60dB,6,1.1291768165191757e-07,8.214622758669532e-08,0.0077438394607,0.0077484517315232,8.746735183840665e-07
17250,8,legacy,60dB,7,9.293464895190449e-08,8.517441083841896e-08,0.0077442651500207,0.0077484517315232,8.708576438088118e-07
17250,8,legacy,40dB,0,9.77534566913996e-06,8.674364746650887e-06,0.0077150591032955,0.0077484517315232,8.865193348528663e-05
17250,8,legacy,40dB,1,7.969279573898699e-06,6.953182950566774e-06,0.0077563358137013,0.0077484517315232,8.461183040832361e-05
17250,8,legacy,40dB,2,9.004797031683971e-06,9.271132094563655e-06,0.0076997033854347,0.0077484517315232,8.111655527112411e-05
17250,8,legacy,40dB,3,5.952060137234069e-06,8.03092828188558e-06,0.0077369743141087,0.0077484517315232,8.309641626837477e-05
17250,8,legacy,40dB,4,7.723861847017945e-06,8.749898285366422e-06,0.0077183923112941,0.0077484517315232,8.588417023503201e-05
17250,8,legacy,40dB,5,7.988039788424864e-06,7.656716231872658e-06,0.0077431593190544,0.0077484517315232,8.004813945609734e-05
17250,8,legacy,40dB,6,9.74684810778351e-06,8.003751201955254e-06,0.0077418551553298,0.0077484517315232,8.4388758692475e-05
17250,8,legacy,40dB,7,7.459386963715216e-06,8.211080548127392e-06,0.0077440244177194,0.0077484517315232,8.463183176015837e-05
17250,8,balanced,clean,0,1.656486204944596e-08,3.718782919765322e-09,0.0077509904591547,0.0077484517315232,3.315214170301374e-08
17250,8,balanced,60dB,0,8.807898537731092e-08,8.049597330653122e-08,0.0077546204450191,0.0077484517315232,9.412934488194258e-07
17250,8,balanced,60dB,1,8.199576581460606e-08,7.065492353265629e-08,0.0077493909058953,0.0077484517315232,8.78403814056066e-07
17250,8,balanced,60dB,2,9.494806051359089e-08,7.151824782102201e-08,0.0077429453113481,0.0077484517315232,8.724648283312471e-07
17250,8,balanced,60dB,3,7.89249151684258e-08,6.951754904374433e-08,0.0077514578281715,0.0077484517315232,8.597793311433632e-07
17250,8,balanced,60dB,4,7.241652807257876e-08,6.518488908821449e-08,0.0077475625656181,0.0077484517315232,9.013379499104974e-07
17250,8,balanced,60dB,5,7.050802041407275e-08,5.801876105516923e-08,0.007752231588837,0.0077484517315232,8.333943464356128e-07
17250,8,balanced,60dB,6,9.11209797566412e-08,8.153205818586395e-08,0.0077495610335717,0.0077484517315232,8.943177740633396e-07
17250,8,balanced,60dB,7,8.295026769897545e-08,6.503118946464137e-08,0.0077554979138269,0.0077484517315232,9.002811948368986e-07
17250,8,balanced,40dB,0,7.005935460400024e-06,7.821416518702165e-06,0.0077935645471639,0.0077484517315232,9.12836928093879e-05
17250,8,balanced,40dB,1,6.623690240090082e-06,6.536719405971827e-06,0.0077409477429016,0.0077484517315232,8.455286082126515e-05
17250,8,balanced,40dB,2,7.961633445644046e-06,6.962048576851993e-06,0.0076777002176884,0.0077484517315232,8.3675467598488e-05
17250,8,balanced,40dB,3,6.27173678142778e-06,6.271464151234521e-06,0.0077612957207117,0.0077484517315232,8.304181449760432e-05
17250,8,balanced,40dB,4,5.562952972663283e-06,6.063118435961141e-06,0.007721699395239,0.0077484517315232,8.763118555739397e-05
17250,8,balanced,40dB,5,5.804370209291317e-06,5.602458451129718e-06,0.0077686501297415,0.0077484517315232,8.060264610311453e-05
17250,8,balanced,40dB,6,7.3069682883573774e-06,7.680308038788004e-06,0.0077432410455747,0.0077484517315232,8.555530652275331e-05
17250,8,balanced,40dB,7,6.482027558607433e-06,5.846074631105582e-06,0.0078018666145171,0.0077484517315232,8.641272236722004e-05
17250,12,legacy,clean,0,7.428773084892857e-14,4.0863934028588585e-14,0.0077484458832474,0.0077484517315232,7.44446106111718e-14
17250,12,legacy,60dB,0,2.3223833761114054e-07,2.32828853363374e-07,0.007743652432146,0.0077484517315232,6.970795662395431e-07
17250,12,legacy,60dB,1,1.9651580152652505e-07,2.1005876845892202e-07,0.0077478072081067,0.0077484517315232,6.776767530253408e-07
17250,12,legacy,60dB,2,2.061545816450754e-07,2.2004776852103865e-07,0.0077386801816472,0.0077484517315232,6.395600004370689e-07
17250,12,legacy,60dB,3,1.705401525482555e-07,2.196962425233148e-07,0.0077499223124683,0.0077484517315232,6.511998712950849e-07
17250,12,legacy,60dB,4,2.325420019797158e-07,2.201789095767105e-07,0.0077484773627922,0.0077484517315232,6.644403702770692e-07
17250,12,legacy,60dB,5,2.372935283358601e-07,2.1203323073075186e-07,0.0077401953258431,0.0077484517315232,6.260519652483946e-07
17250,12,legacy,60dB,6,2.2361874880661015e-07,2.0653350144857267e-07,0.0077506941856269,0.0077484517315232,6.444710766497556e-07
17250,12,legacy,60dB,7,2.1277978038430946e-07,2.2674810135573738e-07,0.0077556413437753,0.0077484517315232,6.463073018053918e-07
17250,12,legacy,40dB,0,2.322214486263868e-05,2.3280165379220264e-05,0.0077214111343889,0.0077484517315232,6.970905136421631e-05
17250,12,legacy,40dB,1,1.965098610100473e-05,2.1006297136922104e-05,0.0077597449605953,0.0077484517315232,6.77682736849192e-05
17250,12,legacy,40dB,2,2.061577164013013e-05,2.2004180167156e-05,0.007669343093738,0.0077484517315232,6.395628955745136e-05
17250,12,legacy,40dB,3,1.705353533043665e-05,2.197014632340971e-05,0.0077785583099303,0.0077484517315232,6.511902823681474e-05
17250,12,legacy,40dB,4,2.325596170646681e-05,2.201765908070508e-05,0.0077696912210508,0.0077484517315232,6.644383808468913e-05
17250,12,legacy,40dB,5,2.372948545470336e-05,2.120278987708453e-05,0.0076872968600447,0.0077484517315232,6.260373661356708e-05
17250,12,legacy,40dB,6,2.23621634249887e-05,2.0653866938595257e-05,0.0077910548836482,0.0077484517315232,6.444848767230478e-05
17250,12,legacy,40dB,7,2.1278976603466718e-05,2.2676203505620105e-05,0.0078395516679952,0.0077484517315232,6.463056151761006e-05
17250,12,balanced,clean,0,7.363862832704047e-14,3.1569684000492254e-14,0.0077484545120078,0.0077484517315232,7.64585123070325e-14
17250,12,balanced,60dB,0,1.8451350546130329e-07,2.1343651194374318e-07,0.007757345112087,0.0077484517315232,7.241096453396393e-07
17250,12,balanced,60dB,1,1.9966251678350762e-07,1.881167485661125e-07,0.0077496111015997,0.0077484517315232,6.486226700744004e-07
17250,12,balanced,60dB,2,1.8513822922855e-07,1.9426300828678092e-07,0.0077453910609181,0.0077484517315232,6.455657646593034e-07
17250,12,balanced,60dB,3,1.6433668052924546e-07,2.056615788122165e-07,0.0077528580519668,0.0077484517315232,6.338999446358304e-07
17250,12,balanced,60dB,4,1.519933972817839e-07,1.5182977761689416e-07,0.0077461095640706,0.0077484517315232,6.919553635986444e-07
17250,12,balanced,60dB,5,1.622184233062351e-07,1.703960758266536e-07,0.0077518085227293,0.0077484517315232,6.270041837602251e-07
17250,12,balanced,60dB,6,1.8669943637457797e-07,2.0632388738600319e-07,0.0077532767770735,0.0077484517315232,6.605107887247714e-07
17250,12,balanced,60dB,7,1.6673896817022425e-07,1.852047209651784e-07,0.0077540405171854,0.0077484517315232,6.72807488469126e-07
17250,12,balanced,40dB,0,1.8450858573214407e-05,2.13424412070134e-05,0.0078539662369813,0.0077484517315232,7.240915156261023e-05
17250,12,balanced,40dB,1,1.99654413255198e-05,1.881158223679143e-05,0.0077779892247474,0.0077484517315232,6.48629864371266e-05
17250,12,balanced,40dB,2,1.8514413465010116e-05,1.942672148682144e-05,0.0077344830329464,0.0077484517315232,6.45548460116511e-05
17250,12,balanced,40dB,3,1.643510147615322e-05,2.056705518197308e-05,0.0078072816469321,0.0077484517315232,6.338990961474995e-05
17250,12,balanced,40dB,4,1.5199018014721462e-05,1.51831113516361e-05,0.0077386841173408,0.0077484517315232,6.919596304487395e-05
17250,12,balanced,40dB,5,1.622253087944095e-05,1.7040682827643426e-05,0.0077965949665324,0.0077484517315232,6.270190775824155e-05
17250,12,balanced,40dB,6,1.867066161341401e-05,2.063346278303348e-05,0.0078134808305779,0.0077484517315232,6.60506856468516e-05
17250,12,balanced,40dB,7,1.6672998258340745e-05,1.851993111005762e-05,0.007819320173024,0.0077484517315232,6.727758767950517e-05
17500,5,legacy,clean,0,1.3403007858927444e-05,2.96773169201251e-06,0.0074910112004611,0.0075693289708132,2.742646265988916e-05
17500,5,legacy,60dB,0,1.345626826389438e-05,2.9694442470746367e-06,0.007487308137791,0.0075693289708132,2.816058158627836e-05
17500,5,legacy,60dB,1,1.345828496614862e-05,2.920771850191e-06,0.0074935882952367,0.0075693289708132,2.8382357484568e-05
17500,5,legacy,60dB,2,1.3349398248380068e-05,2.926596721245818e-06,0.0074942256923917,0.0075693289708132,2.843434947039182e-05
17500,5,legacy,60dB,3,1.3491930053785458e-05,3.173619428263445e-06,0.0074905908462826,0.0075693289708132,2.853889313242877e-05
17500,5,legacy,60dB,4,1.344644735172368e-05,3.059989677137071e-06,0.0074938742578919,0.0075693289708132,2.82301698722103e-05
17500,5,legacy,60dB,5,1.3440130999859831e-05,2.816651161714286e-06,0.0074884578704736,0.0075693289708132,2.846168609852339e-05
17500,5,legacy,60dB,6,1.3367460322241251e-05,2.960723904173769e-06,0.0074977581529,0.0075693289708132,2.854788746014598e-05
17500,5,legacy,60dB,7,1.3351379932750023e-05,2.769541905410097e-06,0.0074979666518086,0.0075693289708132,2.8787616271538748e-05
17500,5,legacy,40dB,0,1.6315419134201317e-05,5.60369436197709e-06,0.0074563603809858,0.0075693289708132,0.0001094552468728
17500,5,legacy,40dB,1,1.723708007761306e-05,6.249254215298598e-06,0.0075200634493631,0.0075693289708132,0.000120249953819
17500,5,legacy,40dB,2,1.5924650097783296e-05,4.735988788838014e-06,0.0075262138581115,0.0075693289708132,0.0001166470280942
17500,5,legacy,40dB,3,1.6660455440096867e-05,8.01553757340955e-06,0.0074891758843082,0.0075693289708132,0.000122451655947
17500,5,legacy,40dB,4,1.6726480854475645e-05,6.312591728445592e-06,0.0075225308528361,0.0075693289708132,0.0001208476280273
17500,5,legacy,40dB,5,1.6497166551876377e-05,5.127889364071096e-06,0.0074682008278698,0.0075693289708132,0.0001210095903151
17500,5,legacy,40dB,6,1.4995867831896344e-05,5.077760336312564e-06,0.00756042906019,0.0075693289708132,0.0001270463466109
17500,5,legacy,40dB,7,1.6726848354637376e-05,5.166143472629208e-06,0.007564405833693,0.0075693289708132,0.0001232659068442
17500,5,balanced,clean,0,1.3010705634961563e-05,1.0237314413870094e-06,0.007539996023856,0.0075693289708132,3.152792247036846e-05
17500,5,balanced,60dB,0,1.2976097022529163e-05,1.0991415750326363e-06,0.0075397149405455,0.0075693289708132,3.2499027053831114e-05
17500,5,balanced,60dB,1,1.3041819215159983e-05,1.013887010115711e-06,0.0075412777339579,0.0075693289708132,3.2361601558546524e-05
17500,5,balanced,60dB,2,1.303503874364375e-05,9.748081601568897e-07,0.0075346387066821,0.0075693289708132,3.224471394086832e-05
17500,5,balanced,60dB,3,1.3013993258958662e-05,1.089534764633192e-06,0.0075437813945603,0.0075693289708132,3.2271375018113944e-05
17500,5,balanced,60dB,4,1.3048108629660949e-05,1.0970250796488072e-06,0.0075411591753912,0.0075693289708132,3.240482859406334e-05
17500,5,balanced,60dB,5,1.310172552164298e-05,1.096441946223091e-06,0.0075388113019923,0.0075693289708132,3.236695527277317e-05
17500,5,balanced,60dB,6,1.3025567189041354e-05,1.0968292435645158e-06,0.0075311551441178,0.0075693289708132,3.2876685255965905e-05
17500,5,balanced,60dB,7,1.3025382718967752e-05,1.0454897786173428e-06,0.0075409964429167,0.0075693289708132,3.288789751806534e-05
17500,5,balanced,40dB,0,1.5035976100648598e-05,4.0123160410065016e-06,0.0075395565473407,0.0075693289708132,0.0001167553814994
17500,5,balanced,40dB,1,1.5488581704485543e-05,3.850943180103438e-06,0.0075549798651427,0.0075693289708132,0.0001235397211861
17500,5,balanced,40dB,2,1.5354432317548997e-05,3.0978478109319275e-06,0.0074885232477129,0.0075693289708132,0.0001182282627084
17500,5,balanced,40dB,3,1.49631836522169e-05,4.026884935295139e-06,0.0075797693326763,0.0075693289708132,0.0001226360553512
17500,5,balanced,40dB,4,1.6169683282682564e-05,4.8457779256364645e-06,0.007554412486909,0.0075693289708132,0.0001254891098474
17500,5,balanced,40dB,5,1.6786464865810178e-05,4.430377315956006e-06,0.0075310143655827,0.0075693289708132,0.000122475821981
17500,5,balanced,40dB,6,1.5496923620833812e-05,4.7673031684798905e-06,0.007453924828919,0.0075693289708132,0.0001317569483064
17500,5,balanced,40dB,7,1.5563592098617596e-05,4.72557540514669e-06,0.0075524063300869,0.0075693289708132,0.0001288079621193
17500,8,legacy,clean,0,2.1670107745192144e-08,6.8093953235512716e-09,0.0075687602878513,0.0075693289708132,3.4979032884951246e-08
17500,8,legacy,60dB,0,7.877699490752107e-08,5.4707742133480964e-08,0.0075662685853304,0.0075693289708132,7.9412580721036e-07
17500,8,legacy,60dB,1,1.0294735413086721e-07,1.0248887782499565e-07,0.0075715384570318,0.0075693289708132,8.596725167143297e-07
17500,8,legacy,60dB,2,8.929527028564596e-08,4.2577897306170325e-08,0.0075716542217509,0.0075693289708132,8.405027221936446e-07
17500,8,legacy,60dB,3,7.297729301757994e-08,7.089757457170561e-08,0.0075676478963873,0.0075693289708132,8.876597775368243e-07
17500,8,legacy,60dB,4,9.66621659477784e-08,6.364536876462647e-08,0.0075728219453017,0.0075693289708132,8.985230465766509e-07
17500,8,legacy,60dB,5,9.247503968402443e-08,5.988624161354273e-08,0.0075655054594883,0.0075693289708132,8.740477940747168e-07
17500,8,legacy,60dB,6,8.7359980317295e-08,6.920475175342596e-08,0.0075745820782531,0.0075693289708132,9.32785136223054e-07
17500,8,legacy,60dB,7,1.1270932007202073e-07,7.16266987987763e-08,0.0075776202312555,0.0075693289708132,8.470491404353654e-07
17500,8,legacy,40dB,0,5.708493380089459e-06,5.026926412040153e-06,0.0075489590170433,0.0075693289708132,7.587099139536924e-05
17500,8,legacy,40dB,1,8.188518626691313e-06,9.292931054762347e-06,0.0076038960557116,0.0075693289708132,8.384739640532992e-05
17500,8,legacy,40dB,2,6.8940197662881685e-06,3.749236632315803e-06,0.0076038957248803,0.0075693289708132,8.054781680470451e-05
17500,8,legacy,40dB,3,5.7253802738304025e-06,6.0457018980991286e-06,0.0075628270115245,0.0075693289708132,8.569531212120117e-05
17500,8,legacy,40dB,4,6.883595633971903e-06,5.505996513505944e-06,0.0076154888672996,0.0075693289708132,8.661075564814128e-05
17500,8,legacy,40dB,5,7.756767083274582e-06,6.512826096106662e-06,0.0075432390518775,0.0075693289708132,8.333074515811515e-05
17500,8,legacy,40dB,6,6.8568134722007696e-06,6.050248087300324e-06,0.0076331564365078,0.0075693289708132,8.884105775498401e-05
17500,8,legacy,40dB,7,9.648301332555055e-06,7.509032513586541e-06,0.007666075960995,0.0075693289708132,8.20251956086397e-05
17500,8,balanced,clean,0,2.1435093891755664e-08,5.508534012431717e-09,0.0075707565840208,0.0075693289708132,4.0626114942148096e-08
17500,8,balanced,60dB,0,7.328562098406305e-08,6.148499738651749e-08,0.0075682585193131,0.0075693289708132,8.02002236429326e-07
17500,8,balanced,60dB,1,8.205683954273966e-08,5.908898057069175e-08,0.0075729414676013,0.0075693289708132,8.765381435759293e-07
17500,8,balanced,60dB,2,8.212512467530808e-08,3.7328688305901134e-08,0.0075627555596713,0.0075693289708132,8.610631831007032e-07
17500,8,balanced,60dB,3,9.681588607553499e-08,6.528477985610455e-08,0.0075750786632849,0.0075693289708132,8.640313118928737e-07
17500,8,balanced,60dB,4,9.627502605894176e-08,6.209708231274801e-08,0.0075724918882171,0.0075693289708132,8.8059145211367e-07
17500,8,balanced,60dB,5,8.248800025351654e-08,5.1749899395978534e-08,0.0075710510899216,0.0075693289708132,8.720483340627615e-07
17500,8,balanced,60dB,6,8.872878292868765e-08,7.381392024792521e-08,0.0075592813329112,0.0075693289708132,9.017295762650444e-07
17500,8,balanced,60dB,7,8.181030498239835e-08,7.317174342250446e-08,0.0075694942616641,0.0075693289708132,8.853683001617815e-07
17500,8,balanced,40dB,0,5.487064846078599e-06,5.764543475981302e-06,0.0075507230614245,0.0075693289708132,7.57855070391657e-05
17500,8,balanced,40dB,1,6.198579370010261e-06,5.675151499971017e-06,0.0075981763466451,0.0075693289708132,8.350905706988059e-05
17500,8,balanced,40dB,2,6.298805203274831e-06,4.063800214889812e-06,0.0074964168103268,0.0075693289708132,8.064263090957472e-05
17500,8,balanced,40dB,3,7.170242931995015e-06,5.642557361495444e-06,0.007620372376578,0.0075693289708132,8.233686214542263e-05
17500,8,balanced,40dB,4,7.28328294355397e-06,5.5707806311665096e-06,0.0075946230745116,0.0075693289708132,8.412164001516262e-05
17500,8,balanced,40dB,5,6.133796360578914e-06,4.510984903111238e-06,0.0075792034752313,0.0075693289708132,8.408291544496774e-05
17500,8,balanced,40dB,6,7.084778782320654e-06,6.161327911472793e-06,0.0074623944797222,0.0075693289708132,8.654649783332108e-05
17500,8,balanced,40dB,7,6.14251105515908e-06,7.137924155681569e-06,0.0075636506843034,0.0075693289708132,8.427361814292236e-05
17500,12,legacy,clean,0,9.944571118289995e-14,8.07777566202738e-14,0.0075693257366805,0.0075693289708132,1.0252663711238873e-13
17500,12,legacy,60dB,0,1.6991083426709617e-07,1.3437481360289332e-07,0.0075722257950055,0.0075693289708132,5.930721872751113e-07
17500,12,legacy,60dB,1,2.2595941591557082e-07,2.1724260771813906e-07,0.0075708026243863,0.0075693289708132,6.573104854882943e-07
17500,12,legacy,60dB,2,1.9561851548608138e-07,1.4838809603838014e-07,0.0075729302356667,0.0075693289708132,6.310986592037648e-07
17500,12,legacy,60dB,3,1.997925104168251e-07,1.6970595666709819e-07,0.0075705275647797,0.0075693289708132,6.599497761363233e-07
17500,12,legacy,60dB,4,1.9523639001095095e-07,1.6487603592436281e-07,0.0075771491095361,0.0075693289708132,6.655086634275685e-07
17500,12,legacy,60dB,5,1.8978967736045694e-07,1.8093272707238734e-07,0.0075675080947875,0.0075693289708132,6.599529051484422e-07
17500,12,legacy,60dB,6,2.0041874554772405e-07,1.7331463867998137e-07,0.0075743784714261,0.0075693289708132,6.990433990615401e-07
17500,12,legacy,60dB,7,2.0519946019822086e-07,1.6918797669873758e-07,0.0075836322847578,0.0075693289708132,6.480388550669776e-07
17500,12,legacy,40dB,0,1.699288179652749e-05,1.3441541171851466e-05,0.007613620094279,0.0075693289708132,5.930654619905882e-05
17500,12,legacy,40dB,1,2.2594426681987696e-05,2.172150620593652e-05,0.0076044294471558,0.0075693289708132,6.57293137375636e-05
17500,12,legacy,40dB,2,1.9563613601181505e-05,1.484220607135903e-05,0.0076229781558835,0.0075693289708132,6.310935624880923e-05
17500,12,legacy,40dB,3,1.9979297575665108e-05,1.6967868812509998e-05,0.0075993253910387,0.0075693289708132,6.599419691963304e-05
17500,12,legacy,40dB,4,1.9523202415530994e-05,1.6486893359328707e-05,0.0076651303046464,0.0075693289708132,6.655222575930687e-05
17500,12,legacy,40dB,5,1.898040459130815e-05,1.809311798496659e-05,0.0075682318264628,0.0075693289708132,6.599800400137347e-05
17500,12,legacy,40dB,6,2.00411934389811e-05,1.733135333460547e-05,0.007637890091015,0.0075693289708132,6.990651166568789e-05
17500,12,legacy,40dB,7,2.0520056591134797e-05,1.6918644421228263e-05,0.0077308592803372,0.0075693289708132,6.480503464235879e-05
17500,12,balanced,clean,0,1.0379847303462937e-13,5.717584727356598e-14,0.0075693228998884,0.0075693289708132,1.0572977833175173e-13
17500,12,balanced,60dB,0,1.5708398977479546e-07,1.7743131874895636e-07,0.0075649478197681,0.0075693289708132,5.837362167203167e-07
17500,12,balanced,60dB,1,1.3661474528293204e-07,1.3140444264261845e-07,0.0075731859327755,0.0075693289708132,6.761919566348556e-07
17500,12,balanced,60dB,2,1.829403358981637e-07,1.2821756187969069e-07,0.0075550361235368,0.0075693289708132,6.270501092711673e-07
17500,12,balanced,60dB,3,1.864790183146806e-07,1.8086205406634481e-07,0.0075720057292513,0.0075693289708132,6.405027661901109e-07
17500,12,balanced,60dB,4,1.805460466514065e-07,1.732651334825348e-07,0.0075648025464153,0.0075693289708132,6.73541781135208e-07
17500,12,balanced,60dB,5,1.659107681151359e-07,1.2392142637654476e-07,0.0075635349669053,0.0075693289708132,6.749227067203102e-07
17500,12,balanced,60dB,6,1.9278628880816414e-07,2.1013359238229214e-07,0.0075495079030108,0.0075693289708132,6.726808954979825e-07
17500,12,balanced,60dB,7,1.572761744827687e-07,1.7771316324134878e-07,0.0075707879158747,0.0075693289708132,6.682321381847284e-07
17500,12,balanced,40dB,0,1.5709191379136166e-05,1.7743829223384808e-05,0.007539710451101,0.0075693289708132,5.837329059622314e-05
17500,12,balanced,40dB,1,1.3662523755671904e-05,1.3141217367361735e-05,0.0076202496059957,0.0075693289708132,6.76196078170773e-05
17500,12,balanced,40dB,2,1.8292007476255933e-05,1.2818660685267276e-05,0.007442917741423,0.0075693289708132,6.27046142298846e-05
17500,12,balanced,40dB,3,1.864758972711755e-05,1.808629276128992e-05,0.0076129339939956,0.0075693289708132,6.40510801731698e-05
17500,12,balanced,40dB,4,1.8051855398140755e-05,1.7323256925726056e-05,0.0075403657610232,0.0075693289708132,6.735235613329443e-05
17500,12,balanced,40dB,5,1.6590072615265857e-05,1.2389870305037096e-05,0.0075263745359248,0.0075693289708132,6.749288840773179e-05
17500,12,balanced,40dB,6,1.9277552968467702e-05,2.1011751911049024e-05,0.0073885226221262,0.0075693289708132,6.726776326421648e-05
17500,12,balanced,40dB,7,1.57269003415515e-05,1.7770831476461292e-05,0.0075981271992823,0.0075693289708132,6.682068630893321e-05
17750,5,legacy,clean,0,1.589190488525466e-05,1.5936848740674042e-06,0.0073660167003368,0.0073982607406388,3.14596549534704e-05
17750,5,legacy,60dB,0,1.6054128229696778e-05,1.7822268413983464e-06,0.0073651689796216,0.0073982607406388,3.2433678261290874e-05
17750,5,legacy,60dB,1,1.602254507026741e-05,1.5707556533512055e-06,0.0073676442013485,0.0073982607406388,3.290478511959784e-05
17750,5,legacy,60dB,2,1.5949737555170915e-05,1.7221599537860162e-06,0.0073641644109044,0.0073982607406388,3.259481328616286e-05
17750,5,legacy,60dB,3,1.5823747908458463e-05,1.641024796894837e-06,0.0073659101191167,0.0073982607406388,3.233985887999461e-05
17750,5,legacy,60dB,4,1.592556069173786e-05,1.641416655090456e-06,0.007371276073517,0.0073982607406388,3.173270558097961e-05
17750,5,legacy,60dB,5,1.5965451124480488e-05,1.7063609677322115e-06,0.0073585057103523,0.0073982607406388,3.262180827874202e-05
17750,5,legacy,60dB,6,1.5976266580824683e-05,1.647042574517861e-06,0.0073659070191073,0.0073982607406388,3.249134768219765e-05
17750,5,legacy,60dB,7,1.5846987764389217e-05,1.6342985530049572e-06,0.0073616538552058,0.0073982607406388,3.269530212123507e-05
17750,5,legacy,40dB,0,2.0548682978662554e-05,6.083205006430177e-06,0.0073605740378335,0.0073982607406388,0.0001232999555897
17750,5,legacy,40dB,1,2.0216573813118112e-05,4.622851342846793e-06,0.0073853099775315,0.0073982607406388,0.0001271386989345
17750,5,legacy,40dB,2,1.936311931453631e-05,6.629937503601038e-06,0.0073503866937424,0.0073982607406388,0.0001279241719671
17750,5,legacy,40dB,3,1.8026907941204204e-05,4.149444863289717e-06,0.0073677674609598,0.0073982607406388,0.0001200013015027
17750,5,legacy,40dB,4,1.945050738866733e-05,5.111670513963688e-06,0.0074218324765771,0.0073982607406388,0.0001124219676696
17750,5,legacy,40dB,5,1.926257901868419e-05,5.553303174425719e-06,0.0072935420122337,0.0073982607406388,0.000125320797574
17750,5,legacy,40dB,6,1.915235973139782e-05,4.40321359705183e-06,0.0073673367259324,0.0073982607406388,0.0001263723637514
17750,5,legacy,40dB,7,1.864263790362029e-05,5.3353864106868576e-06,0.0073255881532535,0.0073982607406388,0.0001245607402118
17750,5,balanced,clean,0,1.4523500172335008e-05,1.7148917370269211e-06,0.0074431263810126,0.0073982607406388,3.620301920173588e-05
17750,5,balanced,60dB,0,1.453576366811876e-05,1.7497544977202814e-06,0.0074397948860356,0.0073982607406388,3.739940340253208e-05
17750,5,balanced,60dB,1,1.4536822987987244e-05,1.7400612211531668e-06,0.0074418857426174,0.0073982607406388,3.741594679927585e-05
17750,5,balanced,60dB,2,1.4594792402832237e-05,1.8661465979817717e-06,0.0074520901500386,0.0073982607406388,3.67905706847058e-05
17750,5,balanced,60dB,3,1.4567399026153903e-05,1.794298767391183e-06,0.0074442966425139,0.0073982607406388,3.716261112670397e-05
17750,5,balanced,60dB,4,1.4553476173383716e-05,1.7761158392784483e-06,0.0074449105934776,0.0073982607406388,3.7003241138594855e-05
17750,5,balanced,60dB,5,1.452783979312168e-05,1.7016275100311318e-06,0.0074430552892063,0.0073982607406388,3.709284765690139e-05
17750,5,balanced,60dB,6,1.4550454850931304e-05,1.7205215373882024e-06,0.0074461025290015,0.0073982607406388,3.754510256538237e-05
17750,5,balanced,60dB,7,1.453298503512144e-05,1.7310508674935432e-06,0.0074410426712286,0.0073982607406388,3.699550961982842e-05
17750,5,balanced,40dB,0,1.7323398605851783e-05,3.456248051198028e-06,0.0074124886947188,0.0073982607406388,0.0001310396158827
17750,5,balanced,40dB,1,1.733810460785283e-05,4.0644739720061645e-06,0.0074334013733398,0.0073982607406388,0.0001311374384362
17750,5,balanced,40dB,2,1.819991526861961e-05,5.721284877159715e-06,0.0075357275640639,0.0073982607406388,0.0001276727745456
17750,5,balanced,40dB,3,1.8082142005231546e-05,4.839244323741999e-06,0.0074579486493203,0.0073982607406388,0.0001253867959698
17750,5,balanced,40dB,4,1.7550463407545813e-05,4.881403174502441e-06,0.007463695708887,0.0073982607406388,0.0001237863895067
17750,5,balanced,40dB,5,1.6972397522236085e-05,3.6773419631526e-06,0.0074448209640917,0.0073982607406388,0.0001283025154782
17750,5,balanced,40dB,6,1.7906347551836026e-05,3.624486525677432e-06,0.0074760011614949,0.0073982607406388,0.000134644296051
17750,5,balanced,40dB,7,1.6949519763320254e-05,3.377868874534056e-06,0.0074246204541359,0.0073982607406388,0.0001257973581052
17750,8,legacy,clean,0,2.5683944759256993e-08,9.09631440527902e-09,0.0073964537647777,0.0073982607406388,4.2513525037448687e-08
17750,8,legacy,60dB,0,1.0555400027729768e-07,9.4585144713979e-08,0.0073950928225342,0.0073982607406388,8.809173302809791e-07
17750,8,legacy,60dB,1,9.565770326108908e-08,1.0887962031764703e-07,0.0073987446898049,0.0073982607406388,8.587388623757039e-07
17750,8,legacy,60dB,2,9.867229666677441e-08,1.0550485498426225e-07,0.0073990927282372,0.0073982607406388,8.714039938100723e-07
17750,8,legacy,60dB,3,8.811666743679922e-08,7.210382767142311e-08,0.0073974351080129,0.0073982607406388,8.543108782484335e-07
17750,8,legacy,60dB,4,1.0298019318260237e-07,9.286715190904445e-08,0.0074020968678165,0.0073982607406388,8.160477770154176e-07
17750,8,legacy,60dB,5,9.285783599620542e-08,9.966116843250023e-08,0.0073857811072998,0.0073982607406388,8.595109683443277e-07
17750,8,legacy,60dB,6,9.693263244920624e-08,8.62981869394665e-08,0.0073949502723473,0.0073982607406388,9.203317496209668e-07
17750,8,legacy,60dB,7,1.0308639031300005e-07,9.599694142438544e-08,0.0073912866554373,0.0073982607406388,8.509516765109418e-07
17750,8,legacy,40dB,0,7.823148437087493e-06,7.695066899534765e-06,0.0073898431062807,0.0073982607406388,8.285653805317914e-05
17750,8,legacy,40dB,1,7.138910344545913e-06,9.74470615083682e-06,0.0074257765038646,0.0073982607406388,8.13091261343184e-05
17750,8,legacy,40dB,2,7.288498981604814e-06,9.564227466418372e-06,0.0074293763308908,0.0073982607406388,8.456877968290244e-05
17750,8,legacy,40dB,3,6.328659260118322e-06,6.119963943731354e-06,0.0074119458452183,0.0073982607406388,8.106861020761587e-05
17750,8,legacy,40dB,4,7.800373716060154e-06,8.396273661769934e-06,0.0074598865224535,0.0073982607406388,7.805969822076917e-05
17750,8,legacy,40dB,5,6.992646783361101e-06,8.457263933946618e-06,0.0072960224139257,0.0073982607406388,8.303829491347205e-05
17750,8,legacy,40dB,6,6.767308646273651e-06,7.513686344986688e-06,0.0073874479782986,0.0073982607406388,8.604513941109064e-05
17750,8,legacy,40dB,7,7.590919740925768e-06,8.072094050031496e-06,0.0073515738827147,0.0073982607406388,8.130621879428176e-05
17750,8,balanced,clean,0,2.7127270113236048e-08,5.1524892728865755e-09,0.0073952881799197,0.0073982607406388,4.955923539465205e-08
17750,8,balanced,60dB,0,9.60479220977738e-08,6.854946674471707e-08,0.0073946056173548,0.0073982607406388,8.74786724299977e-07
17750,8,balanced,60dB,1,1.001039762192129e-07,7.1423736056928e-08,0.0073964290785459,0.0073982607406388,8.807091087228805e-07
17750,8,balanced,60dB,2,1.0753684069488887e-07,8.347722651246831e-08,0.0074005138406022,0.0073982607406388,8.83360147604554e-07
17750,8,balanced,60dB,3,1.0735960085140465e-07,7.588002924540728e-08,0.0073959513301747,0.0073982607406388,8.315808759376078e-07
17750,8,balanced,60dB,4,9.536992690413513e-08,7.166132785177987e-08,0.0073967148779834,0.0073982607406388,8.560153087759771e-07
17750,8,balanced,60dB,5,9.247981946824972e-08,7.396279927342926e-08,0.0073942671455085,0.0073982607406388,8.841797782283086e-07
17750,8,balanced,60dB,6,8.274524374864557e-08,6.067081914105385e-08,0.0073986765109799,0.0073982607406388,9.286169506560448e-07
17750,8,balanced,60dB,7,9.500463225899697e-08,8.469392534702992e-08,0.0073930155884635,0.0073982607406388,8.761306322444374e-07
17750,8,balanced,40dB,0,7.074063387488016e-06,6.420995300767164e-06,0.0073948202838682,0.0073982607406388,8.327059429204894e-05
17750,8,balanced,40dB,1,6.999423002825399e-06,6.632037595743384e-06,0.0074129396948529,0.0073982607406388,8.337243919260556e-05
17750,8,balanced,40dB,2,7.835116635248154e-06,7.434568435520403e-06,0.0074545486804037,0.0073982607406388,8.561279604261172e-05
17750,8,balanced,40dB,3,8.147812661909358e-06,7.478609750086567e-06,0.0074092380445534,0.0073982607406388,7.821193052167626e-05
17750,8,balanced,40dB,4,6.763438093641884e-06,6.434376250230658e-06,0.0074156090448121,0.0073982607406388,7.991246700705709e-05
17750,8,balanced,40dB,5,6.483366399103836e-06,6.573178903326482e-06,0.0073908805494424,0.0073982607406388,8.357382261280803e-05
17750,8,balanced,40dB,6,5.6422379922546974e-06,5.760036144378248e-06,0.0074342304215071,0.0073982607406388,8.68173372617243e-05
17750,8,balanced,40dB,7,6.466460085966637e-06,7.506592841607156e-06,0.0073783228245512,0.0073982607406388,8.230991617946789e-05
17750,12,legacy,clean,0,1.496718133016596e-13,6.743730014184483e-14,0.0073982650385026,0.0073982607406388,1.393157030402411e-13
17750,12,legacy,60dB,0,1.9918342081179146e-07,2.035979966056125e-07,0.0073996943975376,0.0073982607406388,6.507527753600555e-07
17750,12,legacy,60dB,1,2.141538144833747e-07,2.3103702280606345e-07,0.0073971020355758,0.0073982607406388,6.342157799950879e-07
17750,12,legacy,60dB,2,1.9409516217170138e-07,1.9588530209860585e-07,0.0074026107585463,0.0073982607406388,6.500261941205008e-07
17750,12,legacy,60dB,3,1.918838054306957e-07,1.8123599370533466e-07,0.007400113460446,0.0073982607406388,6.408254351760227e-07
17750,12,legacy,60dB,4,1.899339413639754e-07,1.9448187547584374e-07,0.0074038661418333,0.0073982607406388,6.245643961990869e-07
17750,12,legacy,60dB,5,1.7859140162711917e-07,1.9157123434844693e-07,0.0073935212787921,0.0073982607406388,6.53602475096958e-07
17750,12,legacy,60dB,6,1.8507939755508409e-07,1.7781336812762353e-07,0.0073968880512986,0.0073982607406388,6.740891206894503e-07
17750,12,legacy,60dB,7,1.9275699437651826e-07,1.677083525312756e-07,0.0073904513761242,0.0073982607406388,6.307401222988081e-07
17750,12,legacy,40dB,0,1.991797129364739e-05,2.036007011223837e-05,0.007430484767285,0.0073982607406388,6.507865997159863e-05
17750,12,legacy,40dB,1,2.1418132902672856e-05,2.3104918117192066e-05,0.0074059116053401,0.0073982607406388,6.342322017941941e-05
17750,12,legacy,40dB,2,1.9407199129074702e-05,1.9587891913691856e-05,0.0074591884877948,0.0073982607406388,6.499811494646294e-05
17750,12,legacy,40dB,3,1.9187974380965308e-05,1.812324156326509e-05,0.0074340183956105,0.0073982607406388,6.408253588783256e-05
17750,12,legacy,40dB,4,1.8993730466836615e-05,1.9447207283620493e-05,0.0074713704642103,0.0073982607406388,6.245720209940777e-05
17750,12,legacy,40dB,5,1.7860910649225835e-05,1.9159831385259526e-05,0.0073669024393781,0.0073982607406388,6.536311349990552e-05
17750,12,legacy,40dB,6,1.8509219686469457e-05,1.7781982501395374e-05,0.0074011535935207,0.0073982607406388,6.740894992906372e-05
17750,12,legacy,40dB,7,1.927793325172304e-05,1.6770925308820414e-05,0.0073374787793737,0.0073982607406388,6.307361659721107e-05
17750,12,balanced,clean,0,1.4526074083819336e-13,4.944679336077051e-14,0.0073982590610326,0.0073982607406388,1.448779864464802e-13
17750,12,balanced,60dB,0,1.863203948800667e-07,1.61296725775115e-07,0.0073932007605333,0.0073982607406388,6.50914362607885e-07
17750,12,balanced,60dB,1,2.1108908619511133e-07,2.041286413608883e-07,0.0074014589049009,0.0073982607406388,6.347194580606592e-07
17750,12,balanced,60dB,2,1.9231937662391714e-07,1.5901179986538366e-07,0.0073986411061372,0.0073982607406388,6.603111256242023e-07
17750,12,balanced,60dB,3,1.7464720124918084e-07,1.832969660262985e-07,0.0073994747445995,0.0073982607406388,6.158938607516451e-07
17750,12,balanced,60dB,4,1.6829908783751866e-07,1.3126607947244316e-07,0.0073986349630511,0.0073982607406388,6.364587901960481e-07
17750,12,balanced,60dB,5,1.6911723164363848e-07,1.507589103182915e-07,0.0073933802202178,0.0073982607406388,6.530092617234752e-07
17750,12,balanced,60dB,6,1.7400337514715285e-07,1.5452657447949702e-07,0.0074023091388448,0.0073982607406388,6.820691538512278e-07
17750,12,balanced,60dB,7,1.6662600081106488e-07,1.8226926174949099e-07,0.0073900396248721,0.0073982607406388,6.500278106993584e-07
17750,12,balanced,40dB,0,1.8629899561443124e-05,1.6129238629888494e-05,0.0073644427529593,0.0073982607406388,6.509193690886137e-05
17750,12,balanced,40dB,1,2.110754534867318e-05,2.0412679055029014e-05,0.0074492541555087,0.0073982607406388,6.347182914274455e-05
17750,12,balanced,40dB,2,1.923058224240389e-05,1.5899711153983166e-05,0.0074193869018615,0.0073982607406388,6.602912993694035e-05
17750,12,balanced,40dB,3,1.7461885758648378e-05,1.832697496146506e-05,0.0074261313117549,0.0073982607406388,6.159102630238096e-05
17750,12,balanced,40dB,4,1.6829523688064797e-05,1.3126425124884136e-05,0.0074171646153338,0.0073982607406388,6.364587363828714e-05
17750,12,balanced,40dB,5,1.6913837863532175e-05,1.507835728421436e-05,0.0073646933197385,0.0073982607406388,6.530229953681144e-05
17750,12,balanced,40dB,6,1.7401235311783576e-05,1.5453343838235982e-05,0.0074544210420215,0.0073982607406388,6.820441122663422e-05
17750,12,balanced,40dB,7,1.666046490410491e-05,1.822568442840671e-05,0.0073310589056301,0.0073982607406388,6.500169495618346e-05
18000,5,legacy,clean,0,1.727916204377445e-05,2.7331207933304763e-06,0.0071890100990247,0.0072342494133025,3.5960546646237344e-05
18000,5,legacy,60dB,0,1.7324639334531665e-05,2.7810783720260605e-06,0.0071850572801863,0.0072342494133025,3.690812039187995e-05
18000,5,legacy,60dB,1,1.7273570751166942e-05,2.8347865010923228e-06,0.0071870173317128,0.0072342494133025,3.715989789119669e-05
18000,5,legacy,60dB,2,1.7346491084627807e-05,2.7795264508355517e-06,0.0071866474977279,0.0072342494133025,3.666653485769303e-05
18000,5,legacy,60dB,3,1.7392799225514084e-05,2.8826008988617267e-06,0.0071865779555131,0.0072342494133025,3.694454374380287e-05
18000,5,legacy,60dB,4,1.7348242111628198e-05,2.6657372134487987e-06,0.0071810021094188,0.0072342494133025,3.675595512850861e-05
18000,5,legacy,60dB,5,1.729693925476392e-05,2.751460909774043e-06,0.0071895593435599,0.0072342494133025,3.668221218058584e-05
18000,5,legacy,60dB,6,1.733786941331759e-05,2.8288995209697927e-06,0.0071842741770731,0.0072342494133025,3.702401942442548e-05
18000,5,legacy,60dB,7,1.7312892503928455e-05,2.778000972693681e-06,0.0071869002626436,0.0072342494133025,3.65623380730142e-05
18000,5,legacy,40dB,0,2.104464665142073e-05,6.222631506176167e-06,0.0071527926223404,0.0072342494133025,0.0001271564538551
18000,5,legacy,40dB,1,1.9799318965893504e-05,6.1650568555528046e-06,0.0071716584957539,0.0072342494133025,0.0001294843443102
18000,5,legacy,40dB,2,2.0883462822317265e-05,5.646467136935015e-06,0.0071683150964271,0.0072342494133025,0.0001240648381081
18000,5,legacy,40dB,3,2.1485430057610287e-05,6.537743236820228e-06,0.0071677585601049,0.0072342494133025,0.0001281512083745
18000,5,legacy,40dB,4,2.111561633338844e-05,4.777065916620259e-06,0.0071120758565772,0.0072342494133025,0.0001276019589021
18000,5,legacy,40dB,5,1.994163808465157e-05,5.370961045048848e-06,0.0071969872483075,0.0072342494133025,0.0001284215049779
18000,5,legacy,40dB,6,2.078784823068376e-05,6.923916461209954e-06,0.0071445724920003,0.0072342494133025,0.000133030106511
18000,5,legacy,40dB,7,2.113965457543495e-05,6.766516603177682e-06,0.007171434923144,0.0072342494133025,0.0001282630838116
18000,5,balanced,clean,0,1.6947372652496737e-05,1.4483108643391145e-06,0.0072117180989604,0.0072342494133025,4.144096403512318e-05
18000,5,balanced,60dB,0,1.6958085499443265e-05,1.4696653420188064e-06,0.0072101602349364,0.0072342494133025,4.239107126812071e-05
18000,5,balanced,60dB,1,1.700164120539467e-05,1.5205771097914445e-06,0.0072118326971988,0.0072342494133025,4.245063046626082e-05
18000,5,balanced,60dB,2,1.6973568397979056e-05,1.5025089865769423e-06,0.0072168401600471,0.0072342494133025,4.243450849984903e-05
18000,5,balanced,60dB,3,1.696974446914895e-05,1.4479163472481157e-06,0.0072099852076773,0.0072342494133025,4.2406171679823766e-05
18000,5,balanced,60dB,4,1.6952640418211876e-05,1.4226691429201283e-06,0.0072107884089162,0.0072342494133025,4.243186277844332e-05
18000,5,balanced,60dB,5,1.688044039364156e-05,1.3699733528878006e-06,0.0072148349302121,0.0072342494133025,4.198887362867833e-05
18000,5,balanced,60dB,6,1.702356948149997e-05,1.4460534324473885e-06,0.0072082546542521,0.0072342494133025,4.2064005432022605e-05
18000,5,balanced,60dB,7,1.695186054911811e-05,1.4583983744491122e-06,0.0072095592509855,0.0072342494133025,4.250306626115956e-05
18000,5,balanced,40dB,0,1.9816806708728763e-05,4.6193637513762974e-06,0.0071989017643078,0.0072342494133025,0.0001329428512633
18000,5,balanced,40dB,1,1.866714899994221e-05,3.962204769643417e-06,0.0072140411721633,0.0072342494133025,0.0001342080596025
18000,5,balanced,40dB,2,1.94328638621991e-05,3.89992687570608e-06,0.0072651622435828,0.0072342494133025,0.0001330912966212
18000,5,balanced,40dB,3,1.9727728302553342e-05,4.481634730121832e-06,0.0071969458236137,0.0072342494133025,0.0001337532209662
18000,5,balanced,40dB,4,1.957955901961289e-05,3.6365397161919727e-06,0.0072050007072291,0.0072342494133025,0.00013461983846
18000,5,balanced,40dB,5,1.8728365203321127e-05,3.099433938030317e-06,0.0072453367266178,0.0072342494133025,0.0001309012219124
18000,5,balanced,40dB,6,2.011763091604315e-05,3.510909375639415e-06,0.0071794919418513,0.0072342494133025,0.000134006431338
18000,5,balanced,40dB,7,1.9167066482158728e-05,3.763728878873228e-06,0.0071923044340755,0.0072342494133025,0.0001399410040505
18000,8,legacy,clean,0,3.5893209344263975e-08,1.2028611077846037e-08,0.0072293004791779,0.0072342494133025,5.157317892307739e-08
18000,8,legacy,60dB,0,1.0128534295991424e-07,8.44186798080176e-08,0.0072246615079208,0.0072342494133025,8.86273208574305e-07
18000,8,legacy,60dB,1,1.15352173506841e-07,9.462917148710541e-08,0.0072279060625601,0.0072342494133025,8.445458770794925e-07
18000,8,legacy,60dB,2,1.1995835451293894e-07,9.188073470487902e-08,0.0072262455253966,0.0072342494133025,8.674266063853949e-07
18000,8,legacy,60dB,3,1.0534558287010425e-07,8.047422549789002e-08,0.0072282461378377,0.0072342494133025,8.837962609817626e-07
18000,8,legacy,60dB,4,1.1537103269900729e-07,9.682538476042872e-08,0.0072210576188186,0.0072342494133025,8.688027367111011e-07
18000,8,legacy,60dB,5,1.086457501160995e-07,9.756662080164793e-08,0.0072320756341199,0.0072342494133025,8.830064372369747e-07
18000,8,legacy,60dB,6,1.097426798802199e-07,1.1395317855542336e-07,0.0072259774728055,0.0072342494133025,8.909330902402075e-07
18000,8,legacy,60dB,7,1.345860080982242e-07,1.209757351944123e-07,0.0072261128961423,0.0072342494133025,8.750591834846063e-07
18000,8,legacy,40dB,0,6.777396395891709e-06,7.892393771115083e-06,0.0071889983484575,0.0072342494133025,8.346545718112092e-05
18000,8,legacy,40dB,1,7.698946173940792e-06,7.983140295974238e-06,0.0072222247763224,0.0072342494133025,8.136368890127904e-05
18000,8,legacy,40dB,2,7.826340005770859e-06,7.119990898870311e-06,0.0072057007367093,0.0072342494133025,8.163016909417741e-05
18000,8,legacy,40dB,3,7.144079053266137e-06,6.5716300960542455e-06,0.0072251707278841,0.0072342494133025,8.392247155230255e-05
18000,8,legacy,40dB,4,7.973369169899789e-06,8.88972608474812e-06,0.0071540145733119,0.0072342494133025,8.2942995729174e-05
18000,8,legacy,40dB,5,7.693700950253708e-06,8.973805297150695e-06,0.0072639823109316,0.0072342494133025,8.380088785618295e-05
18000,8,legacy,40dB,6,7.709254378866562e-06,9.449634966830814e-06,0.007203005281918,0.0072342494133025,8.590662849100936e-05
18000,8,legacy,40dB,7,9.644593006461692e-06,1.070218571586058e-05,0.0072060464206313,0.0072342494133025,8.378079499239772e-05
18000,8,balanced,clean,0,3.0401559803419755e-08,7.282986748208784e-09,0.0072359432212919,0.0072342494133025,6.017094012157401e-08
18000,8,balanced,60dB,0,1.0571661459634374e-07,9.091051881351155e-08,0.0072344916769879,0.0072342494133025,8.823426821012232e-07
18000,8,balanced,60dB,1,8.230874894447526e-08,6.295647492677109e-08,0.0072373725524135,0.0072342494133025,9.068583416440612e-07
18000,8,balanced,60dB,2,8.968737259677014e-08,6.714544867825129e-08,0.0072416180916213,0.0072342494133025,9.08469172342984e-07
18000,8,balanced,60dB,3,9.738096995128069e-08,8.715980154428275e-08,0.0072376596173304,0.0072342494133025,8.889762133315428e-07
18000,8,balanced,60dB,4,9.689522990929165e-08,6.727095773061999e-08,0.0072349337510776,0.0072342494133025,8.981031682711529e-07
18000,8,balanced,60dB,5,8.93336789868931e-08,7.090414046476767e-08,0.0072400909533795,0.0072342494133025,9.046275725599172e-07
18000,8,balanced,60dB,6,9.26932224273367e-08,7.872082946263957e-08,0.0072308982020917,0.0072342494133025,9.2013240992598e-07
18000,8,balanced,60dB,7,9.632510269499934e-08,7.863499491300999e-08,0.0072331579971598,0.0072342494133025,9.379310698052544e-07
18000,8,balanced,40dB,0,7.618859675657287e-06,8.17586149474001e-06,0.00722826308582,0.0072342494133025,8.121543814420076e-05
18000,8,balanced,40dB,1,5.068321844241968e-06,5.68780070454701e-06,0.0072547553809009,0.0072342494133025,8.347324844784908e-05
18000,8,balanced,40dB,2,5.828796414967749e-06,5.81016869234454e-06,0.0072978974613134,0.0072342494133025,8.35008647786308e-05
18000,8,balanced,40dB,3,7.149250501180178e-06,8.639657901994812e-06,0.0072595562365168,0.0072342494133025,8.210958512926772e-05
18000,8,balanced,40dB,4,6.740763876926741e-06,6.326740248839999e-06,0.0072318939447646,0.0072342494133025,8.346922575487777e-05
18000,8,balanced,40dB,5,6.193620694230457e-06,6.426757078875691e-06,0.0072829944401104,0.0072342494133025,8.515529935647049e-05
18000,8,balanced,40dB,6,6.315923966361093e-06,7.0121862649549065e-06,0.00719115563507,0.0072342494133025,8.633529825051442e-05
18000,8,balanced,40dB,7,6.201118012506086e-06,6.962362827403602e-06,0.0072136024609949,0.0072342494133025,8.823525376476437e-05
18000,12,legacy,clean,0,2.491155997638167e-13,1.493346030908296e-13,0.0072342264618971,0.0072342494133025,1.868642909472184e-13
18000,12,legacy,60dB,0,2.093148962778853e-07,2.1440546523854837e-07,0.007231504028937,0.0072342494133025,6.507744008317462e-07
18000,12,legacy,60dB,1,2.012209409868437e-07,2.045148865864061e-07,0.0072315756764292,0.0072342494133025,6.468228928512029e-07
18000,12,legacy,60dB,2,1.888931000375727e-07,1.9971184471368442e-07,0.0072270072736384,0.0072342494133025,6.462547223354943e-07
18000,12,legacy,60dB,3,2.0697515109005853e-07,2.023603320981089e-07,0.0072358376614207,0.0072342494133025,6.370734220618861e-07
18000,12,legacy,60dB,4,2.3356554946858958e-07,2.3800712837231826e-07,0.0072197196293184,0.0072342494133025,6.523279433588433e-07
18000,12,legacy,60dB,5,2.157222897348469e-07,2.276720594871056e-07,0.0072303741720358,0.0072342494133025,6.589191450962872e-07
18000,12,legacy,60dB,6,2.041530067932068e-07,2.252354273038267e-07,0.0072340201082808,0.0072342494133025,6.583994356643325e-07
18000,12,legacy,60dB,7,2.406974451693152e-07,2.4811345541500946e-07,0.0072277810708255,0.0072342494133025,6.548327941918077e-07
18000,12,legacy,40dB,0,2.093200185902496e-05,2.144048384633989e-05,0.0072258409874348,0.0072342494133025,6.507695284405227e-05
18000,12,legacy,40dB,1,2.01219485718116e-05,2.045041761195627e-05,0.0072258283486218,0.0072342494133025,6.468145527731476e-05
18000,12,legacy,40dB,2,1.888485474722554e-05,1.9966076857103667e-05,0.0071790305052992,0.0072342494133025,6.462480827610906e-05
18000,12,legacy,40dB,3,2.069843536966079e-05,2.023694958683181e-05,0.0072689671432338,0.0072342494133025,6.370606087574381e-05
18000,12,legacy,40dB,4,2.3349852669022218e-05,2.3798613238447708e-05,0.0071101723355265,0.0072342494133025,6.523075093869477e-05
18000,12,legacy,40dB,5,2.1567092179078026e-05,2.2763852412769763e-05,0.0072151134348079,0.0072342494133025,6.589172902247621e-05
18000,12,legacy,40dB,6,2.041403166792545e-05,2.252198831735153e-05,0.007250535429576,0.0072342494133025,6.584096426608607e-05
18000,12,legacy,40dB,7,2.406570446930498e-05,2.48084604567699e-05,0.0071914312834402,0.0072342494133025,6.548308822245522e-05
18000,12,balanced,clean,0,1.826934912910395e-13,7.853489332131231e-14,0.0072342551842297,0.0072342494133025,1.9687343274078092e-13
18000,12,balanced,60dB,0,1.9162583672737966e-07,1.9182704719138934e-07,0.0072279779822442,0.0072342494133025,6.540502221803757e-07
18000,12,balanced,60dB,1,1.7046215675663554e-07,1.6459427965779557e-07,0.0072323544914976,0.0072342494133025,6.350298543089803e-07
18000,12,balanced,60dB,2,1.769331180669775e-07,1.6676043359542565e-07,0.0072406696021183,0.0072342494133025,6.541334147689894e-07
18000,12,balanced,60dB,3,1.706603753361554e-07,1.9862068202948418e-07,0.0072383345488561,0.0072342494133025,6.480978546839893e-07
18000,12,balanced,60dB,4,1.7062260600448407e-07,1.839079524789105e-07,0.007234007476515,0.0072342494133025,6.417760650839461e-07
18000,12,balanced,60dB,5,1.6375868419553017e-07,1.864674790251387e-07,0.0072335964572549,0.0072342494133025,6.828059558363938e-07
18000,12,balanced,60dB,6,1.8655829769483718e-07,2.0746919063716594e-07,0.007227003637642,0.0072342494133025,6.691388021384654e-07
18000,12,balanced,60dB,7,1.735272480032103e-07,1.628094536406573e-07,0.0072346380532608,0.0072342494133025,6.921960169166885e-07
18000,12,balanced,40dB,0,1.916550011672756e-05,1.918449210959993e-05,0.0071887324077682,0.0072342494133025,6.540506599040376e-05
18000,12,balanced,40dB,1,1.7046018713436917e-05,1.6456970360287527e-05,0.007230589655699,0.0072342494133025,6.350507702883442e-05
18000,12,balanced,40dB,2,1.769184043357925e-05,1.66765160572196e-05,0.0073143218740131,0.0072342494133025,6.541398547809409e-05
18000,12,balanced,40dB,3,1.7065994285168745e-05,1.9862450341266432e-05,0.0072904082226698,0.0072342494133025,6.481205005064863e-05
18000,12,balanced,40dB,4,1.706234127176971e-05,1.8391424413149472e-05,0.0072471342239387,0.0072342494133025,6.417596266084773e-05
18000,12,balanced,40dB,5,1.637598727876332e-05,1.8646576104664558e-05,0.0072424063165629,0.0072342494133025,6.82762734340102e-05
18000,12,balanced,40dB,6,1.8658122362471843e-05,2.075017938480737e-05,0.007178532259382,0.0072342494133025,6.691554604589306e-05
18000,12,balanced,40dB,7,1.7352386307005725e-05,1.6279627250145895e-05,0.0072537009900117,0.0072342494133025,6.921916278204335e-05
18250,5,legacy,clean,0,1.959233553280849e-05,4.916711812562611e-06,0.0069918903328683,0.0070763944260913,4.0910877913641936e-05
18250,5,legacy,60dB,0,1.962585389486399e-05,5.004883539356005e-06,0.0069933472061783,0.0070763944260913,4.195529429763712e-05
18250,5,legacy,60dB,1,1.9649675276790947e-05,5.084220310692464e-06,0.0069859362237138,0.0070763944260913,4.191876273149289e-05
18250,5,legacy,60dB,2,1.959598582671817e-05,5.051973301729576e-06,0.0069946138255002,0.0070763944260913,4.212081642675369e-05
18250,5,legacy,60dB,3,1.9667028562211776e-05,5.098528749843024e-06,0.0069931938501036,0.0070763944260913,4.182116642419321e-05
18250,5,legacy,60dB,4,1.958491308182851e-05,4.786062956150469e-06,0.0069971472638815,0.0070763944260913,4.1890002617548655e-05
18250,5,legacy,60dB,5,1.96255568750132e-05,4.865566743789896e-06,0.0069937333701727,0.0070763944260913,4.193559416939674e-05
18250,5,legacy,60dB,6,1.962381303219872e-05,5.016157603934812e-06,0.0069940898178151,0.0070763944260913,4.1851276299739865e-05
18250,5,legacy,60dB,7,1.954788047328108e-05,4.773867965294348e-06,0.0069966998950239,0.0070763944260913,4.146231376018797e-05
18250,5,legacy,40dB,0,2.299949311479876e-05,7.955769528071538e-06,0.0070095310399292,0.0070763944260913,0.0001332696297135
18250,5,legacy,40dB,1,2.2601955638579387e-05,1.0024582117875236e-05,0.0069347854639891,0.0070763944260913,0.0001317186179602
18250,5,legacy,40dB,2,2.255747394697244e-05,9.5322892029452e-06,0.0070220538946622,0.0070763944260913,0.0001326768989122
18250,5,legacy,40dB,3,2.3394984414774936e-05,1.0795210573853031e-05,0.0070079812238096,0.0070763944260913,0.0001312792649578
18250,5,legacy,40dB,4,2.2176251110829988e-05,7.841929791614366e-06,0.0070471177830878,0.0070763944260913,0.0001365170385322
18250,5,legacy,40dB,5,2.2870313289402284e-05,7.174541015982689e-06,0.0070132664702462,0.0070763944260913,0.0001338017479683
18250,5,legacy,40dB,6,2.284217343309908e-05,9.44404281692098e-06,0.0070168202452424,0.0070763944260913,0.0001341629677324
18250,5,legacy,40dB,7,2.173334326149692e-05,7.147375800221159e-06,0.0070425715127481,0.0070763944260913,0.0001310081546023
18250,5,balanced,clean,0,1.911529910487098e-05,1.5419098637343192e-06,0.0070516546504091,0.0070763944260913,4.727513255023895e-05
18250,5,balanced,60dB,0,1.9091067339889335e-05,1.6133765895435215e-06,0.0070503924173459,0.0070763944260913,4.76274082780991e-05
18250,5,balanced,60dB,1,1.9128499633460443e-05,1.593423473318198e-06,0.0070512525078732,0.0070763944260913,4.874032041810786e-05
18250,5,balanced,60dB,2,1.9127996992463615e-05,1.5806234129413132e-06,0.0070501121119038,0.0070763944260913,4.8667069194829005e-05
18250,5,balanced,60dB,3,1.9180954191949896e-05,1.6323680863561074e-06,0.0070520159566274,0.0070763944260913,4.811377324722293e-05
18250,5,balanced,60dB,4,1.9148512751853143e-05,1.5070692743730173e-06,0.0070437035334509,0.0070763944260913,4.791679445922114e-05
18250,5,balanced,60dB,5,1.915973176282282e-05,1.5424321762077514e-06,0.0070484848390919,0.0070763944260913,4.842638993833286e-05
18250,5,balanced,60dB,6,1.916055245831918e-05,1.5843711401915986e-06,0.0070479694945954,0.0070763944260913,4.799366141905769e-05
18250,5,balanced,60dB,7,1.9174163584133083e-05,1.5703772565964214e-06,0.0070484895491054,0.0070763944260913,4.826422913025559e-05
18250,5,balanced,40dB,0,2.1104241795543464e-05,4.1660704191872444e-06,0.0070412635801174,0.0070763944260913,0.0001340871380781
18250,5,balanced,40dB,1,2.143988251629022e-05,5.090509629237227e-06,0.0070498258031752,0.0070763944260913,0.0001431435480645
18250,5,balanced,40dB,2,2.148816634436072e-05,4.940849727896952e-06,0.0070384751537195,0.0070763944260913,0.0001400302946513
18250,5,balanced,40dB,3,2.2102951738265444e-05,5.501840110402915e-06,0.0070575988143538,0.0070763944260913,0.0001380264958246
18250,5,balanced,40dB,4,2.1799453305544027e-05,5.25194446791033e-06,0.0069744954985575,0.0070763944260913,0.0001399372157629
18250,5,balanced,40dB,5,2.2613625945074983e-05,4.110036578636401e-06,0.0070230105374971,0.0070763944260913,0.0001435532296466
18250,5,balanced,40dB,6,2.1833285225198195e-05,4.8684726466408975e-06,0.0070170685448579,0.0070763944260913,0.000136910492358
18250,5,balanced,40dB,7,2.2571997554627597e-05,5.529682152543221e-06,0.0070228716910294,0.0070763944260913,0.0001406978736191
18250,8,legacy,clean,0,4.053753826095074e-08,1.0469490809023537e-08,0.0070763861054548,0.0070763944260913,6.246326343392915e-08
18250,8,legacy,60dB,0,1.2338454260772072e-07,7.676336554021866e-08,0.0070778822223441,0.0070763944260913,8.80247968879456e-07
18250,8,legacy,60dB,1,1.1701261544659257e-07,6.532123709514126e-08,0.0070737791336408,0.0070763944260913,8.693753482694224e-07
18250,8,legacy,60dB,2,1.1768087131921748e-07,8.501669324170057e-08,0.0070804780901576,0.0070763944260913,8.687585145000946e-07
18250,8,legacy,60dB,3,1.277597670634987e-07,8.49239112964863e-08,0.0070766005428227,0.0070763944260913,8.914567804893029e-07
18250,8,legacy,60dB,4,1.234522503455285e-07,1.007781044749115e-07,0.0070786693131454,0.0070763944260913,9.089512147355522e-07
18250,8,legacy,60dB,5,1.1557102792618901e-07,8.980725278008102e-08,0.007078443848646,0.0070763944260913,8.976315177364176e-07
18250,8,legacy,60dB,6,1.0805935627933185e-07,9.2256070305612e-08,0.0070786058902073,0.0070763944260913,9.059964544294216e-07
18250,8,legacy,60dB,7,9.92983062300932e-08,7.073141907281979e-08,0.0070788250072595,0.0070763944260913,9.296017248101142e-07
18250,8,legacy,40dB,0,7.827582562980875e-06,6.02232742558874e-06,0.0070983058493293,0.0070763944260913,8.137109609714579e-05
18250,8,legacy,40dB,1,8.16105980201986e-06,6.5963566786094426e-06,0.0070576721588068,0.0070763944260913,8.056222339442502e-05
18250,8,legacy,40dB,2,7.49283543277077e-06,7.275279558739111e-06,0.007123986817047,0.0070763944260913,7.980819731454942e-05
18250,8,legacy,40dB,3,7.915728051801009e-06,7.246366108995021e-06,0.0070855334473592,0.0070763944260913,8.166561344887793e-05
18250,8,legacy,40dB,4,7.641584393463232e-06,8.524521040751872e-06,0.0071059900820951,0.0070763944260913,8.56749281924668e-05
18250,8,legacy,40dB,5,7.94995137343171e-06,7.534551247349593e-06,0.007104122616306,0.0070763944260913,8.240055570221306e-05
18250,8,legacy,40dB,6,6.412931548670486e-06,7.037014686463696e-06,0.0071042811288103,0.0070763944260913,8.516355354890071e-05
18250,8,legacy,40dB,7,7.101059081569213e-06,6.434237430845922e-06,0.0071072480373654,0.0070763944260913,8.478048589558359e-05
18250,8,balanced,clean,0,3.820647505255629e-08,9.259567568034031e-09,0.0070794650482626,0.0070763944260913,7.268999298762097e-08
18250,8,balanced,60dB,0,1.0120900267620813e-07,4.760257269231727e-08,0.0070760428837372,0.0070763944260913,9.0517057218498e-07
18250,8,balanced,60dB,1,1.1362661953780345e-07,6.925344175776437e-08,0.0070836304926092,0.0070763944260913,8.781758149310311e-07
18250,8,balanced,60dB,2,1.112488426906669e-07,7.146266761740183e-08,0.0070788847570999,0.0070763944260913,8.370960026817969e-07
18250,8,balanced,60dB,3,1.0347710285742953e-07,7.3527960716447e-08,0.0070817910292792,0.0070763944260913,9.247147929766514e-07
18250,8,balanced,60dB,4,1.0205501619469337e-07,7.459063874742978e-08,0.0070727469122642,0.0070763944260913,9.166789416517456e-07
18250,8,balanced,60dB,5,1.101020598121801e-07,7.059891520005467e-08,0.0070727773083942,0.0070763944260913,9.147421303784168e-07
18250,8,balanced,60dB,6,1.0556979229982809e-07,7.931956058868807e-08,0.0070776561755729,0.0070763944260913,8.685145454119677e-07
18250,8,balanced,60dB,7,1.1410645960562772e-07,7.21920968680866e-08,0.0070799832440604,0.0070763944260913,9.207808102726668e-07
18250,8,balanced,40dB,0,6.880835418495749e-06,3.832943309452582e-06,0.0070514560066755,0.0070763944260913,8.271323916958983e-05
18250,8,balanced,40dB,1,7.015096141561505e-06,5.832777908848121e-06,0.0071273421799508,0.0070763944260913,8.071453119928509e-05
18250,8,balanced,40dB,2,6.826143348946938e-06,6.12035206183187e-06,0.0070797196498331,0.0070763944260913,7.82554582087195e-05
18250,8,balanced,40dB,3,6.098012105981932e-06,5.940890441348972e-06,0.0071081319577814,0.0070763944260913,8.375943704042636e-05
18250,8,balanced,40dB,4,6.874221952592681e-06,7.404186586111271e-06,0.0070184812183443,0.0070763944260913,8.590378653379074e-05
18250,8,balanced,40dB,5,7.309707001410963e-06,5.846393320687723e-06,0.0070191401942574,0.0070763944260913,8.445336382755532e-05
18250,8,balanced,40dB,6,6.758302600088548e-06,6.33425513251957e-06,0.0070674227843182,0.0070763944260913,8.155547951434029e-05
18250,8,balanced,40dB,7,7.533330732295508e-06,6.4637272406675706e-06,0.0070913831306526,0.0070763944260913,8.375428987547989e-05
18250,12,legacy,clean,0,3.09698602076248e-13,3.2608382359688065e-13,0.0070763843209141,0.0070763944260913,2.4895034578801764e-13
18250,12,legacy,60dB,0,2.008457977327233e-07,1.8049867515560257e-07,0.0070773108018851,0.0070763944260913,6.429719970019646e-07
18250,12,legacy,60dB,1,2.402378710277546e-07,1.9641770879590665e-07,0.0070809287090696,0.0070763944260913,6.174345088485664e-07
18250,12,legacy,60dB,2,1.8332536975867957e-07,1.816250923768917e-07,0.0070811023428051,0.0070763944260913,6.313306723494486e-07
18250,12,legacy,60dB,3,1.812593571911372e-07,1.9168246378421653e-07,0.0070736863380981,0.0070763944260913,6.405476496768401e-07
18250,12,legacy,60dB,4,1.9394899134189694e-07,2.0561028532174613e-07,0.0070821840777009,0.0070763944260913,6.786065351737921e-07
18250,12,legacy,60dB,5,2.0249857304359361e-07,1.905044892644421e-07,0.0070765766156926,0.0070763944260913,6.107375552904106e-07
18250,12,legacy,60dB,6,2.083885265115569e-07,1.747876215420786e-07,0.0070785890193982,0.0070763944260913,6.553132447908699e-07
18250,12,legacy,60dB,7,2.2290845147735574e-07,2.005100237507231e-07,0.0070752736983102,0.0070763944260913,6.534846293004083e-07
18250,12,legacy,40dB,0,2.008726184671394e-05,1.805468854268305e-05,0.0071037279372804,0.0070763944260913,6.429627818526798e-05
18250,12,legacy,40dB,1,2.402775972537783e-05,1.9646084272174652e-05,0.0071434535862717,0.0070763944260913,6.17406063051616e-05
18250,12,legacy,40dB,2,1.8336637062490545e-05,1.816710858337522e-05,0.0071400679259764,0.0070763944260913,6.31323872601353e-05
18250,12,legacy,40dB,3,1.812598518147938e-05,1.916947330301191e-05,0.0070657178871513,0.0070763944260913,6.405355478115105e-05
18250,12,legacy,40dB,4,1.93927526846848e-05,2.0558583599485448e-05,0.0071518351543407,0.0070763944260913,6.786401551120414e-05
18250,12,legacy,40dB,5,2.025345260982345e-05,1.90537267686271e-05,0.0070965357383659,0.0070763944260913,6.107519736113307e-05
18250,12,legacy,40dB,6,2.0842974660759715e-05,1.7474856551751106e-05,0.0071171903979385,0.0070763944260913,6.552818357135222e-05
18250,12,legacy,40dB,7,2.228972816546204e-05,2.0047410595431044e-05,0.0070853387413128,0.0070763944260913,6.534806149331796e-05
18250,12,balanced,clean,0,2.5067079242942265e-13,1.4521721280006597e-13,0.0070763965656466,0.0070763944260913,2.6653554288910274e-13
18250,12,balanced,60dB,0,1.6205902772971518e-07,1.3921514062807773e-07,0.0070726980264131,0.0070763944260913,6.562045773960292e-07
18250,12,balanced,60dB,1,1.698767150513261e-07,1.4209319325073137e-07,0.007089531960945,0.0070763944260913,6.31665157014539e-07
18250,12,balanced,60dB,2,1.6667012708013089e-07,1.5910178985064106e-07,0.0070785123465216,0.0070763944260913,6.243150545662833e-07
18250,12,balanced,60dB,3,1.7858055971475585e-07,1.7892254461286858e-07,0.0070735251478104,0.0070763944260913,6.692413953875565e-07
18250,12,balanced,60dB,4,1.83021643172912e-07,1.9417877058148962e-07,0.0070673703011555,0.0070763944260913,6.890056895363418e-07
18250,12,balanced,60dB,5,1.7869653319197353e-07,1.5450472297676884e-07,0.0070699253970285,0.0070763944260913,6.725901834779462e-07
18250,12,balanced,60dB,6,1.691022814003185e-07,1.727100410541269e-07,0.0070771309433701,0.0070763944260913,6.23887897198629e-07
18250,12,balanced,60dB,7,1.8627423216937717e-07,1.627673448072429e-07,0.0070752818323237,0.0070763944260913,6.45328608156436e-07
18250,12,balanced,40dB,0,1.6205901147954487e-05,1.3924096062285628e-05,0.0070539964864384,0.0070763944260913,6.561925763258924e-05
18250,12,balanced,40dB,1,1.6984780328533813e-05,1.4206459159774473e-05,0.0072230365340649,0.0070763944260913,6.316660754340401e-05
18250,12,balanced,40dB,2,1.6668295803350388e-05,1.5914365094402332e-05,0.0071125559711856,0.0070763944260913,6.24328918245425e-05
18250,12,balanced,40dB,3,1.785425153006212e-05,1.7886721609107952e-05,0.0070637508354737,0.0070763944260913,6.692459099408341e-05
18250,12,balanced,40dB,4,1.8300635519463742e-05,1.9414421346673803e-05,0.0070026043420799,0.0070763944260913,6.89009881994578e-05
18250,12,balanced,40dB,5,1.7868865834210524e-05,1.5447841045231793e-05,0.0070277667822237,0.0070763944260913,6.725783276502267e-05
18250,12,balanced,40dB,6,1.6907312455837316e-05,1.7270762858469203e-05,0.0070989566347793,0.0070763944260913,6.239200058006704e-05
18250,12,balanced,40dB,7,1.8626935973676128e-05,1.6280134282761702e-05,0.0070820134283256,0.0070763944260913,6.453529932756639e-05
18500,5,legacy,clean,0,2.317790055365166e-05,1.6481086224794104e-06,0.0069139611920522,0.0069238914682786,4.63464014733761e-05
18500,5,legacy,60dB,0,2.316460553383139e-05,1.7297923164177975e-06,0.006911281626223,0.0069238914682786,4.731150952800336e-05
18500,5,legacy,60dB,1,2.3442979204884685e-05,1.646732042469985e-06,0.0069233676627201,0.0069238914682786,4.724351469890437e-05
18500,5,legacy,60dB,2,2.3195309253607396e-05,1.6841064780969312e-06,0.0069145918761299,0.0069238914682786,4.659270751463605e-05
18500,5,legacy,60dB,3,2.320625217080157e-05,1.6926216696858113e-06,0.0069094073893392,0.0069238914682786,4.6998436422642165e-05
18500,5,legacy,60dB,4,2.3121311648998848e-05,1.6074441319566163e-06,0.0069149295633381,0.0069238914682786,4.742501180864512e-05
18500,5,legacy,60dB,5,2.320692179638528e-05,1.6374762167648406e-06,0.0069125027526413,0.0069238914682786,4.709558654548367e-05
18500,5,legacy,60dB,6,2.327418451644608e-05,1.6376319038116928e-06,0.0069086178347478,0.0069238914682786,4.727216075815586e-05
18500,5,legacy,60dB,7,2.3190988132393905e-05,1.705002436770361e-06,0.0069137111496547,0.0069238914682786,4.744971004702923e-05
18500,5,legacy,40dB,0,2.642475873279545e-05,5.354782624645669e-06,0.0068905453421382,0.0069238914682786,0.0001364819565958
18500,5,legacy,40dB,1,2.9644839647377644e-05,3.644822998906363e-06,0.0070118420513126,0.0069238914682786,0.0001387755002199
18500,5,legacy,40dB,2,2.542200298833096e-05,4.621599930327647e-06,0.006922338048265,0.0069238914682786,0.0001308104699477
18500,5,legacy,40dB,3,2.606338441495474e-05,4.834075147312663e-06,0.0068710251326123,0.0069238914682786,0.0001365919303432
18500,5,legacy,40dB,4,2.5466484246419683e-05,3.2083431690598294e-06,0.0069264993776505,0.0069238914682786,0.0001399386992954
18500,5,legacy,40dB,5,2.5665179911351024e-05,3.862479984927873e-06,0.0069015738648741,0.0069238914682786,0.0001318317917647
18500,5,legacy,40dB,6,2.7464226075628368e-05,5.437079949536406e-06,0.0068638511049021,0.0069238914682786,0.0001385003645539
18500,5,legacy,40dB,7,2.632843235327197e-05,5.459428385497887e-06,0.00691448042409,0.0069238914682786,0.000144719292782
18500,5,balanced,clean,0,2.1428498484715327e-05,1.6936287739972492e-06,0.0069750315071309,0.0069238914682786,5.375805820069135e-05
18500,5,balanced,60dB,0,2.1512274558640173e-05,1.7683449344719638e-06,0.006977476374288,0.0069238914682786,5.506340411666979e-05
18500,5,balanced,60dB,1,2.149079678643131e-05,1.8225457975564135e-06,0.0069719606614255,0.0069238914682786,5.438681123039948e-05
18500,5,balanced,60dB,2,2.1511344324658112e-05,1.835915868027988e-06,0.0069793784518589,0.0069238914682786,5.431212468559648e-05
18500,5,balanced,60dB,3,2.142781170833409e-05,1.6534823941384334e-06,0.0069704847175491,0.0069238914682786,5.461401989463477e-05
18500,5,balanced,60dB,4,2.154138885459419e-05,1.8517444876822256e-06,0.0069820779069264,0.0069238914682786,5.496679380372757e-05
18500,5,balanced,60dB,5,2.1377967942056265e-05,1.6466748209846756e-06,0.0069728320664869,0.0069238914682786,5.409477059301841e-05
18500,5,balanced,60dB,6,2.1467711360244127e-05,1.6851077824883615e-06,0.006978429775675,0.0069238914682786,5.525644949601044e-05
18500,5,balanced,60dB,7,2.1390113923757997e-05,1.6008870538684042e-06,0.0069670477740311,0.0069238914682786,5.424593782347982e-05
18500,5,balanced,40dB,0,2.4526610183576472e-05,3.498338778553444e-06,0.007001740529662,0.0069238914682786,0.0001488832456464
18500,5,balanced,40dB,1,2.4738416222424808e-05,5.805554288237478e-06,0.0069470099847978,0.0069238914682786,0.0001445143501371
18500,5,balanced,40dB,2,2.466732238210729e-05,5.497854686793383e-06,0.0070209113199088,0.0069238914682786,0.0001404838562922
18500,5,balanced,40dB,3,2.4069202845114755e-05,2.941551524886068e-06,0.0069322111834371,0.0069238914682786,0.000145968293861
18500,5,balanced,40dB,4,2.5375945537993144e-05,5.788843033303913e-06,0.00704831404844,0.0069238914682786,0.0001487987158664
18500,5,balanced,40dB,5,2.3325050012097837e-05,3.539708871231975e-06,0.0069554389576453,0.0069238914682786,0.0001350260701468
18500,5,balanced,40dB,6,2.4158138193889632e-05,3.3290378710611758e-06,0.0070113517035258,0.0069238914682786,0.0001534603111544
18500,5,balanced,40dB,7,2.3612903459955493e-05,3.7302486385943007e-06,0.0068977624267178,0.0069238914682786,0.0001458252763536
18500,8,legacy,clean,0,4.566489918463443e-08,2.0162938098009673e-08,0.00692085308221,0.0069238914682786,7.558532027675026e-08
18500,8,legacy,60dB,0,1.233825923442816e-07,8.372713128231647e-08,0.0069214612141022,0.0069238914682786,8.958113258720349e-07
18500,8,legacy,60dB,1,1.2261257236219864e-07,8.190944328688855e-08,0.0069328718411454,0.0069238914682786,9.076720534422008e-07
18500,8,legacy,60dB,2,1.3117283128136852e-07,1.0913273742632878e-07,0.0069221894699411,0.0069238914682786,8.854580435218536e-07
18500,8,legacy,60dB,3,1.1317289629092909e-07,9.771795648419649e-08,0.0069185926346188,0.0069238914682786,9.294551061961752e-07
18500,8,legacy,60dB,4,1.2393358021902754e-07,1.0487007510449563e-07,0.0069237073703857,0.0069238914682786,8.970085708682107e-07
18500,8,legacy,60dB,5,1.1014408107823135e-07,9.371243520638257e-08,0.006921173832368,0.0069238914682786,8.451971979693907e-07
18500,8,legacy,60dB,6,1.3787816220894565e-07,1.1733791184044849e-07,0.0069167457967011,0.0069238914682786,8.899117759063489e-07
18500,8,legacy,60dB,7,1.237499201249691e-07,1.220660291320021e-07,0.0069199311972028,0.0069238914682786,9.563339114534948e-07
18500,8,legacy,40dB,0,7.575784498142977e-06,6.178805576645649e-06,0.0069336873437994,0.0069238914682786,8.234807208533358e-05
18500,8,legacy,40dB,1,8.142413150132027e-06,7.829561828693703e-06,0.0070483679430835,0.0069238914682786,8.35379574797824e-05
18500,8,legacy,40dB,2,7.590886890949685e-06,9.247269210852515e-06,0.0069409071021917,0.0069238914682786,8.12132504666867e-05
18500,8,legacy,40dB,3,6.856935846496392e-06,7.493485211701824e-06,0.0069043847972742,0.0069238914682786,8.535135168049401e-05
18500,8,legacy,40dB,4,8.14986967270136e-06,8.65199376487483e-06,0.0069567174819303,0.0069238914682786,8.244330114618797e-05
18500,8,legacy,40dB,5,6.831393424736371e-06,8.929562268072282e-06,0.006930201520497,0.0069238914682786,7.816345848759078e-05
18500,8,legacy,40dB,6,9.334403395054005e-06,9.804700483454876e-06,0.0068881468329867,0.0069238914682786,8.262343721582942e-05
18500,8,legacy,40dB,7,8.436742905369296e-06,1.047608886214768e-05,0.0069192444599348,0.0069238914682786,8.774781704784107e-05
18500,8,balanced,clean,0,4.808682460072292e-08,1.1197432438298647e-08,0.0069201498443496,0.0069238914682786,8.743297650040174e-08
18500,8,balanced,60dB,0,1.1735737664024997e-07,8.31034271317056e-08,0.0069242209054834,0.0069238914682786,9.05560031444316e-07
18500,8,balanced,60dB,1,1.207987144976206e-07,9.053006512483633e-08,0.0069201327841455,0.0069238914682786,9.491646418457274e-07
18500,8,balanced,60dB,2,1.109324410566119e-07,6.601171457976339e-08,0.0069250850828173,0.0069238914682786,8.97674128935566e-07
18500,8,balanced,60dB,3,1.2377208649878104e-07,8.672769073768419e-08,0.0069139618653789,0.0069238914682786,8.910060557170719e-07
18500,8,balanced,60dB,4,1.0785856770870896e-07,7.534296350388444e-08,0.0069266943445321,0.0069238914682786,9.261992672486942e-07
18500,8,balanced,60dB,5,1.1735006420736848e-07,8.646655941534936e-08,0.0069175675738858,0.0069238914682786,8.613523203482793e-07
18500,8,balanced,60dB,6,9.838910068076342e-08,7.236347484627915e-08,0.0069220297842063,0.0069238914682786,9.438383600403182e-07
18500,8,balanced,60dB,7,1.2521703389546186e-07,1.1305821068610255e-07,0.0069096205849833,0.0069238914682786,9.42235447578468e-07
18500,8,balanced,40dB,0,6.635507675240503e-06,6.826881423247898e-06,0.0069667551710187,0.0069238914682786,8.19009851468247e-05
18500,8,balanced,40dB,1,7.450998811118282e-06,8.137599716057812e-06,0.0069266550353964,0.0069238914682786,8.473785310687158e-05
18500,8,balanced,40dB,2,6.45302771535602e-06,6.388069464578874e-06,0.0069752787137531,0.0069238914682786,8.313084319261368e-05
18500,8,balanced,40dB,3,7.414913278323666e-06,7.82873840944568e-06,0.006864880028478,0.0069238914682786,8.181072348819006e-05
18500,8,balanced,40dB,4,6.5793947789210725e-06,7.146257761216668e-06,0.0069915284366983,0.0069238914682786,8.386509325614682e-05
18500,8,balanced,40dB,5,6.706647783430432e-06,7.339933063559852e-06,0.0069002930682748,0.0069238914682786,7.712602372908634e-05
18500,8,balanced,40dB,6,5.639692181745636e-06,6.391878133985216e-06,0.006944037825513,0.0069238914682786,8.523040158030752e-05
18500,8,balanced,40dB,7,7.133514154006367e-06,1.024622476202569e-05,0.0068211713759235,0.0069238914682786,8.663079030345591e-05
18500,12,legacy,clean,0,4.579041357486552e-13,2.302132003765973e-13,0.0069238851870858,0.0069238914682786,3.331929093187977e-13
18500,12,legacy,60dB,0,1.8776914767118845e-07,1.8635212671961059e-07,0.0069255722169514,0.0069238914682786,6.527520149682547e-07
18500,12,legacy,60dB,1,1.781201343399656e-07,1.467116008095796e-07,0.0069324037667876,0.0069238914682786,6.841783480814472e-07
18500,12,legacy,60dB,2,1.9652687501175506e-07,1.918328577017546e-07,0.0069239380128602,0.0069238914682786,6.296454352537024e-07
18500,12,legacy,60dB,3,2.3283419476170734e-07,2.315115988406765e-07,0.0069214586071726,0.0069238914682786,6.423201408738914e-07
18500,12,legacy,60dB,4,2.2984766359051466e-07,2.254054485408903e-07,0.0069295141796622,0.0069238914682786,6.254053301992586e-07
18500,12,legacy,60dB,5,1.6373254835041242e-07,1.8674157200352337e-07,0.0069250661794773,0.0069238914682786,6.190853363036801e-07
18500,12,legacy,60dB,6,2.1306328696102485e-07,2.1404839782594002e-07,0.0069142518076276,0.0069238914682786,6.602294295690409e-07
18500,12,legacy,60dB,7,2.2825303960579265e-07,2.353530931672001e-07,0.0069201767883255,0.0069238914682786,6.779659346249286e-07
18500,12,legacy,40dB,0,1.8777494109997116e-05,1.8638712729482112e-05,0.0069576552924956,0.0069238914682786,6.527769217167236e-05
18500,12,legacy,40dB,1,1.7812255174711983e-05,1.467098940019221e-05,0.007025102042056,0.0069238914682786,6.84211076595802e-05
18500,12,legacy,40dB,2,1.9652943840232727e-05,1.9182657579213368e-05,0.0069421011240405,0.0069238914682786,6.296507288340106e-05
18500,12,legacy,40dB,3,2.327559529092571e-05,2.3147071726595e-05,0.0069205666454175,0.0069238914682786,6.423096746372084e-05
18500,12,legacy,40dB,4,2.298440512587292e-05,2.25405623287558e-05,0.0070008610454606,0.0069238914682786,6.254347800410001e-05
18500,12,legacy,40dB,5,1.6375322339150985e-05,1.8671852231383487e-05,0.0069504331119772,0.0069238914682786,6.19085108907233e-05
18500,12,legacy,40dB,6,2.1301385353038357e-05,2.139903560040905e-05,0.0068467221491084,0.0069238914682786,6.602014551340655e-05
18500,12,legacy,40dB,7,2.2830306400726626e-05,2.353930520190776e-05,0.0069073489796084,0.0069238914682786,6.779360496433932e-05
18500,12,balanced,clean,0,3.776703496693661e-13,1.480856225862532e-13,0.0069238789241807,0.0069238914682786,3.619888998290045e-13
18500,12,balanced,60dB,0,1.7104844876856106e-07,1.6583289189491757e-07,0.0069299709319548,0.0069238914682786,6.624253781544155e-07
18500,12,balanced,60dB,1,2.011779348840605e-07,1.9437812554059146e-07,0.0069276635432028,0.0069238914682786,6.571809075429551e-07
18500,12,balanced,60dB,2,1.799284488769982e-07,1.666877102580913e-07,0.0069339041562881,0.0069238914682786,6.33549136597857e-07
18500,12,balanced,60dB,3,1.8563742447257777e-07,1.840568878228022e-07,0.0069198613524916,0.0069238914682786,6.30859307873471e-07
18500,12,balanced,60dB,4,1.567725484540477e-07,1.778898482293302e-07,0.0069294367312032,0.0069238914682786,6.720505591428694e-07
18500,12,balanced,60dB,5,1.747268770557727e-07,1.7023433947719136e-07,0.0069225819984011,0.0069238914682786,6.020409211278734e-07
18500,12,balanced,60dB,6,1.8240348502823458e-07,1.8753552227969298e-07,0.006924880534773,0.0069238914682786,6.65832605213951e-07
18500,12,balanced,60dB,7,1.7018527536580505e-07,1.9873254469877245e-07,0.0069169042777023,0.0069238914682786,6.815568199996324e-07
18500,12,balanced,40dB,0,1.7106573845993247e-05,1.658766296608277e-05,0.0070001950946788,0.0069238914682786,6.624140581661834e-05
18500,12,balanced,40dB,1,2.012189446114176e-05,1.944198801704277e-05,0.0069798352329131,0.0069238914682786,6.571423361456247e-05
18500,12,balanced,40dB,2,1.7994544592067955e-05,1.667162183250287e-05,0.007040326508757,0.0069238914682786,6.335956828864848e-05
18500,12,balanced,40dB,3,1.856731646042919e-05,1.84117400690042e-05,0.0069004141529049,0.0069238914682786,6.308799011530944e-05
18500,12,balanced,40dB,4,1.5674995371150286e-05,1.7787803537451818e-05,0.006993564267691,0.0069238914682786,6.720734335074724e-05
18500,12,balanced,40dB,5,1.7476116598783756e-05,1.702431398678788e-05,0.0069266385176118,0.0069238914682786,6.020645209732463e-05
18500,12,balanced,40dB,6,1.823754785200316e-05,1.875051275004767e-05,0.0069503085465042,0.0069238914682786,6.658263514437457e-05
18500,12,balanced,40dB,7,1.7016131592462975e-05,1.987371682999457e-05,0.0068694467416344,0.0069238914682786,6.815396725512835e-05
18750,5,legacy,clean,0,2.545707937356423e-05,4.399698451734955e-06,0.0067199293879817,0.0067760307139249,5.243397763358636e-05
18750,5,legacy,60dB,0,2.549492718872478e-05,4.450445443539974e-06,0.006719555677324,0.0067760307139249,5.344191147480954e-05
18750,5,legacy,60dB,1,2.551074111104753e-05,4.403260333685111e-06,0.0067138562505252,0.0067760307139249,5.331728150387e-05
18750,5,legacy,60dB,2,2.5437566741556565e-05,4.337058003563689e-06,0.0067190370940455,0.0067760307139249,5.330544582726751e-05
18750,5,legacy,60dB,3,2.552338825820961e-05,4.350212584731999e-06,0.0067205121621123,0.0067760307139249,5.3894838168148205e-05
18750,5,legacy,60dB,4,2.555295577913813e-05,4.5040274873867305e-06,0.0067173834050223,0.0067760307139249,5.289751198511711e-05
18750,5,legacy,60dB,5,2.5541035373203537e-05,4.560378727007672e-06,0.0067124403294068,0.0067760307139249,5.337031941593716e-05
18750,5,legacy,60dB,6,2.5610050710147765e-05,4.587057723883715e-06,0.0067214046503916,0.0067760307139249,5.430564768447116e-05
18750,5,legacy,60dB,7,2.5392407604270117e-05,4.310011520622353e-06,0.0067202323481821,0.0067760307139249,5.329584374222657e-05
18750,5,legacy,40dB,0,2.799139335699305e-05,6.910731849160267e-06,0.006718348117236,0.0067760307139249,0.0001433168691812
18750,5,legacy,40dB,1,2.9005432460517457e-05,7.033998359107101e-06,0.0066622097491288,0.0067760307139249,0.0001426058489119
18750,5,legacy,40dB,2,2.9021198778595125e-05,7.803735608827269e-06,0.0067147656943451,0.0067760307139249,0.0001441152547953
18750,5,legacy,40dB,3,2.941517996121847e-05,6.598836624409974e-06,0.0067290521410285,0.0067760307139249,0.0001452986963956
18750,5,legacy,40dB,4,2.9685625114599588e-05,8.518136989890752e-06,0.0066977393400728,0.0067760307139249,0.0001395412470272
18750,5,legacy,40dB,5,2.8663849737484908e-05,8.647316323385792e-06,0.0066474060126005,0.0067760307139249,0.000142824385669
18750,5,legacy,40dB,6,3.0141419346618805e-05,9.488542221210226e-06,0.0067378366386876,0.0067760307139249,0.0001590264511292
18750,5,legacy,40dB,7,2.7196394224783343e-05,6.342890928146759e-06,0.00672534502253,0.0067760307139249,0.0001468427256519
18750,5,balanced,clean,0,2.429539761099388e-05,1.8380481284830776e-06,0.0067470185644308,0.0067760307139249,6.091287292446889e-05
18750,5,balanced,60dB,0,2.426108773166888e-05,1.7669169441794749e-06,0.0067518210412539,0.0067760307139249,6.216480845709276e-05
18750,5,balanced,60dB,1,2.437302161253925e-05,1.8649192391143528e-06,0.0067456442994143,0.0067760307139249,6.21000343443727e-05
18750,5,balanced,60dB,2,2.4437919115592703e-05,1.9504637189526644e-06,0.0067469822901241,0.0067760307139249,6.193876912434954e-05
18750,5,balanced,60dB,3,2.4301934214669857e-05,1.852924661284728e-06,0.006743665822755,0.0067760307139249,6.145935859067034e-05
18750,5,balanced,60dB,4,2.430400840149369e-05,1.8964601331354995e-06,0.0067469068867017,0.0067760307139249,6.154137043043635e-05
18750,5,balanced,60dB,5,2.4322673798696758e-05,1.8253773832122003e-06,0.0067393788763491,0.0067760307139249,6.192662126583082e-05
18750,5,balanced,60dB,6,2.4306311615625028e-05,1.8414981015448337e-06,0.0067412203492862,0.0067760307139249,6.182731286294409e-05
18750,5,balanced,60dB,7,2.4234857857335077e-05,1.7663126829382594e-06,0.0067474750324858,0.0067760307139249,6.137382469055511e-05
18750,5,balanced,40dB,0,2.611137135935092e-05,4.127509960669114e-06,0.0067972024052031,0.0067760307139249,0.0001518531563569
18750,5,balanced,40dB,1,2.7792568006753263e-05,5.327649750085963e-06,0.0067359968446454,0.0067760307139249,0.0001534307228275
18750,5,balanced,40dB,2,2.87854655452251e-05,5.775619387583794e-06,0.0067497206742517,0.0067760307139249,0.000154889146192
18750,5,balanced,40dB,3,2.65391803616442e-05,4.143453952387364e-06,0.0067156695643863,0.0067760307139249,0.0001460294940208
18750,5,balanced,40dB,4,2.697705577685226e-05,4.76340446103203e-06,0.0067484973373999,0.0067760307139249,0.000151159524025
18750,5,balanced,40dB,5,2.75182159630102e-05,4.280325785501528e-06,0.006673571740088,0.0067760307139249,0.0001500476493336
18750,5,balanced,40dB,6,2.720336660189456e-05,5.033273224190154e-06,0.0066918352419293,0.0067760307139249,0.0001578623147207
18750,5,balanced,40dB,7,2.5734622370699903e-05,3.298801170683337e-06,0.0067536278672769,0.0067760307139249,0.0001514715357976
18750,8,legacy,clean,0,6.085334163788705e-08,1.792223100446342e-08,0.0067721317262665,0.0067760307139249,9.145692099806793e-08
18750,8,legacy,60dB,0,1.3037028146175896e-07,7.97052557375836e-08,0.0067737712698664,0.0067760307139249,9.322691763498444e-07
18750,8,legacy,60dB,1,1.290010807445386e-07,8.171890773313438e-08,0.0067657244629209,0.0067760307139249,9.225616667069832e-07
18750,8,legacy,60dB,2,1.4089716003434265e-07,9.443344045268313e-08,0.0067708722892051,0.0067760307139249,9.040398019634528e-07
18750,8,legacy,60dB,3,1.5030049070825024e-07,8.317878782522796e-08,0.0067694815264271,0.0067760307139249,8.77398047524427e-07
18750,8,legacy,60dB,4,1.3990720516821096e-07,9.11871666429649e-08,0.0067689254329483,0.0067760307139249,9.159009763517247e-07
18750,8,legacy,60dB,5,1.3693899930021672e-07,1.0644711828114673e-07,0.0067647768451815,0.0067760307139249,8.978328031920414e-07
18750,8,legacy,60dB,6,1.4487815569792578e-07,1.0805143882753309e-07,0.0067760361891584,0.0067760307139249,9.8060422213004e-07
18750,8,legacy,60dB,7,1.204245326408386e-07,9.919882709851997e-08,0.00676885830567,0.0067760307139249,9.539911769845528e-07
18750,8,legacy,40dB,0,6.461390056108812e-06,5.395602099311324e-06,0.0067942325295819,0.0067760307139249,8.240168788813365e-05
18750,8,legacy,40dB,1,6.120963352533122e-06,6.343650146843384e-06,0.0067134377254308,0.0067760307139249,8.33989019714142e-05
18750,8,legacy,40dB,2,8.089068502721905e-06,7.916575334046906e-06,0.0067667651326303,0.0067760307139249,8.351958002656642e-05
18750,8,legacy,40dB,3,8.430610676384627e-06,6.53128071686364e-06,0.0067531050137165,0.0067760307139249,7.848821064535503e-05
18750,8,legacy,40dB,4,8.009968429287648e-06,7.680468605518524e-06,0.0067472273695366,0.0067760307139249,8.327546449703666e-05
18750,8,legacy,40dB,5,7.172916946787303e-06,8.010427594255418e-06,0.0067049341224459,0.0067760307139249,8.025979033042826e-05
18750,8,legacy,40dB,6,9.667436417298584e-06,9.683777654763964e-06,0.0068199426901214,0.0067760307139249,8.801001388249603e-05
18750,8,legacy,40dB,7,6.400850173542646e-06,8.661834161848923e-06,0.0067451418052238,0.0067760307139249,8.59382408436853e-05
18750,8,balanced,clean,0,5.4498194980114064e-08,1.4426132103317274e-08,0.0067766238879573,0.0067760307139249,1.0501251598270928e-07
18750,8,balanced,60dB,0,1.2968811022676625e-07,9.117223474066929e-08,0.0067839315280898,0.0067760307139249,9.052417499555468e-07
18750,8,balanced,60dB,1,1.2727530470203485e-07,9.894088675892213e-08,0.0067778207729979,0.0067760307139249,9.308596100570808e-07
18750,8,balanced,60dB,2,1.343014786200661e-07,9.345130520285416e-08,0.0067783223850819,0.0067760307139249,9.120821478878734e-07
18750,8,balanced,60dB,3,1.233091189325928e-07,6.559767594533377e-08,0.0067726850892969,0.0067760307139249,8.938514817849534e-07
18750,8,balanced,60dB,4,1.201120957040411e-07,8.249885481925666e-08,0.0067801790110506,0.0067760307139249,9.487884296227074e-07
18750,8,balanced,60dB,5,1.3418400396291414e-07,9.525125657326197e-08,0.0067679368131456,0.0067760307139249,9.202007080495474e-07
18750,8,balanced,60dB,6,1.1270163183458853e-07,7.998072849048713e-08,0.0067692843899103,0.0067760307139249,1.009981969084628e-06
18750,8,balanced,60dB,7,1.1006443468582743e-07,6.930431302852604e-08,0.006777104006544,0.0067760307139249,9.535632183705706e-07
18750,8,balanced,40dB,0,7.331077849291613e-06,7.568065298104623e-06,0.0068562249697843,0.0067760307139249,7.840781793370041e-05
18750,8,balanced,40dB,1,6.804599667892596e-06,8.013756194747402e-06,0.0067946150687387,0.0067760307139249,8.131470050561933e-05
18750,8,balanced,40dB,2,8.423690676412307e-06,7.683183989400984e-06,0.0068011800188489,0.0067760307139249,8.202352210508755e-05
18750,8,balanced,40dB,3,6.860703030237946e-06,5.322466797214179e-06,0.0067433539969492,0.0067760307139249,7.994077509327515e-05
18750,8,balanced,40dB,4,6.698949406505006e-06,6.696836825252582e-06,0.006818163431095,0.0067760307139249,8.452144586192325e-05
18750,8,balanced,40dB,5,7.087805687565628e-06,7.091719750147542e-06,0.0066959895892438,0.0067760307139249,8.006151580597617e-05
18750,8,balanced,40dB,6,6.246338117992109e-06,6.960669405792014e-06,0.0067088387130419,0.0067760307139249,9.010005805094404e-05
18750,8,balanced,40dB,7,6.015041996193884e-06,5.908395481277456e-06,0.0067868299552285,0.0067760307139249,8.690491623604518e-05
18750,12,legacy,clean,0,6.552155786886914e-13,4.292605477247913e-13,0.0067759933702619,0.0067760307139249,4.507071352356569e-13
18750,12,legacy,60dB,0,1.767883310587219e-07,1.7894718363451018e-07,0.0067758535661732,0.0067760307139249,6.549998430536492e-07
18750,12,legacy,60dB,1,1.834334029341591e-07,1.978301088517439e-07,0.0067721652812006,0.0067760307139249,6.482232332305724e-07
18750,12,legacy,60dB,2,1.9574566079953017e-07,2.130426554138564e-07,0.0067775282134973,0.0067760307139249,6.412790771080966e-07
18750,12,legacy,60dB,3,1.941655434372571e-07,2.160670883309374e-07,0.0067725787755009,0.0067760307139249,6.210947532626812e-07
18750,12,legacy,60dB,4,1.9253910135588888e-07,1.973039723994607e-07,0.0067750560626178,0.0067760307139249,6.520427567341689e-07
18750,12,legacy,60dB,5,2.082489353339132e-07,2.188385488046849e-07,0.0067699676441599,0.0067760307139249,6.226841535574273e-07
18750,12,legacy,60dB,6,2.3665808676646094e-07,2.56131930492938e-07,0.0067766318135469,0.0067760307139249,6.669490567485766e-07
18750,12,legacy,60dB,7,1.790048687647228e-07,2.060657228131515e-07,0.0067743633615703,0.0067760307139249,6.623635187591882e-07
18750,12,legacy,40dB,0,1.7679804070526976e-05,1.789657969319567e-05,0.0067905072560311,0.0067760307139249,6.549527039667563e-05
18750,12,legacy,40dB,1,1.8340640413737984e-05,1.978162206873715e-05,0.0067542187919302,0.0067760307139249,6.482244562201379e-05
18750,12,legacy,40dB,2,1.957509783567209e-05,2.130473684488563e-05,0.0068089594497404,0.0067760307139249,6.412665694131506e-05
18750,12,legacy,40dB,3,1.9418388776308357e-05,2.160732864781223e-05,0.00675932416189,0.0067760307139249,6.211521074827668e-05
18750,12,legacy,40dB,4,1.924709032534697e-05,1.972444925384329e-05,0.006783941999029,0.0067760307139249,6.52024261316716e-05
18750,12,legacy,40dB,5,2.0826899008191228e-05,2.1882713573402893e-05,0.0067344805247937,0.0067760307139249,6.226418919166276e-05
18750,12,legacy,40dB,6,2.366688619864649e-05,2.561087034747252e-05,0.0068036781143395,0.0067760307139249,6.669616960285963e-05
18750,12,legacy,40dB,7,1.790099593819509e-05,2.0606498225813967e-05,0.0067758042364934,0.0067760307139249,6.624195764082544e-05
18750,12,balanced,clean,0,4.725408913507636e-13,2.506554439436585e-13,0.0067760366937908,0.0067760307139249,4.934184457592332e-13
18750,12,balanced,60dB,0,1.6964262939013613e-07,1.834607059074091e-07,0.0067823036780499,0.0067760307139249,6.270559158859944e-07
18750,12,balanced,60dB,1,1.860070564903023e-07,2.104907006653647e-07,0.0067736576667493,0.0067760307139249,6.316666918048749e-07
18750,12,balanced,60dB,2,1.8399999175980785e-07,1.9909107722167938e-07,0.0067734511895542,0.0067760307139249,6.444294825321626e-07
18750,12,balanced,60dB,3,1.5247623769447398e-07,1.4957050452502994e-07,0.00677755401801,0.0067760307139249,6.424602705023512e-07
18750,12,balanced,60dB,4,1.652886753766262e-07,1.8050178732483637e-07,0.0067724374113203,0.0067760307139249,6.661859103180618e-07
18750,12,balanced,60dB,5,1.586726868430583e-07,1.833638263753089e-07,0.0067732000853409,0.0067760307139249,6.19559368943891e-07
18750,12,balanced,60dB,6,1.780463836168154e-07,1.8572078959284842e-07,0.0067693358426414,0.0067760307139249,6.980035929043805e-07
18750,12,balanced,60dB,7,1.928916595053259e-07,1.9342370706706362e-07,0.0067821251000637,0.0067760307139249,6.660620862194901e-07
18750,12,balanced,40dB,0,1.6962352277283605e-05,1.8347756829041626e-05,0.0068539724666178,0.0067760307139249,6.270074922765655e-05
18750,12,balanced,40dB,1,1.860161354352183e-05,2.104712867313087e-05,0.0067689879706067,0.0067760307139249,6.316200726915502e-05
18750,12,balanced,40dB,2,1.8403483594629124e-05,1.9913882405094e-05,0.0067667451393546,0.0067760307139249,6.443880218350359e-05
18750,12,balanced,40dB,3,1.5253200000743271e-05,1.496422412212904e-05,0.0068049383778597,0.0067760307139249,6.42495053170013e-05
18750,12,balanced,40dB,4,1.6531955446576814e-05,1.805184494029209e-05,0.0067549229420313,0.0067760307139249,6.661603265216639e-05
18750,12,balanced,40dB,5,1.5867296498304474e-05,1.8334255404611364e-05,0.0067619511831746,0.0067760307139249,6.195252655518816e-05
18750,12,balanced,40dB,6,1.780735022947353e-05,1.857470793631136e-05,0.0067250550729431,0.0067760307139249,6.979981585627573e-05
18750,12,balanced,40dB,7,1.9279421153124056e-05,1.933287970203983e-05,0.0068542712653308,0.0067760307139249,6.660200462748356e-05
19000,5,legacy,clean,0,2.7989300263456425e-05,5.843694444946311e-06,0.0065723970422237,0.0066321941792261,5.934156224256778e-05
19000,5,legacy,60dB,0,2.80294166697331e-05,5.845691272089171e-06,0.0065692377732458,0.0066321941792261,6.05082222983959e-05
19000,5,legacy,60dB,1,2.8094054540083623e-05,5.978863955168217e-06,0.0065702040157396,0.0066321941792261,6.0078395887713314e-05
19000,5,legacy,60dB,2,2.8049017038276787e-05,5.892185450263519e-06,0.006570747787197,0.0066321941792261,6.052915546764982e-05
19000,5,legacy,60dB,3,2.793196812433621e-05,5.768691330215251e-06,0.0065732817715094,0.0066321941792261,5.983910700977056e-05
19000,5,legacy,60dB,4,2.8110624118139172e-05,6.038501453852828e-06,0.0065736026406761,0.0066321941792261,5.954260811857656e-05
19000,5,legacy,60dB,5,2.8055125237340207e-05,6.061071281224662e-06,0.0065686480940515,0.0066321941792261,6.032402407954122e-05
19000,5,legacy,60dB,6,2.7965748331526775e-05,5.969961976175421e-06,0.0065721677259777,0.0066321941792261,6.006511782843912e-05
19000,5,legacy,60dB,7,2.800979195092825e-05,6.055473584882999e-06,0.0065725705555345,0.0066321941792261,6.038336892411568e-05
19000,5,legacy,40dB,0,3.100199784082108e-05,9.454367174767227e-06,0.0065434158859597,0.0066321941792261,0.0001588774595663
19000,5,legacy,40dB,1,3.181288961717368e-05,1.0407615323585952e-05,0.0065532428239703,0.0066321941792261,0.0001494411849512
19000,5,legacy,40dB,2,3.1269289935503376e-05,8.778620836705932e-06,0.0065585873138809,0.0066321941792261,0.0001535476658986
19000,5,legacy,40dB,3,2.974765683708112e-05,8.057241226999145e-06,0.0065835760130458,0.0066321941792261,0.0001484519838082
19000,5,legacy,40dB,4,3.199409848961402e-05,1.1383213334276655e-05,0.0065872445864274,0.0066321941792261,0.000151451685735
19000,5,legacy,40dB,5,3.2376780473209745e-05,1.1165847351007488e-05,0.0065386367909732,0.0066321941792261,0.0001486044715457
19000,5,legacy,40dB,6,3.096617344539526e-05,1.0332584934260234e-05,0.0065733162722653,0.0066321941792261,0.0001462957718109
19000,5,legacy,40dB,7,3.199539719669549e-05,1.199381594774956e-05,0.0065779333553906,0.0066321941792261,0.0001571328710796
19000,5,balanced,clean,0,2.7531923025631586e-05,2.329234275872898e-06,0.0066169153217576,0.0066321941792261,6.877039651482848e-05
19000,5,balanced,60dB,0,2.7591035110131108e-05,2.51492101114586e-06,0.0066222220628647,0.0066321941792261,6.918471290094878e-05
19000,5,balanced,60dB,1,2.756303474405443e-05,2.284263700452031e-06,0.006614187200357,0.0066321941792261,6.92649781454062e-05
19000,5,balanced,60dB,2,2.757251491961457e-05,2.4090941899280304e-06,0.0066150547649386,0.0066321941792261,6.882983045034455e-05
19000,5,balanced,60dB,3,2.7538527800078223e-05,2.392112243001502e-06,0.0066206452156183,0.0066321941792261,7.030811242007094e-05
19000,5,balanced,60dB,4,2.7609534379302303e-05,2.405713403960898e-06,0.0066169618581632,0.0066321941792261,6.905955136353173e-05
19000,5,balanced,60dB,5,2.753188905807429e-05,2.376271437820253e-06,0.0066158180813961,0.0066321941792261,6.967064229489703e-05
19000,5,balanced,60dB,6,2.749552490314653e-05,2.3386041604843336e-06,0.0066130132702306,0.0066321941792261,6.930673888074603e-05
19000,5,balanced,60dB,7,2.7469575817118624e-05,2.396309114605377e-06,0.0066158687223543,0.0066321941792261,7.052717201065668e-05
19000,5,balanced,40dB,0,3.0382290753158988e-05,6.704017171127859e-06,0.006672241979712,0.0066321941792261,0.0001621998951664
19000,5,balanced,40dB,1,3.053771827146997e-05,4.761886013858113e-06,0.0065923287858136,0.0066321941792261,0.0001552120704109
19000,5,balanced,40dB,2,3.0223296218670823e-05,6.410041827960589e-06,0.0066005952078212,0.0066321941792261,0.0001503563357381
19000,5,balanced,40dB,3,2.98382574830632e-05,5.897819122650083e-06,0.0066564545470778,0.0066321941792261,0.0001686358422426
19000,5,balanced,40dB,4,3.087160111537625e-05,5.999414377497688e-06,0.0066199442503667,0.0066321941792261,0.0001622379219532
19000,5,balanced,40dB,5,2.9851547428174744e-05,5.681720487646487e-06,0.0066082628822215,0.0066321941792261,0.0001597991748408
19000,5,balanced,40dB,6,2.882882813917533e-05,4.590422273975005e-06,0.0065795556928265,0.0066321941792261,0.0001544139767616
19000,5,balanced,40dB,7,2.9462423454340887e-05,5.650161460335194e-06,0.0066090033002388,0.0066321941792261,0.0001756530476371
19000,8,legacy,clean,0,6.811691043670085e-08,1.2593731986830622e-08,0.0066342391813535,0.0066321941792261,1.1053967066278746e-07
19000,8,legacy,60dB,0,1.4153672142662005e-07,1.0313260087236052e-07,0.0066339482909089,0.0066321941792261,9.86555238587028e-07
19000,8,legacy,60dB,1,1.527351213780468e-07,7.583552952586655e-08,0.0066303677259924,0.0066321941792261,9.402934113951006e-07
19000,8,legacy,60dB,2,1.2241814481378388e-07,5.5474123300031366e-08,0.0066299732752644,0.0066321941792261,9.526642463937676e-07
19000,8,legacy,60dB,3,1.3099579687795218e-07,7.431058413538528e-08,0.0066360330385458,0.0066321941792261,9.867137877957355e-07
19000,8,legacy,60dB,4,1.4598417773419296e-07,1.029599019578458e-07,0.0066343036040083,0.0066321941792261,1.0256175497536137e-06
19000,8,legacy,60dB,5,1.6158725764582054e-07,8.532155042292189e-08,0.0066297980985283,0.0066321941792261,8.812094906040171e-07
19000,8,legacy,60dB,6,1.5233204485757193e-07,7.93013807990513e-08,0.0066363492334756,0.0066321941792261,9.033169217311813e-07
19000,8,legacy,60dB,7,1.4556683181642397e-07,7.964163660891218e-08,0.0066360010498603,0.0066321941792261,9.662294310943767e-07
19000,8,legacy,40dB,0,7.910046712070439e-06,9.539203094790918e-06,0.0066384380085987,0.0066321941792261,8.690248448890427e-05
19000,8,legacy,40dB,1,7.912856957300945e-06,6.292410269363659e-06,0.0066025231856801,0.0066321941792261,8.25901577224246e-05
19000,8,legacy,40dB,2,6.323938046677328e-06,4.382542997993191e-06,0.006597292929255,0.0066321941792261,8.309424444791197e-05
19000,8,legacy,40dB,3,6.437954332134694e-06,6.111764238319861e-06,0.0066579188018339,0.0066321941792261,8.626466221458037e-05
19000,8,legacy,40dB,4,8.37634833550924e-06,8.246802969018955e-06,0.0066424129666529,0.0066321941792261,9.040105186663084e-05
19000,8,legacy,40dB,5,9.70349651996546e-06,7.405603790123868e-06,0.0065985290292388,0.0066321941792261,7.736368280845273e-05
19000,8,legacy,40dB,6,9.146248547915622e-06,6.7211555213486e-06,0.0066635756828677,0.0066321941792261,7.927393967287837e-05
19000,8,legacy,40dB,7,8.684670861444813e-06,8.182887266872835e-06,0.0066596999211584,0.0066321941792261,8.710678531286559e-05
19000,8,balanced,clean,0,6.776499381281796e-08,1.6889136680697954e-08,0.006636034680725,0.0066321941792261,1.2644999796230072e-07
19000,8,balanced,60dB,0,1.353537334530968e-07,8.518040965690045e-08,0.0066364157950386,0.0066321941792261,1.0101329775329827e-06
19000,8,balanced,60dB,1,1.3127536205514622e-07,8.66238774084066e-08,0.0066313586174108,0.0066321941792261,9.379448342694446e-07
19000,8,balanced,60dB,2,1.166396000565014e-07,8.00065758663686e-08,0.0066315153951267,0.0066321941792261,9.369173841591688e-07
19000,8,balanced,60dB,3,1.173448256332577e-07,7.645438472340918e-08,0.006638020678817,0.0066321941792261,1.0138177106280544e-06
19000,8,balanced,60dB,4,1.3568135505957146e-07,8.490054513291113e-08,0.0066325634541518,0.0066321941792261,1.0491975661882932e-06
19000,8,balanced,60dB,5,1.2792953450103858e-07,8.561160932192908e-08,0.0066331165933722,0.0066321941792261,9.45950600161598e-07
19000,8,balanced,60dB,6,1.2364867083565077e-07,6.647741029161388e-08,0.0066320113474507,0.0066321941792261,9.340821430235408e-07
19000,8,balanced,60dB,7,1.7564968840126017e-07,1.0329904017537624e-07,0.0066379558580031,0.0066321941792261,9.986324731785304e-07
19000,8,balanced,40dB,0,7.344160656024706e-06,6.607420806367613e-06,0.0066464463321267,0.0066321941792261,8.93247887032098e-05
19000,8,balanced,40dB,1,6.13598540541759e-06,7.18947383235562e-06,0.0065947071643114,0.0066321941792261,8.167318023046399e-05
19000,8,balanced,40dB,2,5.42541363148961e-06,6.3382991241710775e-06,0.0065957107273169,0.0066321941792261,8.271258893653873e-05
19000,8,balanced,40dB,3,5.295142887918779e-06,5.97984016601626e-06,0.00666062624122,0.0066321941792261,8.571240079783717e-05
19000,8,balanced,40dB,4,7.056259274364808e-06,6.434255129572415e-06,0.0066076317456609,0.0066321941792261,9.195946901474564e-05
19000,8,balanced,40dB,5,6.427284950257378e-06,6.8018838205224095e-06,0.0066126116817466,0.0066321941792261,8.240374166349004e-05
19000,8,balanced,40dB,6,5.4145315437939386e-06,4.619707967611649e-06,0.0066005892777612,0.0066321941792261,8.140751028634034e-05
19000,8,balanced,40dB,7,9.298711721141506e-06,7.201304172101598e-06,0.0066633985532873,0.0066321941792261,8.744410307822942e-05
19000,12,legacy,clean,0,6.635314775349731e-13,5.749276398858289e-13,0.0066321981306963,0.0066321941792261,6.133911044653412e-13
19000,12,legacy,60dB,0,1.936383722992013e-07,2.3022884217636282e-07,0.0066303383385513,0.0066321941792261,6.682005209177761e-07
19000,12,legacy,60dB,1,2.16071693820179e-07,1.6383384289142498e-07,0.0066268432211603,0.0066321941792261,6.413290297614588e-07
19000,12,legacy,60dB,2,1.948410526927321e-07,1.6207527444997888e-07,0.0066306662850267,0.0066321941792261,6.419050024079062e-07
19000,12,legacy,60dB,3,1.8985692612068846e-07,1.918319559986151e-07,0.0066391714461223,0.0066321941792261,6.797152693647485e-07
19000,12,legacy,60dB,4,2.1380113178257493e-07,1.9163740537045129e-07,0.0066322370911499,0.0066321941792261,7.040267764826693e-07
19000,12,legacy,60dB,5,2.169566800855186e-07,1.883197297453035e-07,0.0066294049091553,0.0066321941792261,6.080897841225332e-07
19000,12,legacy,60dB,6,2.0518336387197403e-07,1.5937358687466778e-07,0.0066347556220774,0.0066321941792261,6.291067781193258e-07
19000,12,legacy,60dB,7,2.175949577361971e-07,1.812336186940723e-07,0.0066360589159046,0.0066321941792261,6.838447491822566e-07
19000,12,legacy,40dB,0,1.936152780792215e-05,2.3021622970187767e-05,0.0066310253593034,0.0066321941792261,6.682406306864294e-05
19000,12,legacy,40dB,1,2.160567772722945e-05,1.6375483826853888e-05,0.0065980940020972,0.0066321941792261,6.413421628178275e-05
19000,12,legacy,40dB,2,1.948363011327692e-05,1.620822816773097e-05,0.0066344148995584,0.0066321941792261,6.419354570212834e-05
19000,12,legacy,40dB,3,1.899081316302634e-05,1.9181549626829717e-05,0.0067190235348293,0.0066321941792261,6.797027688070623e-05
19000,12,legacy,40dB,4,2.137710873266024e-05,1.9156050657456366e-05,0.006651826838619,0.0066321941792261,7.04012148350166e-05
19000,12,legacy,40dB,5,2.1696302589353087e-05,1.882924125209347e-05,0.006623792657047,0.0066321941792261,6.081191491176011e-05
19000,12,legacy,40dB,6,2.051665832971556e-05,1.5930734372907146e-05,0.0066762378751704,0.0066321941792261,6.290352565690813e-05
19000,12,legacy,40dB,7,2.176150046286396e-05,1.8125140346685045e-05,0.0066903915396367,0.0066321941792261,6.838850593976873e-05
19000,12,balanced,clean,0,6.362146416045687e-13,3.7569871946261385e-13,0.0066322086265499,0.0066321941792261,6.704479979772946e-13
19000,12,balanced,60dB,0,1.887339488967e-07,1.740746583452392e-07,0.0066332628351026,0.0066321941792261,7.021787984744868e-07
19000,12,balanced,60dB,1,1.7050009426856452e-07,1.7762204283127786e-07,0.0066258963226493,0.0066321941792261,6.307582444824163e-07
19000,12,balanced,60dB,2,1.660462532418254e-07,1.9531706009393607e-07,0.0066253342205361,0.0066321941792261,6.498504603231923e-07
19000,12,balanced,60dB,3,1.4371817799287034e-07,1.4459631100076288e-07,0.0066352555682167,0.0066321941792261,6.82556715553534e-07
19000,12,balanced,60dB,4,2.009527622861129e-07,1.8560155020351378e-07,0.0066263565472382,0.0066321941792261,7.21159750965117e-07
19000,12,balanced,60dB,5,1.8073718891610066e-07,1.822253968942435e-07,0.0066234538589346,0.0066321941792261,6.498955608404068e-07
19000,12,balanced,60dB,6,1.6033015574362474e-07,1.4708161608147618e-07,0.0066258422051658,0.0066321941792261,6.502741814469046e-07
19000,12,balanced,60dB,7,1.931842682394129e-07,1.747346270687982e-07,0.0066298331682157,0.0066321941792261,6.765448686468659e-07
19000,12,balanced,40dB,0,1.8877129287425383e-05,1.7410793829927493e-05,0.0066597405076015,0.0066321941792261,7.021186943063104e-05
19000,12,balanced,40dB,1,1.705663483040832e-05,1.7769671338285522e-05,0.006584437227158,0.0066321941792261,6.307315961094285e-05
19000,12,balanced,40dB,2,1.660541428291516e-05,1.953665364506837e-05,0.0065784095238885,0.0066321941792261,6.498224671407339e-05
19000,12,balanced,40dB,3,1.4371737561713422e-05,1.4459884384527374e-05,0.0066756126047255,0.0066321941792261,6.826105469360319e-05
19000,12,balanced,40dB,4,2.0105526881424295e-05,1.857794292357549e-05,0.0065917838384173,0.0066321941792261,7.211957782572759e-05
19000,12,balanced,40dB,5,1.8075437646766177e-05,1.822206824493371e-05,0.0065609290218803,0.0066321941792261,6.49878166560681e-05
19000,12,balanced,40dB,6,1.603438123617433e-05,1.4700971996599116e-05,0.0065829754981135,0.0066321941792261,6.502626785957431e-05
19000,12,balanced,40dB,7,1.9323358681393625e-05,1.748038373780718e-05,0.0066258455649331,0.0066321941792261,6.765212090613137e-05
19250,5,legacy,clean,0,3.26846916079002e-05,2.865808722987644e-06,0.0065039716726438,0.0064918522887306,6.70915686763537e-05
19250,5,legacy,60dB,0,3.276292640735787e-05,2.9573392767975317e-06,0.0065020541626344,0.0064918522887306,6.833905103493309e-05
19250,5,legacy,60dB,1,3.2646790999256e-05,2.7726727290907217e-06,0.0065027418530009,0.0064918522887306,6.797722053354397e-05
19250,5,legacy,60dB,2,3.275400799025067e-05,3.046237177163062e-06,0.0064949241622623,0.0064918522887306,6.778201705351775e-05
19250,5,legacy,60dB,3,3.2724741942709575e-05,2.8696067618501592e-06,0.0065069634453271,0.0064918522887306,6.835449921449483e-05
19250,5,legacy,60dB,4,3.283952476925515e-05,3.076259796835283e-06,0.0065041373960057,0.0064918522887306,6.85972972099259e-05
19250,5,legacy,60dB,5,3.283932545976836e-05,2.888789111493608e-06,0.0065139181819525,0.0064918522887306,6.819407801965616e-05
19250,5,legacy,60dB,6,3.264913232248856e-05,2.9117735054417397e-06,0.0065097649585162,0.0064918522887306,6.747373935213814e-05
19250,5,legacy,60dB,7,3.2684463582140924e-05,2.857670638704568e-06,0.0064988809856846,0.0064918522887306,6.774735721560219e-05
19250,5,legacy,40dB,0,3.639687183775497e-05,5.906070464281246e-06,0.0064877264047848,0.0064918522887306,0.0001625440559432
19250,5,legacy,40dB,1,3.4317159747999595e-05,3.5503078627913275e-06,0.0064936849504413,0.0064918522887306,0.0001560756391656
19250,5,legacy,40dB,2,3.71699313714162e-05,8.683255060224804e-06,0.006417288644769,0.0064918522887306,0.0001558417383508
19250,5,legacy,40dB,3,3.6402596699861845e-05,5.611556443084433e-06,0.006537206801221,0.0064918522887306,0.0001698654901843
19250,5,legacy,40dB,4,3.6973054346244776e-05,7.445874730886374e-06,0.0065083689373879,0.0064918522887306,0.0001649379358684
19250,5,legacy,40dB,5,3.673963483220111e-05,6.377766591420096e-06,0.0066059453704367,0.0064918522887306,0.0001626526857433
19250,5,legacy,40dB,6,3.49632321254532e-05,6.090651182656856e-06,0.0065645386647394,0.0064918522887306,0.0001527408444632
19250,5,legacy,40dB,7,3.58697806190386e-05,4.495860117924001e-06,0.0064562521723207,0.0064918522887306,0.0001572247670204
19250,5,balanced,clean,0,3.0784732605886446e-05,1.8467961232643972e-06,0.0065344425921273,0.0064918522887306,7.739017484798843e-05
19250,5,balanced,60dB,0,3.088394982735642e-05,1.902277951391845e-06,0.006541098620571,0.0064918522887306,7.833430165636974e-05
19250,5,balanced,60dB,1,3.082494026889778e-05,1.8834100043347285e-06,0.0065305644261866,0.0064918522887306,7.795392611921467e-05
19250,5,balanced,60dB,2,3.083107310840451e-05,1.9529829441757608e-06,0.0065314813253329,0.0064918522887306,7.748123515967774e-05
19250,5,balanced,60dB,3,3.080984375204524e-05,1.7477016975509284e-06,0.0065315139739853,0.0064918522887306,7.801494586599293e-05
19250,5,balanced,60dB,4,3.076584511950975e-05,1.7553849452618366e-06,0.0065310855290332,0.0064918522887306,7.832278660447588e-05
19250,5,balanced,60dB,5,3.082696082973437e-05,1.8794095235538383e-06,0.0065338944946003,0.0064918522887306,7.770344034703024e-05
19250,5,balanced,60dB,6,3.0761083365853214e-05,1.8098186423813032e-06,0.0065332834977848,0.0064918522887306,7.872803285931455e-05
19250,5,balanced,60dB,7,3.083198512093072e-05,1.87582451355871e-06,0.0065389852646158,0.0064918522887306,7.806015553568173e-05
19250,5,balanced,40dB,0,3.46490486124933e-05,4.93310363824639e-06,0.0066038750203566,0.0064918522887306,0.0001698329701559
19250,5,balanced,40dB,1,3.355200545172047e-05,4.400931508615814e-06,0.0064980261289359,0.0064918522887306,0.0001630358400947
19250,5,balanced,40dB,2,3.2846797248841126e-05,4.366679163754277e-06,0.0065064285838013,0.0064918522887306,0.0001631284111449
19250,5,balanced,40dB,3,3.420580030071549e-05,3.731579848652772e-06,0.0065083263669407,0.0064918522887306,0.0001739879531721
19250,5,balanced,40dB,4,3.3202806839794464e-05,3.028707171397233e-06,0.0065034789102846,0.0064918522887306,0.0001697177684723
19250,5,balanced,40dB,5,3.358064802527859e-05,4.255242025222416e-06,0.0065313352500383,0.0064918522887306,0.0001644739985277
19250,5,balanced,40dB,6,3.256466826748049e-05,3.1493101185466816e-06,0.006524868076765,0.0064918522887306,0.0001733122062734
19250,5,balanced,40dB,7,3.362248719322477e-05,4.111759183716329e-06,0.0065822345464494,0.0064918522887306,0.0001675606290113
19250,8,legacy,clean,0,7.744625284081327e-08,3.216046706985966e-08,0.0064895316983357,0.0064918522887306,1.331986021189369e-07
19250,8,legacy,60dB,0,1.5639213484344986e-07,1.3659444505446746e-07,0.0064869386974756,0.0064918522887306,9.60691696287019e-07
19250,8,legacy,60dB,1,1.4642675161182118e-07,1.0701337580494793e-07,0.0064878243567062,0.0064918522887306,9.402943362192068e-07
19250,8,legacy,60dB,2,1.721820146321545e-07,1.29413655298561e-07,0.0064799595527895,0.0064918522887306,9.298560640927736e-07
19250,8,legacy,60dB,3,1.5531243653314506e-07,1.332801313472232e-07,0.0064931264801004,0.0064918522887306,1.0555512211868803e-06
19250,8,legacy,60dB,4,1.400052002379815e-07,1.0962242278317169e-07,0.0064927763849518,0.0064918522887306,9.74067158140975e-07
19250,8,legacy,60dB,5,1.3689052363124913e-07,1.1590034019397727e-07,0.0064965391682538,0.0064918522887306,9.94501645195092e-07
19250,8,legacy,60dB,6,1.624892461480154e-07,1.1762781357549929e-07,0.0064977855366782,0.0064918522887306,9.45283768064783e-07
19250,8,legacy,60dB,7,1.700767118629794e-07,1.249796852775849e-07,0.0064824086131031,0.0064918522887306,9.417619722508216e-07
19250,8,legacy,40dB,0,7.915048868930544e-06,9.286984902447182e-06,0.0064706498335309,0.0064918522887306,8.296088247572126e-05
19250,8,legacy,40dB,1,6.534934556124408e-06,7.183266089343666e-06,0.0064782259653558,0.0064918522887306,8.006725100997573e-05
19250,8,legacy,40dB,2,9.689246901651976e-06,8.897497328672778e-06,0.006402474685904,0.0064918522887306,8.144088472011056e-05
19250,8,legacy,40dB,3,8.252373836865852e-06,1.017041073176362e-05,0.0065328757817301,0.0064918522887306,9.149783462874014e-05
19250,8,legacy,40dB,4,7.080974914361162e-06,8.618396858013253e-06,0.0065283565036843,0.0064918522887306,8.310084492193966e-05
19250,8,legacy,40dB,5,6.522189057286569e-06,9.02189512269098e-06,0.0065654566976127,0.0064918522887306,8.601447293197335e-05
19250,8,legacy,40dB,6,8.097205897390343e-06,8.266896946113941e-06,0.0065792394114724,0.0064918522887306,8.219395379414653e-05
19250,8,legacy,40dB,7,8.740846621133506e-06,8.937988952010147e-06,0.006426037941788,0.0064918522887306,8.310459148050345e-05
19250,8,balanced,clean,0,8.197872160522079e-08,1.9778197020026106e-08,0.0064875255149974,0.0064918522887306,1.5283703828791326e-07
19250,8,balanced,60dB,0,1.3836503204945274e-07,8.589059322925634e-08,0.0064937251677475,0.0064918522887306,9.98843657939483e-07
19250,8,balanced,60dB,1,1.4978155923992417e-07,9.066585043669953e-08,0.0064851036827521,0.0064918522887306,9.22540442924152e-07
19250,8,balanced,60dB,2,1.4459173226406706e-07,9.27961706423869e-08,0.0064823904840093,0.0064918522887306,9.76578946086545e-07
19250,8,balanced,60dB,3,1.59981350843667e-07,1.3807531826509798e-07,0.0064863945559489,0.0064918522887306,1.037915369391705e-06
19250,8,balanced,60dB,4,1.552531874229449e-07,1.0460609723380317e-07,0.0064830262970902,0.0064918522887306,9.766529738382074e-07
19250,8,balanced,60dB,5,1.4213443425345794e-07,1.1739568187578808e-07,0.0064867078885706,0.0064918522887306,9.6246338046116e-07
19250,8,balanced,60dB,6,1.351867020803924e-07,7.318512711701346e-08,0.0064856201390397,0.0064918522887306,1.0013947095343794e-06
19250,8,balanced,60dB,7,1.481527141309522e-07,1.0332867784813924e-07,0.0064929971743397,0.0064918522887306,9.606410999419818e-07
19250,8,balanced,40dB,0,6.224719902069061e-06,6.822434180327557e-06,0.0065551009205743,0.0064918522887306,8.462812369969586e-05
19250,8,balanced,40dB,1,6.747273103615995e-06,7.658281448345358e-06,0.0064692944585495,0.0064918522887306,7.919764611234351e-05
19250,8,balanced,40dB,2,6.262806759754739e-06,6.749068220944719e-06,0.0064417299030479,0.0064918522887306,8.467421727012764e-05
19250,8,balanced,40dB,3,8.104164950837295e-06,1.0059104796696055e-05,0.0064834580844489,0.0064918522887306,8.9668274678145e-05
19250,8,balanced,40dB,4,6.964752600975158e-06,8.229515048593507e-06,0.0064486833651467,0.0064918522887306,8.243407153507404e-05
19250,8,balanced,40dB,5,6.179983402919668e-06,8.547988653172607e-06,0.0064848456982842,0.0064918522887306,8.467775007341159e-05
19250,8,balanced,40dB,6,5.224442578152819e-06,5.690174664852547e-06,0.006473082139472,0.0064918522887306,8.41826863436e-05
19250,8,balanced,40dB,7,6.964914125148776e-06,8.011605416995792e-06,0.0065484633038989,0.0064918522887306,8.420945741848206e-05
19250,12,legacy,clean,0,9.032395654362348e-13,4.75466936580541e-13,0.0064918462673633,0.0064918522887306,8.337609676551637e-13
19250,12,legacy,60dB,0,2.169348847185375e-07,2.3043262612632814e-07,0.006485634808909,0.0064918522887306,6.484988517865917e-07
19250,12,legacy,60dB,1,1.5702027308152446e-07,1.6925525308605765e-07,0.0064942409014553,0.0064918522887306,6.383412414356765e-07
19250,12,legacy,60dB,2,2.240987198152352e-07,2.1568732228409257e-07,0.0064794036224683,0.0064918522887306,6.396485771663168e-07
19250,12,legacy,60dB,3,2.1768704978528078e-07,2.497459311941536e-07,0.0064940235205608,0.0064918522887306,7.050204706087428e-07
19250,12,legacy,60dB,4,2.0533549381785906e-07,2.32280405037352e-07,0.0064911093745757,0.0064918522887306,6.534647218589559e-07
19250,12,legacy,60dB,5,1.83860953179167e-07,2.0585270519429435e-07,0.0064976470447178,0.0064918522887306,6.783725848660481e-07
19250,12,legacy,60dB,6,1.9988184965981685e-07,2.057841046876469e-07,0.0064989827765689,0.0064918522887306,6.515415468071379e-07
19250,12,legacy,60dB,7,2.317098991197439e-07,2.2438272117906094e-07,0.0064828015494843,0.0064918522887306,6.228350058356403e-07
19250,12,legacy,40dB,0,2.1693114683590272e-05,2.303406225612058e-05,0.0064492554567856,0.0064918522887306,6.485850736204365e-05
19250,12,legacy,40dB,1,1.5703008896651467e-05,1.6920216700983262e-05,0.0065299254225775,0.0064918522887306,6.383902676654815e-05
19250,12,legacy,40dB,2,2.2408187651719924e-05,2.1568412848373663e-05,0.006387587026996,0.0064918522887306,6.39608763200163e-05
19250,12,legacy,40dB,3,2.1766014395161862e-05,2.49762159002912e-05,0.0065332079513643,0.0064918522887306,7.050350801756416e-05
19250,12,legacy,40dB,4,2.053035284201447e-05,2.322806095112189e-05,0.0065029543455199,0.0064918522887306,6.534735240128294e-05
19250,12,legacy,40dB,5,1.838962066690298e-05,2.0583167583095597e-05,0.0065664050601718,0.0064918522887306,6.783058673118515e-05
19250,12,legacy,40dB,6,1.998072370761345e-05,2.0572459198034044e-05,0.0065811932727595,0.0064918522887306,6.515430491299639e-05
19250,12,legacy,40dB,7,2.316593193452367e-05,2.243335861808972e-05,0.0064222479296459,0.0064918522887306,6.228177290424634e-05
19250,12,balanced,clean,0,9.052012235625702e-13,3.946157160813234e-13,0.0064918302812335,0.0064918522887306,9.041110389089601e-13
19250,12,balanced,60dB,0,1.588111029681562e-07,1.5503885862529397e-07,0.0064902499122274,0.0064918522887306,6.787465247282036e-07
19250,12,balanced,60dB,1,1.713947504151887e-07,1.6973732594052666e-07,0.0064873614856776,0.0064918522887306,6.133061764928972e-07
19250,12,balanced,60dB,2,1.768176926032959e-07,1.6816961980289734e-07,0.0064860704884256,0.0064918522887306,6.593915089396087e-07
19250,12,balanced,60dB,3,1.8797797156962698e-07,2.246214037276793e-07,0.0064880555187166,0.0064918522887306,7.122136353586128e-07
19250,12,balanced,60dB,4,1.861586842369894e-07,1.9132998500184341e-07,0.0064867323782176,0.0064918522887306,6.427078423570165e-07
19250,12,balanced,60dB,5,1.580447053407975e-07,1.7824981532338917e-07,0.0064873208801934,0.0064918522887306,6.753912714632982e-07
19250,12,balanced,60dB,6,1.704190943491718e-07,1.7861778613681447e-07,0.0064907707811894,0.0064918522887306,6.539687898058656e-07
19250,12,balanced,60dB,7,1.8949563576080874e-07,2.0225328023866425e-07,0.0064978232590904,0.0064918522887306,6.323793080990496e-07
19250,12,balanced,40dB,0,1.5877319431521535e-05,1.549631053537572e-05,0.0064903158077208,0.0064918522887306,6.787670390128422e-05
19250,12,balanced,40dB,1,1.7140063058074894e-05,1.697302372110299e-05,0.006462568449375,0.0064918522887306,6.133583708956176e-05
19250,12,balanced,40dB,2,1.7682053173697353e-05,1.6813383454027306e-05,0.0064501462375494,0.0064918522887306,6.594324233576424e-05
19250,12,balanced,40dB,3,1.8799496991387064e-05,2.2461243347279936e-05,0.0064710023814875,0.0064918522887306,7.122191568779649e-05
19250,12,balanced,40dB,4,1.86127606668798e-05,1.9134757799471567e-05,0.0064576024330463,0.0064918522887306,6.427494365700592e-05
19250,12,balanced,40dB,5,1.579521637885787e-05,1.781417800590936e-05,0.006460951048305,0.0064918522887306,6.754492274638233e-05
19250,12,balanced,40dB,6,1.7044531297478795e-05,1.786410313269116e-05,0.0064965756292932,0.0064918522887306,6.539432327328251e-05
19250,12,balanced,40dB,7,1.894840164432871e-05,2.0225271417184857e-05,0.0065688135132365,0.0064918522887306,6.323685788339223e-05
19500,5,legacy,clean,0,3.5738455375908994e-05,5.2854404813319065e-06,0.0062872124759442,0.0063545597391193,7.567615304690627e-05
19500,5,legacy,60dB,0,3.571424260721745e-05,5.295875640694075e-06,0.0062863899496434,0.0063545597391193,7.683117277481547e-05
19500,5,legacy,60dB,1,3.5713264272795774e-05,5.314612270788154e-06,0.0062797454038643,0.0063545597391193,7.701375021694253e-05
19500,5,legacy,60dB,2,3.578059382245873e-05,5.480700860215429e-06,0.0062853242598172,0.0063545597391193,7.717052454736505e-05
19500,5,legacy,60dB,3,3.5782542726181735e-05,5.368373354607123e-06,0.006293754813185,0.0063545597391193,7.735452026666129e-05
19500,5,legacy,60dB,4,3.59295494567784e-05,5.510926754856724e-06,0.0062823913044644,0.0063545597391193,7.688189710737702e-05
19500,5,legacy,60dB,5,3.573245734443546e-05,5.116532437101259e-06,0.0062894829185218,0.0063545597391193,7.68486451423761e-05
19500,5,legacy,60dB,6,3.574489016277207e-05,5.3080859393302175e-06,0.0062947929011332,0.0063545597391193,7.682142829571752e-05
19500,5,legacy,60dB,7,3.579902633620448e-05,5.418639090184632e-06,0.0062844386848627,0.0063545597391193,7.740672320792418e-05
19500,5,legacy,40dB,0,3.761478145215225e-05,7.389696127104595e-06,0.0062811056666991,0.0063545597391193,0.0001740625814572
19500,5,legacy,40dB,1,3.800102531280225e-05,9.105122712019962e-06,0.0062150562361134,0.0063545597391193,0.0001714147888094
19500,5,legacy,40dB,2,3.903107112457076e-05,1.1083624998725312e-05,0.0062712015459576,0.0063545597391193,0.000179438986127
19500,5,legacy,40dB,3,3.881202218496052e-05,9.249170086585128e-06,0.0063552685416587,0.0063545597391193,0.0001752378314724
19500,5,legacy,40dB,4,3.95771926590786e-05,1.0694225770051352e-05,0.006240928557621,0.0063545597391193,0.0001710285690691
19500,5,legacy,40dB,5,3.892620545388301e-05,7.119151612132089e-06,0.0063131646321131,0.0063545597391193,0.0001754571308331
19500,5,legacy,40dB,6,3.984837493939353e-05,9.080188671716962e-06,0.0063670622995291,0.0063545597391193,0.000172325736851
19500,5,legacy,40dB,7,3.946758027958377e-05,9.224321575633896e-06,0.0062625979804298,0.0063545597391193,0.0001787411529861
19500,5,balanced,clean,0,3.438873421862762e-05,2.71042656098704e-06,0.0063157328297769,0.0063545597391193,8.676155916019465e-05
19500,5,balanced,60dB,0,3.4431850797878766e-05,2.7449175862844165e-06,0.0063196323935093,0.0063545597391193,8.713057861200546e-05
19500,5,balanced,60dB,1,3.4445906656227105e-05,2.736559152498854e-06,0.0063183939621423,0.0063545597391193,8.80754598008163e-05
19500,5,balanced,60dB,2,3.433733685013836e-05,2.69824517106867e-06,0.0063159876593471,0.0063545597391193,8.780068000997318e-05
19500,5,balanced,60dB,3,3.440892658803521e-05,2.6737102139072477e-06,0.0063165810260732,0.0063545597391193,8.741932985407141e-05
19500,5,balanced,60dB,4,3.4450556920973324e-05,2.6988073597865108e-06,0.0063138246412548,0.0063545597391193,8.783649953706538e-05
19500,5,balanced,60dB,5,3.445447051388736e-05,2.825419029201501e-06,0.0063207086353135,0.0063545597391193,8.743225998326523e-05
19500,5,balanced,60dB,6,3.443351687575108e-05,2.809351264808293e-06,0.0063092462862715,0.0063545597391193,8.735234848648334e-05
19500,5,balanced,60dB,7,3.4469075993149244e-05,2.774238444087893e-06,0.0063201144964484,0.0063545597391193,8.791930417844705e-05
19500,5,balanced,40dB,0,3.815198509093666e-05,6.50309718473184e-06,0.0063580605521807,0.0063545597391193,0.000174290325895
19500,5,balanced,40dB,1,3.7400089277289325e-05,5.847186481697207e-06,0.0063447837841132,0.0063545597391193,0.0001825680751166
19500,5,balanced,40dB,2,3.6544407040979726e-05,5.482139759676307e-06,0.0063209507719853,0.0063545597391193,0.0001856832419032
19500,5,balanced,40dB,3,3.667109509773432e-05,5.06021456840841e-06,0.0063262952299244,0.0063545597391193,0.0001755309162332
19500,5,balanced,40dB,4,3.776821966578571e-05,4.808541726070112e-06,0.0062994122029795,0.0063545597391193,0.0001799529773055
19500,5,balanced,40dB,5,3.7990681944924135e-05,6.70009878031825e-06,0.0063684354699159,0.0063545597391193,0.0001825101005368
19500,5,balanced,40dB,6,3.744889066293415e-05,6.00019087805575e-06,0.0062534797245957,0.0063545597391193,0.0001787246694785
19500,5,balanced,40dB,7,3.829878257679135e-05,6.275626271754592e-06,0.0063626561271043,0.0063545597391193,0.000183754402997
19500,8,legacy,clean,0,9.677967693600465e-08,2.2304656547237123e-08,0.0063529278330833,0.0063545597391193,1.600458338355015e-07
19500,8,legacy,60dB,0,1.7248799308377506e-07,9.560605124002153e-08,0.0063510412668521,0.0063545597391193,1.0502395544375648e-06
19500,8,legacy,60dB,1,1.649394405706844e-07,9.530961688421276e-08,0.0063474200393222,0.0063545597391193,1.0144306275459434e-06
19500,8,legacy,60dB,2,1.736241746580628e-07,1.1002880835719693e-07,0.0063515573459862,0.0063545597391193,1.0478512639018077e-06
19500,8,legacy,60dB,3,1.9538833875100653e-07,1.0831686283484509e-07,0.00636067766886,0.0063545597391193,9.88494476065585e-07
19500,8,legacy,60dB,4,1.688105292537583e-07,1.0820458728795301e-07,0.0063465648980003,0.0063545597391193,9.846796110200854e-07
19500,8,legacy,60dB,5,1.784114614528512e-07,1.135501876322964e-07,0.0063559534717862,0.0063545597391193,1.037698608866603e-06
19500,8,legacy,60dB,6,1.9615759082168114e-07,1.1647744942017114e-07,0.0063604258209361,0.0063545597391193,1.0078217796425035e-06
19500,8,legacy,60dB,7,1.627232345633717e-07,9.344120877171117e-08,0.0063514189124582,0.0063545597391193,1.009496393031165e-06
19500,8,legacy,40dB,0,7.183117710066727e-06,6.927298711983158e-06,0.0063403914256425,0.0063545597391193,8.821317817168502e-05
19500,8,legacy,40dB,1,7.386292044835458e-06,8.181269649663045e-06,0.0063044578102036,0.0063545597391193,8.272792506019412e-05
19500,8,legacy,40dB,2,9.55282618072229e-06,9.32192387736484e-06,0.0063479105636384,0.0063545597391193,8.696077027546268e-05
19500,8,legacy,40dB,3,9.416900357357144e-06,8.790496503126955e-06,0.0064387602249128,0.0063545597391193,8.220345848002148e-05
19500,8,legacy,40dB,4,7.129907696379407e-06,7.98220994299269e-06,0.0062956113017492,0.0063545597391193,8.392356234392818e-05
19500,8,legacy,40dB,5,8.612907959805353e-06,9.60459258240662e-06,0.0063908840305499,0.0063545597391193,8.77572456782122e-05
19500,8,legacy,40dB,6,1.042802003202629e-05,9.05768872364207e-06,0.0064372451728275,0.0063545597391193,8.412331019290151e-05
19500,8,legacy,40dB,7,7.719624636139106e-06,7.71152940550847e-06,0.0063448020362147,0.0063545597391193,8.511821925818914e-05
19500,8,balanced,clean,0,9.292190870255397e-08,2.1355254542810377e-08,0.0063550597998753,0.0063545597391193,1.8467474414387405e-07
19500,8,balanced,60dB,0,1.6634736457812606e-07,9.333849100151946e-08,0.0063578060628033,0.0063545597391193,1.0446002951414088e-06
19500,8,balanced,60dB,1,1.673949698566507e-07,1.1179923347313715e-07,0.006357714801284,0.0063545597391193,9.832287511103637e-07
19500,8,balanced,60dB,2,1.6593855907880107e-07,1.081341659209208e-07,0.0063571798233535,0.0063545597391193,1.0644345129226528e-06
19500,8,balanced,60dB,3,1.5252015242508757e-07,8.969724005210393e-08,0.0063564823167198,0.0063545597391193,1.014487284455028e-06
19500,8,balanced,60dB,4,1.3897409510886913e-07,6.744415994430592e-08,0.0063531602876121,0.0063545597391193,1.0218017112750687e-06
19500,8,balanced,60dB,5,1.7776582358371317e-07,1.0193250401713275e-07,0.0063577976894385,0.0063545597391193,1.0591318866762696e-06
19500,8,balanced,60dB,6,1.699450462565062e-07,8.523735504660542e-08,0.0063479066547641,0.0063545597391193,1.036712171847142e-06
19500,8,balanced,60dB,7,1.7692594123223216e-07,1.0088786395429301e-07,0.0063579834905818,0.0063545597391193,1.0300139142956509e-06
19500,8,balanced,40dB,0,7.693468188691255e-06,7.086683507282615e-06,0.0063893887208764,0.0063545597391193,8.484188789659296e-05
19500,8,balanced,40dB,1,7.641574715903066e-06,9.131603413294943e-06,0.0063884137361576,0.0063545597391193,8.124436253622386e-05
19500,8,balanced,40dB,2,7.079499917158234e-06,8.558944971050631e-06,0.0063825164461613,0.0063545597391193,8.687642997253804e-05
19500,8,balanced,40dB,3,6.557268040207799e-06,7.070585302705738e-06,0.0063751533320139,0.0063545597391193,8.333270363907925e-05
19500,8,balanced,40dB,4,5.470286880622555e-06,5.294205710412682e-06,0.0063409815203511,0.0063545597391193,8.443146541924467e-05
19500,8,balanced,40dB,5,8.139909438922366e-06,8.058305756860526e-06,0.0063896372438888,0.0063545597391193,8.88290424410102e-05
19500,8,balanced,40dB,6,7.767420271708983e-06,6.510261720139979e-06,0.00629043261575,0.0063545597391193,8.664541681713751e-05
19500,8,balanced,40dB,7,9.068425704924054e-06,7.599119745197165e-06,0.0063924321704106,0.0063545597391193,8.475351636146453e-05
19500,12,legacy,clean,0,1.241287215514653e-12,7.312762533965166e-13,0.0063545264466335,0.0063545597391193,1.1263819355073165e-12
19500,12,legacy,60dB,0,2.2871206350982774e-07,2.1397344949848415e-07,0.0063571655628103,0.0063545597391193,6.947991276828567e-07
19500,12,legacy,60dB,1,1.77350997989834e-07,2.1399376782635545e-07,0.0063480748240733,0.0063545597391193,6.42383058294508e-07
19500,12,legacy,60dB,2,2.5568045964984404e-07,2.490445547978973e-07,0.0063573872601736,0.0063545597391193,6.666074586962359e-07
19500,12,legacy,60dB,3,2.516331087907868e-07,2.330559112442463e-07,0.0063633690714013,0.0063545597391193,6.303213860596033e-07
19500,12,legacy,60dB,4,1.846641949223503e-07,1.9413667391397e-07,0.0063494447266417,0.0063545597391193,6.64313923638751e-07
19500,12,legacy,60dB,5,2.281662823359139e-07,2.4965867760125844e-07,0.0063603249064739,0.0063545597391193,6.779071145798489e-07
19500,12,legacy,60dB,6,2.134169338691371e-07,2.1171645230388889e-07,0.0063649707397595,0.0063545597391193,6.549528334962612e-07
19500,12,legacy,60dB,7,2.4452820779832843e-07,2.603855896581227e-07,0.0063530500330363,0.0063545597391193,6.469325124022588e-07
19500,12,legacy,40dB,0,2.2878049184935784e-05,2.1401219955560585e-05,0.0064015085481224,0.0063545597391193,6.947951994235912e-05
19500,12,legacy,40dB,1,1.774160775388792e-05,2.1408447961581216e-05,0.0063059783299764,0.0063545597391193,6.423874042402213e-05
19500,12,legacy,40dB,2,2.5578185356254865e-05,2.4912226011487047e-05,0.0064061559739657,0.0063545597391193,6.665949512549989e-05
19500,12,legacy,40dB,3,2.517373546764665e-05,2.3314253450928607e-05,0.0064656101098629,0.0063545597391193,6.302856378793568e-05
19500,12,legacy,40dB,4,1.8462029425509664e-05,1.941272774075912e-05,0.0063203246453637,0.0063545597391193,6.643284323711227e-05
19500,12,legacy,40dB,5,2.2814214710459765e-05,2.496485876226019e-05,0.0064330436080954,0.0063545597391193,6.779384461914395e-05
19500,12,legacy,40dB,6,2.1345891947774903e-05,2.1177032699304934e-05,0.006478181111674,0.0063545597391193,6.548454118869425e-05
19500,12,legacy,40dB,7,2.445519640283951e-05,2.603776020148107e-05,0.0063617722361574,0.0063545597391193,6.469880698997205e-05
19500,12,balanced,clean,0,1.127755810423896e-12,6.065388483746283e-13,0.0063545612822483,0.0063545597391193,1.2140928207873353e-12
19500,12,balanced,60dB,0,2.1479158826803965e-07,2.0200489198571642e-07,0.0063511711309397,0.0063545597391193,6.741824851515374e-07
19500,12,balanced,60dB,1,2.1971187489676373e-07,2.222979782688392e-07,0.0063612563266516,0.0063545597391193,6.046606318358129e-07
19500,12,balanced,60dB,2,1.8795452241065643e-07,2.207230397973581e-07,0.0063597977229454,0.0063545597391193,6.871636179024797e-07
19500,12,balanced,60dB,3,2.0767950721127765e-07,2.1477357528035677e-07,0.0063599325287155,0.0063545597391193,6.462645393166441e-07
19500,12,balanced,60dB,4,1.840122464741463e-07,1.860753771682819e-07,0.0063528892221072,0.0063545597391193,6.575009494132931e-07
19500,12,balanced,60dB,5,1.820090114895418e-07,2.1894715895776533e-07,0.0063564400221928,0.0063545597391193,6.829609993350747e-07
19500,12,balanced,60dB,6,2.1998238107669814e-07,2.129562852322164e-07,0.0063414903700112,0.0063545597391193,6.639539851241834e-07
19500,12,balanced,60dB,7,2.1421855482158275e-07,2.1286482222298845e-07,0.0063559720134098,0.0063545597391193,6.59139177442313e-07
19500,12,balanced,40dB,0,2.147630884353752e-05,2.019305519973133e-05,0.0063399881722727,0.0063545597391193,6.741321298868198e-05
19500,12,balanced,40dB,1,2.1979718383734143e-05,2.223015359129564e-05,0.006441294336066,0.0063545597391193,6.046875852596436e-05
19500,12,balanced,40dB,2,1.879870856958569e-05,2.207295553187861e-05,0.0064238448627143,0.0063545597391193,6.872716026609226e-05
19500,12,balanced,40dB,3,2.0761885208650067e-05,2.1473089848215764e-05,0.0064269588472063,0.0063545597391193,6.462180701771934e-05
19500,12,balanced,40dB,4,1.841152326001875e-05,1.8616364407388748e-05,0.0063544120917816,0.0063545597391193,6.575250596782889e-05
19500,12,balanced,40dB,5,1.820130623814564e-05,2.1897961399473192e-05,0.0063897299079661,0.0063545597391193,6.830072603243947e-05
19500,12,balanced,40dB,6,2.199776013710256e-05,2.1293126330293368e-05,0.0062436501063534,0.0063545597391193,6.639359605784083e-05
19500,12,balanced,40dB,7,2.1431052383495957e-05,2.130069388125357e-05,0.0063879574708475,0.0063545597391193,6.59146599576771e-05
19750,5,legacy,clean,0,3.9149009522117226e-05,5.710901940442485e-06,0.0061924338577379,0.0062199507523982,8.519822400290626e-05
19750,5,legacy,60dB,0,3.911760866782321e-05,5.478788731668743e-06,0.006191636720978,0.0062199507523982,8.607068311102332e-05
19750,5,legacy,60dB,1,3.9163272619813095e-05,5.613863710166376e-06,0.0061913155553644,0.0062199507523982,8.552480673719082e-05
19750,5,legacy,60dB,2,3.924021165001034e-05,5.873917096626869e-06,0.0061891196549746,0.0062199507523982,8.600504772984242e-05
19750,5,legacy,60dB,3,3.9287769949531166e-05,5.764291909506607e-06,0.0061899145830149,0.0062199507523982,8.575443228026718e-05
19750,5,legacy,60dB,4,3.908919660096716e-05,5.668808545158056e-06,0.0061883687758483,0.0062199507523982,8.593172367502916e-05
19750,5,legacy,60dB,5,3.917063482841783e-05,5.720702505674519e-06,0.0061870707657839,0.0062199507523982,8.638265942800051e-05
19750,5,legacy,60dB,6,3.917926259173015e-05,5.739546494752743e-06,0.0061993001195591,0.0062199507523982,8.597831330438543e-05
19750,5,legacy,60dB,7,3.926832636229285e-05,5.768398030931964e-06,0.0061952593134115,0.0062199507523982,8.691421510993006e-05
19750,5,legacy,40dB,0,4.16597963790073e-05,6.840156263674753e-06,0.0061872872855387,0.0062199507523982,0.0001803971617127
19750,5,legacy,40dB,1,4.170361329710551e-05,7.301375627296326e-06,0.006183662806801,0.0062199507523982,0.0001706960441221
19750,5,legacy,40dB,2,4.22634217356462e-05,9.808236295237436e-06,0.0061614942210398,0.0062199507523982,0.0001761530388076
19750,5,legacy,40dB,3,4.33360806520075e-05,9.69020861576963e-06,0.0061700405773635,0.0062199507523982,0.0001736548234886
19750,5,legacy,40dB,4,4.129750131207713e-05,7.3182595058403455e-06,0.0061545296598434,0.0062199507523982,0.0001804246102395
19750,5,legacy,40dB,5,4.164645124057395e-05,8.502945632028043e-06,0.0061410841268532,0.0062199507523982,0.00017964481957
19750,5,legacy,40dB,6,4.258473130576415e-05,8.80283982687035e-06,0.006264229667037,0.0062199507523982,0.0001745626736866
19750,5,legacy,40dB,7,4.268692517520925e-05,9.943289188811642e-06,0.0062230331617255,0.0062199507523982,0.0001837627342439
19750,5,balanced,clean,0,3.870073818311584e-05,3.426395851682417e-06,0.0062117013666457,0.0062199507523982,9.676948827037804e-05
19750,5,balanced,60dB,0,3.880699654763952e-05,3.5529151765137944e-06,0.0062118160105063,0.0062199507523982,9.828780381991092e-05
19750,5,balanced,60dB,1,3.867232579270999e-05,3.348528198661773e-06,0.0062104108909722,0.0062199507523982,9.74049179531873e-05
19750,5,balanced,60dB,2,3.863671786850705e-05,3.4318215559657195e-06,0.0062103948468814,0.0062199507523982,9.835303756587096e-05
19750,5,balanced,60dB,3,3.867960788930182e-05,3.490042171970427e-06,0.0062119732710686,0.0062199507523982,9.770335857003207e-05
19750,5,balanced,60dB,4,3.882047247108775e-05,3.5039536614390872e-06,0.0062143987902598,0.0062199507523982,9.798999084637218e-05
19750,5,balanced,60dB,5,3.878696756561897e-05,3.51128324185354e-06,0.0062154656051627,0.0062199507523982,9.741100147897022e-05
19750,5,balanced,60dB,6,3.8621939162660565e-05,3.478544901409196e-06,0.0062049028960009,0.0062199507523982,9.81120533141698e-05
19750,5,balanced,60dB,7,3.862507566246843e-05,3.4192284379041127e-06,0.0062101066958616,0.0062199507523982,9.848862847769314e-05
19750,5,balanced,40dB,0,4.2277189803300696e-05,6.870796910293236e-06,0.0062153616732266,0.0062199507523982,0.0001989675700362
19750,5,balanced,40dB,1,4.0437133679841e-05,4.818131415965894e-06,0.0062008171293108,0.0062199507523982,0.0001857653389375
19750,5,balanced,40dB,2,4.017105369290316e-05,6.126519084222649e-06,0.0062007466876581,0.0062199507523982,0.0001958794795059
19750,5,balanced,40dB,3,4.19509350407563e-05,7.521319659423742e-06,0.0062178819106707,0.0062199507523982,0.000187031021824
19750,5,balanced,40dB,4,4.305829181263744e-05,6.664391027974635e-06,0.0062418358135362,0.0062199507523982,0.0001948666083478
19750,5,balanced,40dB,5,4.218446828017181e-05,7.029961268136629e-06,0.006251965188087,0.0062199507523982,0.000184888481257
19750,5,balanced,40dB,6,4.113512811934327e-05,7.074264659255906e-06,0.0061469390403387,0.0062199507523982,0.0001926419141996
19750,5,balanced,40dB,7,4.012907530050258e-05,6.068281324519806e-06,0.0061979396211282,0.0062199507523982,0.0001956997182719
19750,8,legacy,clean,0,1.1332089635222626e-07,2.013248773280842e-08,0.0062241331475425,0.0062199507523982,1.9195353724519586e-07
19750,8,legacy,60dB,0,1.934498599921558e-07,1.0627680335652197e-07,0.0062208344097355,0.0062199507523982,1.0559241044102796e-06
19750,8,legacy,60dB,1,1.7987719145105939e-07,7.40151764096039e-08,0.0062240733509036,0.0062199507523982,1.0182905783050904e-06
19750,8,legacy,60dB,2,1.8222630151697845e-07,9.382515423927999e-08,0.0062221913416429,0.0062199507523982,1.03163726866413e-06
19750,8,legacy,60dB,3,1.993337292789781e-07,9.560427954387745e-08,0.0062209169394854,0.0062199507523982,1.023234911808804e-06
19750,8,legacy,60dB,4,1.9322611981750442e-07,7.696338683875743e-08,0.0062174453586588,0.0062199507523982,1.0826407286512e-06
19750,8,legacy,60dB,5,1.6243923886480738e-07,7.77360351332676e-08,0.0062203534827066,0.0062199507523982,1.0381856829419394e-06
19750,8,legacy,60dB,6,1.994000296037436e-07,7.54171380891506e-08,0.0062318576352214,0.0062199507523982,1.015229564165656e-06
19750,8,legacy,60dB,7,1.6385092517159317e-07,8.844255306807376e-08,0.0062240363334662,0.0062199507523982,1.0213862897034302e-06
19750,8,legacy,40dB,0,8.004532978106753e-06,8.131352237129315e-06,0.0061982356919184,0.0062199507523982,8.728690903010785e-05
19750,8,legacy,40dB,1,6.862012628507549e-06,6.633852499835124e-06,0.0062296183099345,0.0062199507523982,8.316390017770822e-05
19750,8,legacy,40dB,2,6.767062846719624e-06,6.652046816332916e-06,0.0062106797764451,0.0062199507523982,8.419495376060134e-05
19750,8,legacy,40dB,3,8.366359006845452e-06,7.518663816264632e-06,0.0061993639767525,0.0062199507523982,8.343414024835996e-05
19750,8,legacy,40dB,4,8.554935916292591e-06,5.472045403486588e-06,0.0061648978214907,0.0062199507523982,8.853424142957024e-05
19750,8,legacy,40dB,5,6.087484513841292e-06,5.86031891384976e-06,0.0061918194793757,0.0062199507523982,8.392388363498879e-05
19750,8,legacy,40dB,6,8.843177251810035e-06,5.8009053618500925e-06,0.0063092470893546,0.0062199507523982,8.231282682656568e-05
19750,8,legacy,40dB,7,5.598177897369372e-06,6.896270115301015e-06,0.0062281445634921,0.0062199507523982,8.297603030915036e-05
19750,8,balanced,clean,0,1.124292858126974e-07,2.1614499161688893e-08,0.0062226085384341,0.0062199507523982,2.2172504218771587e-07
19750,8,balanced,60dB,0,1.8957784892713385e-07,7.666253153028304e-08,0.0062271055387818,0.0062199507523982,1.0677153125063036e-06
19750,8,balanced,60dB,1,1.779342897205477e-07,9.484742859730036e-08,0.0062218023555289,0.0062199507523982,1.0431984316939251e-06
19750,8,balanced,60dB,2,1.8029284095408374e-07,7.534286291015841e-08,0.0062210100683775,0.0062199507523982,1.0208806246836372e-06
19750,8,balanced,60dB,3,2.0597146508668133e-07,1.1797578894733764e-07,0.0062216251937054,0.0062199507523982,1.0159275030605862e-06
19750,8,balanced,60dB,4,1.917559073399226e-07,8.09133455914582e-08,0.0062256536186501,0.0062199507523982,1.0933218221358073e-06
19750,8,balanced,60dB,5,1.910013437692338e-07,7.857250719698869e-08,0.0062288183627416,0.0062199507523982,1.03035437558476e-06
19750,8,balanced,60dB,6,1.867459559356754e-07,8.06574449144706e-08,0.0062192827947918,0.0062199507523982,1.0587405236055558e-06
19750,8,balanced,60dB,7,1.945758908319312e-07,1.0059787461743913e-07,0.0062219149608651,0.0062199507523982,1.0502225099364425e-06
19750,8,balanced,40dB,0,7.316506496319565e-06,5.111521608493989e-06,0.0062740111334904,0.0062199507523982,8.73197183005735e-05
19750,8,balanced,40dB,1,6.600295090888359e-06,6.916345514212375e-06,0.0062203795251482,0.0062199507523982,8.132230042514104e-05
19750,8,balanced,40dB,2,6.502693990578209e-06,5.4044007673306616e-06,0.0062123354670219,0.0062199507523982,8.345426306953648e-05
19750,8,balanced,40dB,3,8.491137627044125e-06,8.691382939716622e-06,0.0062202183776957,0.0062199507523982,7.962014518331741e-05
19750,8,balanced,40dB,4,8.49205155909509e-06,6.737128772405819e-06,0.0062606456966524,0.0062199507523982,8.573909670341303e-05
19750,8,balanced,40dB,5,7.527533226346983e-06,6.175505923408806e-06,0.0062913361648698,0.0062199507523982,8.160980118041549e-05
19750,8,balanced,40dB,6,7.181905307132413e-06,5.875003785512671e-06,0.0061956774113314,0.0062199507523982,8.344200518364121e-05
19750,8,balanced,40dB,7,7.596868223583602e-06,6.799040732784936e-06,0.0062223357356318,0.0062199507523982,8.115271655285867e-05
19750,12,legacy,clean,0,1.4280770254238766e-12,9.10328138233657e-13,0.0062199804927015,0.0062199507523982,1.5110793816186797e-12
19750,12,legacy,60dB,0,2.089326794924475e-07,2.0249429511806866e-07,0.0062122901749631,0.0062199507523982,6.835777931628369e-07
19750,12,legacy,60dB,1,2.1086951801796237e-07,2.2906620375152227e-07,0.0062161923180719,0.0062199507523982,6.432418329803327e-07
19750,12,legacy,60dB,2,1.814306709825401e-07,1.647954596190734e-07,0.0062145084210956,0.0062199507523982,6.638241889275244e-07
19750,12,legacy,60dB,3,2.0453750472378177e-07,2.127322784704332e-07,0.00621509161108,0.0062199507523982,6.427781633318403e-07
19750,12,legacy,60dB,4,1.8071848856786562e-07,1.534550255364954e-07,0.0062136246446988,0.0062199507523982,7.055594518096489e-07
19750,12,legacy,60dB,5,1.9532090732232458e-07,1.8012903162974085e-07,0.0062146350612848,0.0062199507523982,6.600286653350348e-07
19750,12,legacy,60dB,6,2.1745052370343854e-07,1.4631548532125017e-07,0.0062303995837529,0.0062199507523982,6.519549388590133e-07
19750,12,legacy,60dB,7,1.78953910320183e-07,1.704609885778247e-07,0.0062218496215634,0.0062199507523982,6.504674254016042e-07
19750,12,legacy,40dB,0,2.089675847169861e-05,2.02511922225506e-05,0.0061618847598466,0.0062199507523982,6.835995466401818e-05
19750,12,legacy,40dB,1,2.1089184116169956e-05,2.290736959747412e-05,0.0062010792481946,0.0062199507523982,6.433005628083863e-05
19750,12,legacy,40dB,2,1.814589371883966e-05,1.6477574048754517e-05,0.006181591376504,0.0062199507523982,6.637931605857368e-05
19750,12,legacy,40dB,3,2.045734725676139e-05,2.1284216758549737e-05,0.0061895036615491,0.0062199507523982,6.427254388423294e-05
19750,12,legacy,40dB,4,1.8070080988189697e-05,1.5336559211403743e-05,0.0061726849216302,0.0062199507523982,7.055126940518009e-05
19750,12,legacy,40dB,5,1.9539589506791032e-05,1.8022707511503832e-05,0.0061841125718207,0.0062199507523982,6.59988179298182e-05
19750,12,legacy,40dB,6,2.1742403278732677e-05,1.4631171893037526e-05,0.00634373931411,0.0062199507523982,6.520020666412563e-05
19750,12,legacy,40dB,7,1.78910845488939e-05,1.7036328747360058e-05,0.0062547733396194,0.0062199507523982,6.504543675550015e-05
19750,12,balanced,clean,0,1.4624429650141479e-12,7.50169177592505e-13,0.006219978064913,0.0062199507523982,1.631080594057949e-12
19750,12,balanced,60dB,0,1.7455748726597985e-07,1.0687921206771535e-07,0.0062242331598181,0.0062199507523982,6.965582080729832e-07
19750,12,balanced,60dB,1,1.6393472420933133e-07,1.6467759480636652e-07,0.0062173171883374,0.0062199507523982,6.34643144706144e-07
19750,12,balanced,60dB,2,1.707044341587366e-07,1.5392512322803214e-07,0.0062259317985527,0.0062199507523982,6.591414771882456e-07
19750,12,balanced,60dB,3,1.8246116477201962e-07,2.1398294392071785e-07,0.0062177973424317,0.0062199507523982,6.300794587368876e-07
19750,12,balanced,60dB,4,2.0466908026240487e-07,1.5724661994809359e-07,0.00621868468075,0.0062199507523982,6.62024360522647e-07
19750,12,balanced,60dB,5,1.6632774172969969e-07,1.3554441373966925e-07,0.0062242577208257,0.0062199507523982,6.491729522250295e-07
19750,12,balanced,60dB,6,2.2176060170861525e-07,1.962218144640241e-07,0.0062073066051333,0.0062199507523982,6.375764094498821e-07
19750,12,balanced,60dB,7,1.878928797740129e-07,1.7924361664064966e-07,0.0062219905978925,0.0062199507523982,6.170706402299661e-07
19750,12,balanced,40dB,0,1.7451274001358193e-05,1.0686363283466176e-05,0.0062782347262542,0.0062199507523982,6.966486016724181e-05
19750,12,balanced,40dB,1,1.63912221053206e-05,1.6462107969549214e-05,0.0062081211871823,0.0062199507523982,6.34641600069074e-05
19750,12,balanced,40dB,2,1.7073147705256325e-05,1.5396344000627384e-05,0.0062948815178358,0.0062199507523982,6.591348931761493e-05
19750,12,balanced,40dB,3,1.824875210205584e-05,2.140558810740436e-05,0.0062145949937157,0.0062199507523982,6.300876066949265e-05
19750,12,balanced,40dB,4,2.0457807919343576e-05,1.5716658058724686e-05,0.0062254553535621,0.0062199507523982,6.619820537251282e-05
19750,12,balanced,40dB,5,1.662838758113668e-05,1.3556404685033245e-05,0.0062777397473664,0.0062199507523982,6.491891929175123e-05
19750,12,balanced,40dB,6,2.217362443989533e-05,1.962077490132323e-05,0.006113219498701,0.0062199507523982,6.375168271619209e-05
19750,12,balanced,40dB,7,1.879447997488021e-05,1.792507882809852e-05,0.0062570189590474,0.0062199507523982,6.170009062788991e-05
20000,5,legacy,clean,0,4.454342748161701e-05,3.857505571408566e-06,0.006078218759159,0.0060877338123199,9.569852762990326e-05
20000,5,legacy,60dB,0,4.446964648881753e-05,3.7560428271183137e-06,0.0060737219303409,0.0060877338123199,9.659312762126147e-05
20000,5,legacy,60dB,1,4.461062284689604e-05,4.1409743976315495e-06,0.006078346795342,0.0060877338123199,9.626838751633034e-05
20000,5,legacy,60dB,2,4.463604631422144e-05,4.032943716675894e-06,0.0060728852012428,0.0060877338123199,9.700771204314748e-05
20000,5,legacy,60dB,3,4.452171212331719e-05,3.732114499480097e-06,0.0060755835759753,0.0060877338123199,9.739492641040158e-05
20000,5,legacy,60dB,4,4.470229284093109e-05,4.0946759662373854e-06,0.0060820982322605,0.0060877338123199,9.718335042147503e-05
20000,5,legacy,60dB,5,4.45726132040532e-05,3.894393885113436e-06,0.0060789825590918,0.0060877338123199,9.663014246364832e-05
20000,5,legacy,60dB,6,4.459452991387313e-05,3.882879145208746e-06,0.0060800854893223,0.0060877338123199,9.62964779043456e-05
20000,5,legacy,60dB,7,4.4749375222051456e-05,3.95312156032025e-06,0.0060792926728106,0.0060877338123199,9.712286142492584e-05
20000,5,legacy,40dB,0,4.658837308673035e-05,5.881788067438647e-06,0.0060360332265114,0.0060877338123199,0.0001820999482847
20000,5,legacy,40dB,1,4.843301811616304e-05,1.010498898283096e-05,0.006082716757971,0.0060877338123199,0.0001860610405433
20000,5,legacy,40dB,2,4.897791905733761e-05,8.863801239156279e-06,0.0060283914832471,0.0060877338123199,0.000189879541319
20000,5,legacy,40dB,3,4.637678792394615e-05,5.254003598802816e-06,0.0060539174413475,0.0060877338123199,0.0001985194930061
20000,5,legacy,40dB,4,4.948013643426353e-05,1.0233768894820216e-05,0.0061203615455339,0.0060877338123199,0.0001926052517972
20000,5,legacy,40dB,5,4.732289556115291e-05,6.237637917412444e-06,0.0060883443693424,0.0060877338123199,0.0001887224940359
20000,5,legacy,40dB,6,4.741786553817712e-05,5.698734706784007e-06,0.0060992494745265,0.0060877338123199,0.0001865866599869
20000,5,legacy,40dB,7,4.9381820760152266e-05,6.542483603958332e-06,0.0060917368115496,0.0060877338123199,0.0001891524428525
20000,5,balanced,clean,0,4.376627984870932e-05,3.1780064563508288e-06,0.0060988911046606,0.0060877338123199,0.0001073774348106
20000,5,balanced,60dB,0,4.3878271079550506e-05,3.452129889403503e-06,0.0061040431762204,0.0060877338123199,0.0001076795405326
20000,5,balanced,60dB,1,4.386992957549827e-05,3.3317425389609624e-06,0.0060980523586592,0.0060877338123199,0.0001086251662493
20000,5,balanced,60dB,2,4.365798476989303e-05,3.1416339538547155e-06,0.0060955127597689,0.0060877338123199,0.0001082418743952
20000,5,balanced,60dB,3,4.383274245992691e-05,3.279631745392414e-06,0.0061013612995562,0.0060877338123199,0.0001085717162321
20000,5,balanced,60dB,4,4.386921985898685e-05,3.303840103500244e-06,0.0061001123835379,0.0060877338123199,0.0001085545759817
20000,5,balanced,60dB,5,4.378922617791622e-05,3.198195151312932e-06,0.0060934321090385,0.0060877338123199,0.0001091181335736
20000,5,balanced,60dB,6,4.374691747336567e-05,3.2200631624147428e-06,0.0060977530997044,0.0060877338123199,0.0001081534988126
20000,5,balanced,60dB,7,4.3695119790894815e-05,3.114326789858403e-06,0.0060999368389261,0.0060877338123199,0.0001077170558609
20000,5,balanced,40dB,0,4.736079291085284e-05,8.90629991947973e-06,0.006152886421013,0.0060877338123199,0.00018931407369
20000,5,balanced,40dB,1,4.7257846714759977e-05,7.475309984073542e-06,0.0060929587142452,0.0060877338123199,0.0002052987402075
20000,5,balanced,40dB,2,4.555212678457138e-05,4.473696773518677e-06,0.0060679764534676,0.0060877338123199,0.00019693718881
20000,5,balanced,40dB,3,4.63928720232917e-05,6.23382730232356e-06,0.0061255550196789,0.0060877338123199,0.0002073040001298
20000,5,balanced,40dB,4,4.686223638100688e-05,6.214604858422686e-06,0.0061131704498628,0.0060877338123199,0.0002023309307241
20000,5,balanced,40dB,5,4.672170598701732e-05,5.796164006104213e-06,0.0060470271112862,0.0060877338123199,0.0002089242259834
20000,5,balanced,40dB,6,4.595995478207556e-05,6.862903116348524e-06,0.0060898983537852,0.0060877338123199,0.000198952446666
20000,5,balanced,40dB,7,4.498170602511233e-05,3.568457189433873e-06,0.0061112754740704,0.0060877338123199,0.000190957139728
20000,8,legacy,clean,0,1.307568798934536e-07,4.383992909223222e-08,0.0060867369152097,0.0060877338123199,2.295166740639993e-07
20000,8,legacy,60dB,0,2.0912998671371038e-07,1.4420910806989084e-07,0.0060833771371323,0.0060877338123199,1.0226750714525264e-06
20000,8,legacy,60dB,1,2.055644430332225e-07,1.2539440236016634e-07,0.0060844272745692,0.0060877338123199,1.081708648922701e-06
20000,8,legacy,60dB,2,2.0679694765100966e-07,1.2941465763745304e-07,0.0060807802111706,0.0060877338123199,1.0674895447836545e-06
20000,8,legacy,60dB,3,1.8329684568497405e-07,1.0517499241097829e-07,0.0060841829806036,0.0060877338123199,1.0796655700091522e-06
20000,8,legacy,60dB,4,2.2731204350924085e-07,1.3630042415488908e-07,0.0060933584998568,0.0060877338123199,1.058000187301953e-06
20000,8,legacy,60dB,5,2.007449579275837e-07,1.2942927063955356e-07,0.0060864081574393,0.0060877338123199,1.0558932431556998e-06
20000,8,legacy,60dB,6,2.091791100158315e-07,1.0000886557749881e-07,0.0060887260652427,0.0060877338123199,1.0662660640579574e-06
20000,8,legacy,60dB,7,2.2661200910347217e-07,1.3710596978587233e-07,0.0060889631447517,0.0060877338123199,9.782419335416098e-07
20000,8,legacy,40dB,0,7.523127296971681e-06,8.151957583385541e-06,0.0060597477737841,0.0060877338123199,7.896034849685891e-05
20000,8,legacy,40dB,1,7.734215043222274e-06,8.770432796646619e-06,0.0060704958913362,0.0060877338123199,8.642836804517586e-05
20000,8,legacy,40dB,2,8.619452629354873e-06,9.71572385393858e-06,0.0060348981698902,0.0060877338123199,8.036722014762879e-05
20000,8,legacy,40dB,3,6.230060664076133e-06,6.507140854269109e-06,0.0060667714732749,0.0060877338123199,8.708265428929256e-05
20000,8,legacy,40dB,4,9.099244820750018e-06,8.854919393756575e-06,0.0061609556979848,0.0060877338123199,8.239986983105077e-05
20000,8,legacy,40dB,5,6.916028217536391e-06,7.651358823195073e-06,0.006089534728063,0.0060877338123199,8.496412670296181e-05
20000,8,legacy,40dB,6,8.3068102873763e-06,6.441068221343777e-06,0.0061140202466455,0.0060877338123199,8.43834985046693e-05
20000,8,legacy,40dB,7,8.594564507864337e-06,9.942631984546886e-06,0.006116504466965,0.0060877338123199,7.679776116953717e-05
20000,8,balanced,clean,0,1.315241039272416e-07,2.8316768896994676e-08,0.0060837157561878,0.0060877338123199,2.6380534997764664e-07
20000,8,balanced,60dB,0,1.9540264794625098e-07,1.0577380705767196e-07,0.0060888309092832,0.0060877338123199,1.0963963721623129e-06
20000,8,balanced,60dB,1,1.948190247900768e-07,1.2307268276594896e-07,0.0060804598876437,0.0060877338123199,1.124030542812064e-06
20000,8,balanced,60dB,2,1.9792911929103775e-07,7.652204626019196e-08,0.0060807742914298,0.0060877338123199,1.082872302962182e-06
20000,8,balanced,60dB,3,2.040246612713502e-07,1.1693781883001253e-07,0.0060855764514628,0.0060877338123199,1.156695759280323e-06
20000,8,balanced,60dB,4,1.7088571640112057e-07,8.731148657875712e-08,0.0060861510292704,0.0060877338123199,1.0810654780890382e-06
20000,8,balanced,60dB,5,1.9920512743909706e-07,1.0611550409024077e-07,0.0060793283328893,0.0060877338123199,1.1033568382588467e-06
20000,8,balanced,60dB,6,1.9781797502002515e-07,1.1132486860676869e-07,0.0060833371497467,0.0060877338123199,1.12165018506177e-06
20000,8,balanced,60dB,7,1.9877739391664082e-07,1.0496674784666877e-07,0.0060854147940074,0.0060877338123199,1.0243790070927326e-06
20000,8,balanced,40dB,0,6.473267923004673e-06,8.207295820355365e-06,0.006140570245521,0.0060877338123199,8.020253690220359e-05
20000,8,balanced,40dB,1,6.541782336154496e-06,8.622302574616265e-06,0.0060569343797703,0.0060877338123199,8.59837062853016e-05
20000,8,balanced,40dB,2,7.313648338559541e-06,5.509377513954838e-06,0.0060608191826889,0.0060877338123199,8.123354961001647e-05
20000,8,balanced,40dB,3,6.780340669267923e-06,8.287639243081014e-06,0.0061082465199302,0.0060877338123199,8.831269519801652e-05
20000,8,balanced,40dB,4,5.807734436956959e-06,7.624782749328361e-06,0.0061133510812225,0.0060877338123199,8.354577686886561e-05
20000,8,balanced,40dB,5,7.028763234166011e-06,6.9171942997524e-06,0.0060460619520977,0.0060877338123199,8.445954857808302e-05
20000,8,balanced,40dB,6,6.981444052929905e-06,9.652048931139414e-06,0.0060861166730151,0.0060877338123199,8.424386353140995e-05
20000,8,balanced,40dB,7,6.5087426345578605e-06,6.5228747682727164e-06,0.0061064108200145,0.0060877338123199,7.940372928322766e-05
20000,12,legacy,clean,0,1.978098885956729e-12,1.1923641807770112e-12,0.0060877185832204,0.0060877338123199,2.0186354353206987e-12
20000,12,legacy,60dB,0,1.714310025035546e-07,1.9106947471891037e-07,0.0060827349768961,0.0060877338123199,6.290597304108426e-07
20000,12,legacy,60dB,1,1.8373042829382658e-07,1.870271424407506e-07,0.0060892541556723,0.0060877338123199,6.919550019022278e-07
20000,12,legacy,60dB,2,2.221585055797598e-07,2.242761213599179e-07,0.006079561564407,0.0060877338123199,6.117211611665993e-07
20000,12,legacy,60dB,3,2.0544586596450957e-07,1.743019322878244e-07,0.0060855158473288,0.0060877338123199,6.770083335632276e-07
20000,12,legacy,60dB,4,2.1757887161283117e-07,2.071096635145591e-07,0.0060964835031319,0.0060877338123199,6.366976125882522e-07
20000,12,legacy,60dB,5,2.1563119923240478e-07,2.147218388019542e-07,0.0060851495949533,0.0060877338123199,6.533853915657625e-07
20000,12,legacy,60dB,6,2.193365111282607e-07,2.0275303949696977e-07,0.0060928950644088,0.0060877338123199,6.634447042751318e-07
20000,12,legacy,60dB,7,1.943072469240019e-07,1.931710084913528e-07,0.006086920242449,0.0060877338123199,6.003276032070715e-07
20000,12,legacy,40dB,0,1.7144638313699515e-05,1.910128004265829e-05,0.0060533128660688,0.0060877338123199,6.291597836150016e-05
20000,12,legacy,40dB,1,1.836530062270113e-05,1.8707289669943057e-05,0.006119602321882,0.0060877338123199,6.919779319950998e-05
20000,12,legacy,40dB,2,2.221325414489261e-05,2.2419969042969128e-05,0.0060261400819787,0.0060877338123199,6.117421619701792e-05
20000,12,legacy,40dB,3,2.054234901249911e-05,1.743220443656518e-05,0.0060841791324597,0.0060877338123199,6.768816136820388e-05
20000,12,legacy,40dB,4,2.176232759272392e-05,2.0719466892067037e-05,0.0061949543390147,0.0060877338123199,6.36551882188798e-05
20000,12,legacy,40dB,5,2.1554576628528235e-05,2.1469425193887644e-05,0.0060814269829881,0.0060877338123199,6.534433841367331e-05
20000,12,legacy,40dB,6,2.1936289826864e-05,2.0274090826827775e-05,0.0061592263376234,0.0060877338123199,6.634444895552129e-05
20000,12,legacy,40dB,7,1.9425245106786028e-05,1.931537548217416e-05,0.0060972173659468,0.0060877338123199,6.003422448999977e-05
20000,12,balanced,clean,0,1.932222518387542e-12,9.112443301296636e-13,0.0060877045963744,0.0060877338123199,2.1859860295139458e-12
20000,12,balanced,60dB,0,1.6345381427239776e-07,2.089153219147398e-07,0.0060939267632259,0.0060877338123199,6.182119926629814e-07
20000,12,balanced,60dB,1,1.744906873278551e-07,1.9127356327295525e-07,0.006084535768724,0.0060877338123199,6.824910314200793e-07
20000,12,balanced,60dB,2,1.938867365761235e-07,1.844587641593421e-07,0.0060855873396893,0.0060877338123199,6.187214912450898e-07
20000,12,balanced,60dB,3,2.137377457305661e-07,2.2879496897564658e-07,0.0060924574945592,0.0060877338123199,6.809908557133228e-07
20000,12,balanced,60dB,4,1.7087540796481038e-07,2.4658610519527094e-07,0.0060838182544588,0.0060877338123199,6.458023919938079e-07
20000,12,balanced,60dB,5,1.998507440300901e-07,1.8665513057084933e-07,0.0060874891693443,0.0060877338123199,6.501361078347994e-07
20000,12,balanced,60dB,6,1.667457840225731e-07,1.819657082008652e-07,0.0060916619441737,0.0060877338123199,6.595487309767444e-07
20000,12,balanced,60dB,7,1.993343214158293e-07,1.8091919064712122e-07,0.0060954998578716,0.0060877338123199,6.126008902614577e-07
20000,12,balanced,40dB,0,1.633703359569411e-05,2.089211181630553e-05,0.0061646287777322,0.0060877338123199,6.181724958669389e-05
20000,12,balanced,40dB,1,1.744958712913475e-05,1.912059386592876e-05,0.006071721017516,0.0060877338123199,6.824266251184407e-05
20000,12,balanced,40dB,2,1.9378882373996223e-05,1.843633724174039e-05,0.0060839720619218,0.0060877338123199,6.187262945731047e-05
20000,12,balanced,40dB,3,2.137407490709513e-05,2.2890191329938847e-05,0.0061544702930622,0.0060877338123199,6.809213197820148e-05
20000,12,balanced,40dB,4,1.708776958145006e-05,2.4654302993118603e-05,0.0060642202101104,0.0060877338123199,6.458152169173111e-05
20000,12,balanced,40dB,5,1.997867294133944e-05,1.866467520899379e-05,0.0061035305089644,0.0060877338123199,6.501235216678752e-05
20000,12,balanced,40dB,6,1.6683077676102447e-05,1.819346244188037e-05,0.0061422937115931,0.0060877338123199,6.595807882787556e-05
20000,12,balanced,40dB,7,1.99510171163614e-05,1.8114217265446827e-05,0.0061836149026383,0.0060877338123199,6.125795139222084e-05
