frequency_hz,condition_db,field_overlap,mean_coherence,wna_db,max_coherence,edof,method,order
3000,12.964683158042243,0.8596652857139501,0.0289795708842385,28.60480637157319,0.7896895270082352,51.39408736064015,legacy,5
3100,12.98220816686904,0.862428585292643,0.0288044172855723,28.897459564194996,0.7841687558371169,51.28850681951809,legacy,5
3200,12.98722366229834,0.8591533395352953,0.0285895209526557,29.18199382197308,0.7593168669701216,51.2750302696134,legacy,5
3300,12.82354383674214,0.8586457065645549,0.0286176527573285,29.44506962177425,0.7860945097344342,51.35023923540542,legacy,5
3400,12.66260265068333,0.8594703674983337,0.0287239540729581,29.68640522639834,0.7791206870694903,51.44303866077098,legacy,5
3500,12.531904980698346,0.8493556615341892,0.0290716013975422,29.913642428761527,0.7618304811660335,51.532854962277504,legacy,5
3600,12.373599203241008,0.8316264796863294,0.0289520935456293,30.136541390006823,0.7405899424063496,51.61525308370583,legacy,5
3700,12.362688725065356,0.8398823486662641,0.0292459083095438,30.36450896448465,0.7538602433136494,51.65213457696422,legacy,5
3800,12.391445525154056,0.8506507838092129,0.0295182327221375,30.60328681468937,0.7619292398571741,51.63951464506597,legacy,5
3900,12.323287984388172,0.843063509472153,0.0287537864646098,30.849476821855447,0.7483793493729879,51.598654936891705,legacy,5
4000,12.418875456109276,0.8441268179571085,0.0285389761990241,31.089896765783863,0.7541633540081842,51.52738336996196,legacy,5
4100,12.540742185432933,0.8590513864344089,0.0290736705945999,31.31062398531617,0.7604782947126546,51.47929388270519,legacy,5
4200,12.41054103193584,0.8563019803716192,0.0291107320629724,31.508830278277262,0.7510512743564736,51.537902574759705,legacy,5
4300,12.110441449148672,0.8313999342649978,0.0290533691508685,31.69576698139141,0.7380139814877541,51.656396488960645,legacy,5
4400,11.968419835431854,0.8295018312744724,0.0294906985832212,31.88759161968571,0.7423692750476252,51.69804228409557,legacy,5
4500,12.10753663310269,0.8522012482470782,0.0301597699952449,32.0923826893772,0.7522224347180267,51.63839045568681,legacy,5
4600,12.160225895637778,0.8496743282091659,0.0298607206231142,32.30477460166638,0.7428104040482254,51.56357063786874,legacy,5
4700,12.12043327060686,0.8328566070190971,0.0293238357945783,32.51148768900298,0.7437374298772333,51.50850889722558,legacy,5
4800,12.30890297740352,0.8574962755761459,0.0300016446849649,32.70159252032472,0.7528898240911328,51.490683198655454,legacy,5
4900,12.319548516188842,0.8648431948981107,0.0302721767322122,32.87379676517519,0.7458302930679572,51.54835185766287,legacy,5
5000,12.107403453872552,0.8477736080551692,0.0302236577000509,33.03674624144991,0.7290410329732557,51.62893937568848,legacy,5
5100,11.78281663100288,0.8261359291173389,0.0306286086176967,33.20246080619792,0.7387460740205725,51.64262395015647,legacy,5
5200,11.960637543123902,0.8462452237973818,0.0310378412767115,33.3774343465932,0.747487768106548,51.57923619454427,legacy,5
5300,12.083306796054623,0.8520512478237688,0.0313132928924985,33.55850531799402,0.7360810230676845,51.510260832616034,legacy,5
5400,11.898307332738137,0.8391287251465065,0.0306817623937486,33.73662785649596,0.7376050834511693,51.49396042422238,legacy,5
5500,11.957762604973691,0.8438698469573566,0.0305645643071775,33.9040796008376,0.7481150034916088,51.49555211151743,legacy,5
5600,12.18041164050109,0.8579293926466387,0.0313482227217982,34.058759591129906,0.7401884331518143,51.508634393048766,legacy,5
5700,12.07388039859632,0.8510051410905257,0.0311120333956053,34.20410803952602,0.7244313354942721,51.55349900967767,legacy,5
5800,11.915653663163218,0.830773750468989,0.0309528680473848,34.34688330054773,0.732649109297854,51.57311914152832,legacy,5
5900,11.826146310666571,0.8292501856401986,0.0317567729822877,34.49392090448508,0.7415807968037026,51.55116348103076,legacy,5
6000,11.873978597732846,0.8415903558439807,0.0317382137698136,34.64778369865239,0.7316974478451499,51.5224872880461,legacy,5
6100,11.925638722671186,0.8379862691006108,0.0311496358874441,34.803661463260624,0.7292651351279499,51.49383781134922,legacy,5
6200,11.81021932003746,0.8292333303233169,0.0309714214407801,34.95173729039334,0.7408851403657926,51.47349763538525,legacy,5
6300,12.043440662988871,0.8357872653802964,0.0312674974800648,35.08500031371762,0.7340614944084571,51.49379557967936,legacy,5
6400,12.073873441923922,0.8400559286151748,0.0311290017116347,35.20581007847154,0.724251009127147,51.573020473444544,legacy,5
6500,11.827270378777817,0.8270405584778288,0.0306328728710356,35.324260107697604,0.7261933842342437,51.64249442667639,legacy,5
6600,11.805823021640627,0.8174424404822646,0.0308560222912864,35.44933280040786,0.7335935209919328,51.64300743866347,legacy,5
6700,11.81171716800155,0.8254165141954489,0.0306316212943777,35.58165840100856,0.7252468273846491,51.61509206977304,legacy,5
6800,11.827341209358124,0.8273113060876984,0.0303090702813093,35.71466170536208,0.721533744610292,51.59926742195098,legacy,5
6900,11.904458279987535,0.8192533206461267,0.029791422249096,35.84130406974897,0.7321703272035415,51.61371779452819,legacy,5
7000,11.90083879665471,0.8248341956359815,0.0296037912081216,35.95916244565012,0.7276872552609425,51.65441534897416,legacy,5
7100,11.944603541021309,0.8322266580968343,0.0299489072339146,36.07093348142004,0.7197243080721738,51.70472201096732,legacy,5
7200,11.897129750971068,0.825811928482412,0.029474501956231,36.18207506403736,0.7179750625860076,51.75370443370306,legacy,5
7300,11.810643769595542,0.816116417589115,0.0296350248967351,36.29736618619975,0.7271281418315262,51.75455321525457,legacy,5
7400,11.812637885333183,0.819040639967593,0.0301451832700171,36.41760051111819,0.7236179533792103,51.72074579038358,legacy,5
7500,11.811580366955717,0.8200231276036494,0.0294950474759225,36.53892516663964,0.7200330571290692,51.70386861654356,legacy,5
7600,11.83464874620745,0.8156188989724614,0.0295294914169329,36.656418234399496,0.7262405859083346,51.70320220888951,legacy,5
7700,11.83971938810725,0.8182064581234308,0.0295947869562307,36.76867564082719,0.7256790164573943,51.7254337622949,legacy,5
7800,11.899123208466593,0.827343436245522,0.0296752215506153,36.87808826988756,0.7202480317200335,51.74022023610174,legacy,5
7900,11.95687420911357,0.8250014311430758,0.0301214685748467,36.98685441729855,0.7262415760312366,51.732140499698566,legacy,5
8000,11.810108254262472,0.8185418980720821,0.0296801114999659,37.09481096808227,0.7234376644598269,51.72808204178998,legacy,5
8100,11.873157454117027,0.8176079093452928,0.0300593477033462,37.20219864345516,0.7232059077753317,51.73077143791605,legacy,5
8200,11.769057887940482,0.8201785453822111,0.0300518631948522,37.31199540558932,0.7256815962382284,51.73885832934023,legacy,5
8300,11.76296096783338,0.8171515327223168,0.0297532332573754,37.42617313298372,0.723533216909521,51.70486710359713,legacy,5
8400,11.94286228558143,0.8133574632695766,0.0303368410618346,37.5403402043483,0.7244013169387903,51.64089206085972,legacy,5
8500,11.811561203542226,0.8198990227986841,0.0300815665252868,37.64622852638541,0.7412714253049186,51.62485655176786,legacy,5
8600,11.863171548093066,0.8202447973020373,0.0306065845420681,37.74134578791698,0.7287939419304401,51.66017037894051,legacy,5
8700,11.80699368626593,0.8155313523652323,0.0304361461943142,37.83356716698626,0.7249081843626352,51.72456459539066,legacy,5
8800,11.689321770576717,0.8170774915206617,0.0297849975519562,37.93312978203464,0.7317555623811343,51.73160372202083,legacy,5
8900,11.860028467933216,0.8217585499959473,0.0309996267065843,38.04073681211159,0.7271258264179744,51.644211995245286,legacy,5
9000,11.752882174815324,0.8148915334308706,0.0304192589210493,38.14674129212474,0.7274221732794045,51.60020661858627,legacy,5
9100,11.681838351862655,0.8121718302048123,0.0295193798584462,38.24241193465957,0.730599731021099,51.62968451018755,legacy,5
9200,11.721111087764164,0.8154162631708751,0.0304344172380293,38.32896552222076,0.7222856653852388,51.6738896504093,legacy,5
9300,11.62255055625688,0.8121912508256162,0.0301539437408769,38.41425869090224,0.7234011956168397,51.72039336006941,legacy,5
9400,11.614788551480425,0.8048466127578379,0.0297930393259747,38.50311711605937,0.7252179080639013,51.717090975096056,legacy,5
9500,11.629353109902729,0.8141196176455034,0.0299807521052905,38.593740097618856,0.7207368770550027,51.688260058034444,legacy,5
9600,11.546577679179372,0.8176173092988234,0.0298259890691811,38.68264339046269,0.7235651732895643,51.69601876978637,legacy,5
9700,11.526376608629617,0.8102835192206546,0.029583832290062,38.76963882499674,0.7168318862557942,51.73742437637416,legacy,5
9800,11.460172981026954,0.8055394167905583,0.0287835716563962,38.85688145090672,0.7188800160555929,51.7752714653186,legacy,5
9900,11.52959142103936,0.8140750312104166,0.0292443321270474,38.945137712279546,0.7183678087957874,51.76316036399779,legacy,5
10000,11.505333512783029,0.8130611870631087,0.0296493377411367,39.03260998764157,0.7229382098383509,51.732966635128754,legacy,5
10100,11.41788850185342,0.803677512355659,0.0288306030926892,39.11684883723618,0.7235823143861627,51.730262240446045,legacy,5
10200,11.414741832141075,0.806530165615949,0.0291611829022469,39.19727554626761,0.7250206440202565,51.747646851877725,legacy,5
10300,11.424445324530003,0.8163472547580362,0.0295623327936563,39.27672142017815,0.7195739748115552,51.78053425909472,legacy,5
10400,11.397729128829756,0.8082238655753248,0.0291464656955154,39.360673435339095,0.7305325132427399,51.81920206832626,legacy,5
10500,11.39153466363284,0.8016731140618376,0.0284246854644474,39.452897614456425,0.7280215937316855,51.80622642312799,legacy,5
10600,11.474432827344128,0.814801121907755,0.0291812033784402,39.55001465636136,0.7258492698941319,51.710754308106814,legacy,5
10700,11.574376255690078,0.8242287087786188,0.0299609753012794,39.64201431332167,0.7355800679880831,51.62363667188462,legacy,5
10800,11.480143679827586,0.816934896757881,0.0291911924571503,39.72138903049737,0.7321027788502333,51.64334262248936,legacy,5
10900,11.445293221689107,0.8123174120065888,0.0296501929309005,39.792456576012974,0.7181136630801288,51.72331844493591,legacy,5
11000,11.453129171516428,0.8214634665323808,0.0304188120344665,39.868877192173656,0.7368818932524268,51.75561537081671,legacy,5
11100,11.451065447570397,0.811444055015907,0.0297929408372345,39.95906892912074,0.7338108039049994,51.716585828936246,legacy,5
11200,11.426246855987012,0.805423815487249,0.0295567242026277,40.05545369598839,0.7212550090439811,51.60825203748601,legacy,5
11300,11.615699012099308,0.8186556428532449,0.0304575625405774,40.14197641327541,0.7354451341384505,51.52415325170141,legacy,5
11400,11.62138095665638,0.8211903924348428,0.0308006272366504,40.21214249732073,0.7272115149420997,51.58324348275805,legacy,5
11500,11.48799983510914,0.8110051908878751,0.0301855775572123,40.27601175663196,0.7258454355989636,51.69066815834727,legacy,5
11600,11.516816442838628,0.8236541308475003,0.0301570926460319,40.34768405258689,0.7312791919567431,51.70903388318312,legacy,5
11700,11.549849340829764,0.8195780102809446,0.0307183390827023,40.42867956273224,0.7203796361190002,51.63979529133814,legacy,5
11800,11.538233432201755,0.8139140507272049,0.0302361333858665,40.5079518646361,0.7294419399754718,51.58872553815676,legacy,5
11900,11.616679484273805,0.8093086449701739,0.0302366438380097,40.57716752252493,0.7239612660170653,51.617973112629656,legacy,5
12000,11.562431560011309,0.8117360535372334,0.0306483985261293,40.64049215470604,0.7222484074976511,51.68226880650528,legacy,5
12100,11.464726481343972,0.808244638563472,0.0302386750511218,40.707610315671154,0.7267202261087434,51.72186385371799,legacy,5
12200,11.63214925004544,0.8115505082624694,0.0305457661451672,40.7811755190544,0.7149142638533703,51.69939209321327,legacy,5
12300,11.649874349032142,0.8248391797255363,0.0301807262006842,40.85532639255148,0.7212842862188446,51.66977873582537,legacy,5
12400,11.67957639730532,0.8243504879960755,0.0301172696669164,40.92492116390408,0.7222756430072214,51.67749152001949,legacy,5
12500,11.72790057968644,0.8173318033110665,0.0305833973178932,40.99129480366163,0.7252586009077615,51.69765109375604,legacy,5
12600,11.652606813621604,0.8139937640103404,0.0300015398354205,41.05819083913552,0.7145029973890517,51.71754606171871,legacy,5
12700,11.639454044343797,0.8168717106875564,0.0301143823149084,41.126279852897866,0.717920093047959,51.714375778556736,legacy,5
12800,11.666558326885308,0.8162190388929205,0.0304381034380389,41.194481926291886,0.7185610314558206,51.70839380613516,legacy,5
12900,11.658242511043756,0.8126642434592807,0.0300473105426408,41.26383929594383,0.7149938141179613,51.71526334731296,legacy,5
13000,11.799851841087351,0.8245559329065122,0.0299633687105862,41.33583833200163,0.7183884296221443,51.69637713022517,legacy,5
13100,11.811731825330384,0.8319151027577716,0.0302513767832691,41.40761226717395,0.7259344273208229,51.65584423435946,legacy,5
13200,11.761847957748934,0.8231599638358514,0.029957328838567,41.47330309241383,0.7189419419081343,51.662208081545934,legacy,5
13300,11.632449359580416,0.8156503264889504,0.0295222668242493,41.5317974754109,0.7150145771981217,51.71329990647906,legacy,5
13400,11.689645106297316,0.8211854409629262,0.0302031145318061,41.589978183476376,0.7205616530111849,51.73621715163448,legacy,5
13500,11.67465999173282,0.8193309945510772,0.0300093195189331,41.6553047837163,0.7211252096399053,51.732106781143095,legacy,5
13600,11.7142472736039,0.8115968405599651,0.0293809558338918,41.72631951782648,0.7152191627293353,51.69313290047326,legacy,5
13700,11.776767105248664,0.8228744409008293,0.0296519625230844,41.79372028348436,0.7236103041757812,51.65567468689822,legacy,5
13800,11.734032373874827,0.8304771366483008,0.02954344953337,41.85108158007839,0.7210669299968284,51.70012134411457,legacy,5
13900,11.716255707154469,0.8229904625946757,0.0289983979275514,41.90194352960208,0.7139766105879458,51.77586568093816,legacy,5
14000,11.6457700639434,0.8133543120977837,0.0290573351040247,41.95536845527252,0.7224381097512377,51.80645801078384,legacy,5
14100,11.761818078111943,0.8182573468306819,0.0294616757125491,42.016379191512655,0.7216472539507768,51.786603542033575,legacy,5
14200,11.700131449323576,0.8178646282986163,0.0289355915497613,42.08233499966771,0.7147037938725569,51.76654882986434,legacy,5
14300,11.66294213141006,0.811937158124728,0.0285161689082256,42.147145896817534,0.7216111383280357,51.75809198181513,legacy,5
14400,11.825842121328066,0.8209919899559368,0.0288204708217283,42.20661999999858,0.7231961101589193,51.76608944315523,legacy,5
14500,11.666980040826653,0.8223253169893756,0.0284413090774004,42.26051548902559,0.7194936509254479,51.8045003498634,legacy,5
14600,11.745129426029264,0.8200364881533152,0.028984665752318,42.31229181050219,0.7154232783631341,51.82957112668089,legacy,5
14700,11.726136200335889,0.8129187763089735,0.0289414367262696,42.36749784369777,0.7221076315330103,51.84544381037649,legacy,5
14800,11.625693842437244,0.8133680265851756,0.0287368738777618,42.43008550991675,0.7205505566167028,51.835406536202754,legacy,5
14900,11.796464328891432,0.8120129743014488,0.0291614565386911,42.498394259468775,0.7141751579087509,51.79116105960321,legacy,5
15000,11.728660733293294,0.814885092798516,0.0284649574782203,42.5653270689154,0.7236998638169921,51.76353172802282,legacy,5
15100,11.72470490588272,0.820346844368505,0.0286441713774004,42.62406895213886,0.7236294257814084,51.765650679184496,legacy,5
15200,11.748993393944694,0.8162637663208919,0.0288594542316714,42.67445374203044,0.7138934090551685,51.80562283107303,legacy,5
15300,11.62467299789705,0.8138489837394295,0.0290602344811541,42.72365872501126,0.7210810474752487,51.83393006671312,legacy,5
15400,11.704978665353403,0.8165063410071298,0.0291349801839516,42.780073725812656,0.725925959221282,51.822287797409714,legacy,5
15500,11.71341813967336,0.8146787158511369,0.0287397082947266,42.845805085137,0.719663685652031,51.78987519459689,legacy,5
15600,11.640879133533478,0.8107200006900825,0.0290878912817104,42.91477693966761,0.7214714208813388,51.73343290024685,legacy,5
15700,11.823620891457397,0.8201292341412395,0.0287470524941834,42.97794187276024,0.7257092507965078,51.71396855092488,legacy,5
15800,11.800792347843268,0.8258803765208708,0.0281968662667519,43.030728570862806,0.7250808253073971,51.74440131395359,legacy,5
15900,11.77777341603013,0.8206457326035429,0.0292667705765706,43.0767127791592,0.7197282228210642,51.77499476462477,legacy,5
16000,11.742354720648065,0.8171215401237069,0.0291792390430997,43.12464447953586,0.7217909901623707,51.795917118934966,legacy,5
16100,11.6489135575108,0.8172122547765904,0.0287746880740499,43.18067751037739,0.7251009286075759,51.77197997146512,legacy,5
16200,11.770928903219062,0.8166232429737057,0.0292556736637904,43.24255101621959,0.7211373473012487,51.712940943266574,legacy,5
16300,11.737085438842348,0.8165266048893549,0.0290715125726762,43.30231475785475,0.7206882877539124,51.69511928518839,legacy,5
16400,11.801016082230758,0.8195291564217524,0.0289349405345583,43.35521883927245,0.7232098354173678,51.73009421022128,legacy,5
16500,11.903926732839825,0.8306306203162452,0.0288516396918728,43.4041759115292,0.7270943551152891,51.76309154633447,legacy,5
16600,11.868859687723049,0.8277420261897244,0.0291611117996064,43.4542933318258,0.7196915006696584,51.75422860227241,legacy,5
16700,11.735953131817066,0.8124453884804986,0.0292769040003963,43.5054441719612,0.7233264513273316,51.72257698226528,legacy,5
16800,11.701688261703008,0.8125410371678792,0.029294409853688,43.55387416083575,0.7232536758326885,51.71435890194248,legacy,5
16900,11.647422854272389,0.8181754950789416,0.0295474097464175,43.6003158965407,0.7263184348520256,51.749781990292725,legacy,5
17000,11.63327254405708,0.8093687716410248,0.0292469858142826,43.65148991096809,0.7363497747643432,51.78254576685512,legacy,5
17100,11.75914383315024,0.8143124473481556,0.0292799836909146,43.71101733178439,0.7225975085737407,51.75146350992804,legacy,5
17200,11.942428860900842,0.8326402418097946,0.0292145929693093,43.77222364216725,0.7296458031392535,51.68762175673074,legacy,5
17300,11.879971841998248,0.8320515740721497,0.0290477311612499,43.82439990388234,0.7324414923169034,51.66632244889034,legacy,5
17400,11.723341421930616,0.8122273671514595,0.0294106866195513,43.865654982106655,0.7235865763013571,51.719769584732525,legacy,5
17500,11.559477593828184,0.8095733632522291,0.0292107747315582,43.90600620328207,0.7297794238584524,51.78442266200405,legacy,5
17600,11.607777548357,0.8189516362807825,0.0298901004528645,43.95649798764804,0.7381220336249409,51.761264374952695,legacy,5
17700,11.720702210235718,0.8145420613232511,0.030258376380975,44.01749790878228,0.729462573569088,51.68926934200328,legacy,5
17800,11.658922739238772,0.8090663517669413,0.0298629851498816,44.07977656305896,0.7319623897886723,51.644484123637234,legacy,5
17900,11.78171167205523,0.8300536101201869,0.0303555254168281,44.13510048121952,0.7304969944112869,51.62809229272276,legacy,5
18000,11.796321486043423,0.8307774386167947,0.030183273689065,44.18275870569423,0.7251037964660628,51.65236898163555,legacy,5
18100,11.58871506860334,0.811844978756733,0.0299773814389678,44.2269997353016,0.7174299353003467,51.68487872120237,legacy,5
18200,11.641874671320464,0.8129276070674097,0.0305988007724341,44.2720431853332,0.7276878036641417,51.6750958304581,legacy,5
18300,11.65611987246028,0.823669061992342,0.0308681736505672,44.3205365201688,0.7317933836167075,51.64982255625187,legacy,5
18400,11.59063697759949,0.8103968080755388,0.0308211453820145,44.373497177850496,0.7216910038999944,51.63116376304297,legacy,5
18500,11.542533657345103,0.811490149529886,0.0307373203589019,44.42889206366701,0.7327023893224571,51.60872096711082,legacy,5
18600,11.688428690687564,0.8247440321801448,0.0303998817394516,44.48161006045227,0.7244532865182602,51.60005089833175,legacy,5
18700,11.731807242423647,0.8242632221707257,0.0301477998453128,44.52766229919117,0.7263044481122022,51.61883006000768,legacy,5
18800,11.574641991039991,0.8175484136943145,0.0308126648363218,44.56860228264585,0.7230251094749636,51.6389550180381,legacy,5
18900,11.677436016518383,0.8169146839256979,0.0306237187140791,44.61003978612355,0.7243128353560248,51.65404546024584,legacy,5
19000,11.623810702252571,0.8221906816462626,0.0303559038210979,44.655561455664014,0.7214139673018728,51.646894969519856,legacy,5
19100,11.62708629732161,0.8136129781820903,0.0309562013268044,44.70392813981876,0.7270499637101048,51.62098306505762,legacy,5
19200,11.681823117151598,0.8169749252497973,0.0307062653634753,44.752612380459,0.7237908219839297,51.62991087575296,legacy,5
19300,11.702026827907964,0.8251044292328491,0.0301701539104665,44.80143072165046,0.7167070100813056,51.645376536820365,legacy,5
19400,11.780861811885032,0.8210993902329783,0.0304736138392871,44.85090114580164,0.7277929226355945,51.625241931444194,legacy,5
19500,11.671736742091047,0.8244942213520278,0.0309670041657504,44.899145654251626,0.7258140487127688,51.5957270380792,legacy,5
19600,11.70671324895965,0.8225415929274668,0.0311229212694625,44.94342017202722,0.7186522981990465,51.58852519905511,legacy,5
19700,11.80773464227824,0.8253318991312659,0.0308575469608953,44.98449705655528,0.7210897781651127,51.60823071854866,legacy,5
19800,11.711591319483244,0.8184927054142435,0.0313997792220613,45.02730065188338,0.7292623043631303,51.62037070825606,legacy,5
19900,11.777553289234136,0.8195853690092106,0.0315874912617305,45.07632680766994,0.7229684708160762,51.61267994649991,legacy,5
20000,11.983918811136968,0.8346121540640125,0.0310486671193659,45.13092110710059,0.7215393009248036,51.58360713045749,legacy,5
3000,10.838510837730029,0.7939828799828726,0.0261309651683063,27.877606505195534,0.741246248164202,52.074583209065615,balanced,5
3100,10.779423675094002,0.7890700952201246,0.0260446652837286,28.16226575851125,0.7250835500179015,52.12028035904269,balanced,5
3200,10.737769032052524,0.7936959322617531,0.0262691282725053,28.448102664788344,0.7362935384233206,52.095748859661335,balanced,5
3300,10.716590126549786,0.7945287361340811,0.0263295163654365,28.72975404323388,0.7349192913570534,52.0498727892706,balanced,5
3400,10.73347361172549,0.7907012220861496,0.026273692485819,29.003919885720908,0.7264168659335215,52.005808427151294,balanced,5
3500,10.798891330656868,0.7978314951478743,0.0262866199516206,29.268473149857822,0.7225363306857383,51.97803438852804,balanced,5
3600,10.828494855193444,0.801339963727445,0.0262611692474687,29.52180256074781,0.7261390971623093,51.97896134796721,balanced,5
3700,10.76159081811804,0.7930037787754709,0.026344430906865,29.76458388093782,0.7269049466314451,52.0062971390425,balanced,5
3800,10.69768314935894,0.7898788548180881,0.0261603014293057,30.00032693215326,0.7279058211042347,52.04001560156951,balanced,5
3900,10.721587940111377,0.7903560969833803,0.0261390697112507,30.23198032219977,0.725011456919849,52.051294345176565,balanced,5
4000,10.776121266946092,0.7955980183216129,0.0265561671961488,30.458693688011422,0.7306429401460255,52.04582687445759,balanced,5
4100,10.755070996098162,0.7949478514587708,0.0263244913454182,30.67798644773616,0.7265174898151778,52.06165308686054,balanced,5
4200,10.718726524270238,0.7891247965407211,0.025875670482112,30.890808588598443,0.7240323210715253,52.090189932638886,balanced,5
4300,10.76883705821212,0.7927437912426528,0.0261297933017346,31.101936397357814,0.7393038093886403,52.0832050862902,balanced,5
4400,10.830934938541876,0.7998503033696169,0.0261514987514843,31.31422729389978,0.7406795289923832,52.03114039990556,balanced,5
4500,10.784894745463795,0.7993104537281561,0.0261396475013162,31.524257459099047,0.7356556003758452,51.96480154634715,balanced,5
4600,10.829825838350366,0.7953609783000262,0.0260844376547769,31.725556450930124,0.7420809054987548,51.92426589218325,balanced,5
4700,10.921912104768372,0.799843691046634,0.0261937238277836,31.91547355009062,0.7498690549563035,51.92768894034618,balanced,5
4800,10.949137522859427,0.8024012226422282,0.0267139776893818,32.09728458777226,0.74364175244699,51.963874359778345,balanced,5
4900,10.83164244852965,0.8005901487522672,0.0267958159380966,32.27604275078372,0.7362748911977445,52.01488064208598,balanced,5
5000,10.727675537454376,0.7909613606762537,0.026295631209356,32.45446087341914,0.7251764326045311,52.046489090521945,balanced,5
5100,10.862629676851354,0.7982945172091548,0.0272203322067965,32.63342244445534,0.744556926410079,52.02501184192951,balanced,5
5200,10.956828530896365,0.807095434703715,0.0279226118535955,32.81405217628199,0.7452438042142628,51.97094322794787,balanced,5
5300,10.924554348705682,0.8082581611011586,0.0274301069548178,32.99645946966278,0.7346636838407489,51.91102861062238,balanced,5
5400,11.02883454312182,0.8088637134400897,0.0278730770594463,33.17678530690989,0.7395369727844012,51.83248801633367,balanced,5
5500,11.193825470405072,0.8149973626107287,0.0287307099417015,33.34841417402111,0.7473750129448106,51.77996584893382,balanced,5
5600,11.19247986021209,0.8145433291290146,0.0283303472590472,33.50788739256366,0.7382054425727451,51.80717207431978,balanced,5
5700,11.060910839785418,0.8115091622112661,0.0286661765609856,33.65884820140601,0.7284213426225234,51.86470387014098,balanced,5
5800,11.04510176215618,0.8090051338310777,0.029225937652755,33.80896332871089,0.7208743364750797,51.89491238135869,balanced,5
5900,11.117044981860303,0.8113678723082931,0.0291939074954552,33.96308654476235,0.7339668173464262,51.88267645574131,balanced,5
6000,11.189133035521104,0.8184085473554996,0.029342099427152,34.11996691865622,0.7322121175454857,51.83431002002967,balanced,5
6100,11.263918711517956,0.8246398636428651,0.0294683550577173,34.274782677556395,0.7242474894142246,51.78377614455553,balanced,5
6200,11.350727966903849,0.8281141946953636,0.029412789085057,34.42325676862363,0.7249667381863103,51.75660441276484,balanced,5
6300,11.42921841236175,0.8289786271089273,0.0293317976843602,34.56342275931973,0.7292955035516835,51.75922327995624,balanced,5
6400,11.314899963827305,0.8243246226340876,0.0292398802884624,34.69556730128362,0.7225327162475081,51.791823490405086,balanced,5
6500,11.278407461495837,0.8224065381826973,0.0293078189312094,34.82215200302316,0.7163227481976819,51.83937428434062,balanced,5
6600,11.158627025752237,0.8204733586400008,0.0294431831492034,34.9471636611211,0.713808248285745,51.87068862297981,balanced,5
6700,11.191700758359254,0.8197376705907081,0.0290801531285795,35.073730248886,0.7158515312640491,51.881050064752,balanced,5
6800,11.21199487448351,0.8215776335076528,0.0288739257009075,35.20168089840189,0.7148353811331198,51.88562578111406,balanced,5
6900,11.237594174323322,0.8249631332696783,0.028786483763452,35.32812770732725,0.7228239410636106,51.89181341094661,balanced,5
7000,11.308885850008563,0.8291180989925256,0.0283042667412647,35.45078807642198,0.7202132198997385,51.90710267569758,balanced,5
7100,11.327462791739428,0.828663010923638,0.0283710799859962,35.570149471369334,0.7125404832115325,51.91816183944807,balanced,5
7200,11.229435706766736,0.8210072719308553,0.0283625743201549,35.68820329794605,0.717566448035811,51.9238988552587,balanced,5
7300,11.195156411179823,0.8207259273918895,0.0280122433788348,35.806032484176725,0.7157908874926795,51.92873067024242,balanced,5
7400,11.14321357064882,0.823435062681102,0.0285336637507327,35.92346973641552,0.7162234287028985,51.91904017069401,balanced,5
7500,11.079833625707252,0.8181768216961824,0.0285818594244052,36.04040839680928,0.7168719484994432,51.92435592956625,balanced,5
7600,10.990053323191429,0.811218528838477,0.0277446498733875,36.15704598888102,0.715373743984016,51.94049256620743,balanced,5
7700,11.036888554006564,0.8169949471810426,0.0281399485815135,36.27277591591603,0.7159627754482015,51.933503614091705,balanced,5
7800,11.140514039300555,0.8264409115008964,0.0284812454981683,36.38625638937353,0.7204870752891802,51.93235614812602,balanced,5
7900,11.062883950562544,0.8215426528414552,0.0283026578068828,36.49742953423576,0.7241956882470884,51.93888378886156,balanced,5
8000,10.96469975860462,0.8083463747832661,0.0284848692193073,36.60851464448106,0.7210344681576708,51.92596274809283,balanced,5
8100,10.975951082449749,0.8180584198813048,0.0286520036493888,36.72153790434838,0.7201308591279634,51.88687924421243,balanced,5
8200,10.992996316086804,0.8275834694441053,0.0291639687425439,36.83487793250366,0.730098964605484,51.83953005740235,balanced,5
8300,10.853200859189382,0.8158794935198102,0.0286713266991375,36.94367298539237,0.7284398138734096,51.83531093437849,balanced,5
8400,10.79713177817242,0.8046622220608801,0.0283038549468197,37.04465376398181,0.7233262802838791,51.87585865579389,balanced,5
8500,10.805851000815574,0.8088525861302127,0.0289431811295594,37.14025419505567,0.7165477298009034,51.92613501287061,balanced,5
8600,10.8658948684743,0.8198220475441462,0.0287760685035559,37.237087925932485,0.7303437654966678,51.95828045532682,balanced,5
8700,10.795892666296838,0.8148313986619582,0.0286247807136387,37.33988947029622,0.7309763941501064,51.93703956432903,balanced,5
8800,10.762949634181812,0.8045372965071693,0.0287115244837237,37.44705963021781,0.7222335811522435,51.882687865105474,balanced,5
8900,10.82428983536062,0.8195938918413666,0.0286346028117246,37.55232355253754,0.7262455494184861,51.83936105600263,balanced,5
9000,10.862015252159216,0.8288010917184263,0.0288527453723383,37.65055206372427,0.7334934621301483,51.83030248168743,balanced,5
9100,10.69581563498908,0.8166349380326247,0.028422495782827,37.74199219481029,0.7278844445083655,51.863527485181216,balanced,5
9200,10.785445277621076,0.8093400849310433,0.0285933270078806,37.83148169350614,0.717450663132013,51.89861556114175,balanced,5
9300,10.75448498597718,0.8095345955643044,0.0290588432361561,37.924056241096686,0.7194354641793443,51.91455603169961,balanced,5
9400,10.796155061529404,0.817911347930785,0.0288820423966819,38.02100791383842,0.7272176576663086,51.91255358902793,balanced,5
9500,10.78263792454772,0.8147706190392361,0.0287538178806922,38.1195073445997,0.7237272693876946,51.88703476617821,balanced,5
9600,10.894876160468606,0.8120591360071764,0.0287319036123863,38.215738086677526,0.7149351569135514,51.85578891574144,balanced,5
9700,10.900281008824113,0.8213342960553743,0.0294743018832589,38.308499166641695,0.720979286997303,51.82585040590645,balanced,5
9800,10.84957722256524,0.8237360203285451,0.0294816781292096,38.39972874034014,0.7240575955057011,51.81271518060751,balanced,5
9900,10.80115352674352,0.8126751875147095,0.0290100502462846,38.49143957394762,0.7189225891811162,51.808229691822014,balanced,5
10000,10.967101008415568,0.8234781114237487,0.0295929115972707,38.58275083797835,0.718322820160765,51.79694941562939,balanced,5
10100,10.880389785243665,0.8131909314073436,0.0294122885618471,38.67088630426091,0.718053051365937,51.814746962587286,balanced,5
10200,10.84704791672755,0.8128727243167596,0.0288882923421604,38.7549906639789,0.7165099521086934,51.84460611199199,balanced,5
10300,10.949935770008876,0.8164339321025177,0.0294087405793419,38.837771024582246,0.7210420151545485,51.848631104058505,balanced,5
10400,10.983949196685025,0.8179792072867909,0.029688837665228,38.92271380739945,0.7216222790882536,51.829882368150585,balanced,5
10500,10.899536912110523,0.8047273829453313,0.0295541902199979,39.01026583284594,0.7172355169270133,51.796285884563325,balanced,5
10600,10.874621303064137,0.8142447491376016,0.0293027635428688,39.09742013872608,0.7212196447316485,51.76601614143337,balanced,5
10700,10.991978698770954,0.8277286455824375,0.0296523924752648,39.18070958413534,0.7252209007297298,51.7590554364867,balanced,5
10800,11.013194079684506,0.8251518233832986,0.0294057353493209,39.25902738795373,0.7171883281338834,51.79633599416115,balanced,5
10900,10.869925120888489,0.8106193273418915,0.0288337809809081,39.33396940640501,0.7130498764464631,51.84952639923824,balanced,5
11000,10.88279138185097,0.8145031263733956,0.0291520250133114,39.40842077283372,0.7185920551962104,51.86802199885016,balanced,5
11100,10.912419924461611,0.8154407696765382,0.0292941359069631,39.484843114571866,0.7236458179497454,51.85984029534927,balanced,5
11200,10.891159271695148,0.809298384348338,0.0292116226182976,39.56381103351994,0.7180971350438075,51.83824217406422,balanced,5
11300,10.870782455432089,0.8088968185065506,0.0292853143212038,39.643382912629136,0.7222852159584293,51.81881201073459,balanced,5
11400,10.875453420389348,0.8147350908647911,0.0288491763433921,39.72033760558443,0.7197921498810992,51.82847046147242,balanced,5
11500,10.884336143150492,0.8170963690649558,0.0288462078861318,39.792903196792025,0.7201816034173025,51.85307987484569,balanced,5
11600,10.823105704367029,0.8149991172728266,0.0290134021470842,39.86239246250758,0.7205744780903444,51.87934991866215,balanced,5
11700,10.789589078151591,0.8141735161967625,0.0282973162461263,39.93170605226794,0.7256337270953205,51.90429301982794,balanced,5
11800,10.762346543680197,0.8106145049288749,0.0285477692372847,40.00220990875614,0.7219738928568981,51.90517156189853,balanced,5
11900,10.8031611109459,0.8091671958796086,0.0287840256002417,40.07263070591336,0.7216040784732616,51.90423193480232,balanced,5
12000,10.752639335679856,0.8089331719710255,0.0279671997703441,40.14117512994876,0.7219829143281536,51.93136173120575,balanced,5
12100,10.731092988330465,0.807605124896045,0.0277253027533092,40.20808412218219,0.7180525406570998,51.9598655563718,balanced,5
12200,10.757388643261416,0.8087398289078055,0.0280563049642958,40.275524114275576,0.7155711456073426,51.97072930335861,balanced,5
12300,10.748515868858066,0.8139667758910621,0.0276548545993056,40.34520605853029,0.7265131233576235,51.96830746469464,balanced,5
12400,10.711578288172166,0.8151131390587705,0.0274379246276628,40.4166409972332,0.7244839861903513,51.954983669238544,balanced,5
12500,10.677562086363794,0.8021935644237114,0.0274566651728346,40.48762631337009,0.7239750146881095,51.93768698358446,balanced,5
12600,10.713404040055693,0.7970772985541513,0.0275802157269949,40.55601093215336,0.7278915955358313,51.94066981792561,balanced,5
12700,10.67324284501142,0.8018374191048164,0.0274666159998818,40.62140703468037,0.7243891943652817,51.97285909419304,balanced,5
12800,10.684920401720705,0.8024331637367779,0.0277503116425267,40.686208132456976,0.7213011765552665,52.00067774690422,balanced,5
12900,10.697944974453796,0.7963939628836009,0.027932661097717,40.75479044809021,0.7269194054087038,51.99901072757777,balanced,5
13000,10.665428020210133,0.798720459707518,0.0277672061026999,40.83001083489446,0.7318374071527354,51.96258766606815,balanced,5
13100,10.66815926210682,0.8052638619607408,0.0280973858753301,40.90939451206413,0.7191374240236255,51.89347958862071,balanced,5
13200,10.743016582939386,0.805009558905314,0.0283301035733557,40.98585197447377,0.7286496955175285,51.835285227022496,balanced,5
13300,10.776733031762047,0.8065168606582119,0.0285616494596045,41.0538340923497,0.7315504412890698,51.83979948531681,balanced,5
13400,10.681037320884748,0.8003312770965637,0.0285045783025375,41.11497527409383,0.7178390690011313,51.88540256850512,balanced,5
13500,10.70529920551393,0.8043758662449013,0.0289653684383757,41.17677870795526,0.7245728958428315,51.91028220319449,balanced,5
13600,10.846476091760255,0.8159818303578883,0.0293376403768772,41.24539402275708,0.7303562795049989,51.88990903194007,balanced,5
13700,10.853203796200797,0.8175998317669313,0.029461469899344,41.32024058090202,0.7220582390859959,51.84393892695423,balanced,5
13800,10.805648863166295,0.805925677341339,0.0289660661632725,41.39566887250589,0.7182473335097338,51.79678784946792,balanced,5
13900,10.85928210012174,0.8121521370387292,0.0292318732806113,41.46653809814364,0.7304343537911806,51.75770750913117,balanced,5
14000,11.01595808103275,0.8246722534723462,0.0299063418697472,41.53159237337268,0.725943686778369,51.74065496872815,balanced,5
14100,10.941460664955583,0.8193045504844427,0.0298261648187423,41.59293162943457,0.7184695046115557,51.75352154584311,balanced,5
14200,10.819313769354018,0.8041740203930193,0.02951302015579,41.65388568965233,0.7212451494745598,51.78004156164081,balanced,5
14300,11.034867254662998,0.8236657505901848,0.0299152143194201,41.71709197159976,0.7213286777899852,51.77896603361428,balanced,5
14400,11.176536432836324,0.8364608163861723,0.0306822930089327,41.783038521472776,0.722793808952166,51.75263862294718,balanced,5
14500,11.130136295799854,0.8275764689864913,0.0297653527762256,41.84970438459445,0.7211764249385202,51.74161669159824,balanced,5
14600,11.032201903123774,0.8126984136280563,0.0296597766391101,41.91407913753512,0.723051837983812,51.72164246282249,balanced,5
14700,11.188846225812402,0.8303936726381286,0.0306139519287008,41.97445157298448,0.7234062251732531,51.69392873184377,balanced,5
14800,11.15978659690384,0.8322175931736068,0.0303850318411793,42.03114035033845,0.7203273380040895,51.70032891061163,balanced,5
14900,11.033918964182208,0.8194467607975365,0.0300646045598297,42.08529111182821,0.7162199019912495,51.72573938062238,balanced,5
15000,11.089573268024058,0.8205610101846658,0.0301787622276582,42.13788633187289,0.7149503984243049,51.75272018256757,balanced,5
15100,11.211464992253209,0.8347685543478243,0.0301097123280747,42.1902764111092,0.719935663458149,51.78005939061788,balanced,5
15200,11.219066647755003,0.8362309673558228,0.0298847254634306,42.24452936247503,0.7212872260278397,51.79363177935413,balanced,5
15300,11.113698100090636,0.8209261080319893,0.029745520612164,42.30169368264213,0.7170462083234255,51.78662579705914,balanced,5
15400,11.08064483586718,0.820345664173482,0.0291832330173977,42.35967209964549,0.7191463062833857,51.769127952523256,balanced,5
15500,11.092720903439526,0.8290128609813641,0.0292271537284974,42.41434485226251,0.7200064154467285,51.75521311454009,balanced,5
15600,11.136968361091451,0.821660066052949,0.0298180844617437,42.46379174575276,0.718652814463719,51.77223384497423,balanced,5
15700,10.98129966500369,0.8164960201867426,0.0294509688081045,42.51068074237065,0.715727359834606,51.83001707597508,balanced,5
15800,11.016046014223154,0.8220308499753547,0.0285741429174254,42.55957096736112,0.7157411704972108,51.8740104112882,balanced,5
15900,11.032784096159912,0.8227603634358343,0.0291523724659562,42.61244791420469,0.7175556236621887,51.86498941039688,balanced,5
16000,11.056256588328417,0.818027151210365,0.0296437897775839,42.66790819576198,0.7181127428811758,51.84483746504774,balanced,5
16100,10.97310572329931,0.8080781925438797,0.0287067248118483,42.72386003748977,0.7148754239793741,51.84499774409196,balanced,5
16200,10.989020747002805,0.8171862933147819,0.0286184072402391,42.77912698793276,0.7172439486825888,51.835823666557545,balanced,5
16300,11.09854950627594,0.8202291778276805,0.0292687815694728,42.83254018027208,0.7193302679174448,51.82413218986088,balanced,5
16400,10.988880577659042,0.8108391602762315,0.0293007123645302,42.88275310990458,0.7169760445636523,51.845133011189006,balanced,5
16500,10.93712689314481,0.8176797098083644,0.0288079740270613,42.93025951454327,0.7153855098078883,51.883677893783975,balanced,5
16600,10.846488494391211,0.8101032160607959,0.0286503049260302,42.978360527048494,0.7197533968491745,51.90221314396656,balanced,5
16700,10.96290606288261,0.8130705135961668,0.0294876409978145,43.030422379457846,0.7206625029094582,51.884935058099856,balanced,5
16800,10.943338297878482,0.804368366217347,0.0295560438805739,43.08625779789451,0.7190874598296586,51.86549824808367,balanced,5
16900,10.986189886449928,0.8049924977144616,0.0285967384920611,43.14238741566864,0.7168861945056516,51.86125793277078,balanced,5
17000,11.030920594681527,0.8149624601368215,0.0289065348317411,43.19589640082125,0.7206540139395002,51.85454147582821,balanced,5
17100,11.138950659176013,0.8174193235523394,0.029175732495198,43.24688844142117,0.7235747440280844,51.85894262741952,balanced,5
17200,11.096604929618296,0.8159795690267804,0.0289727643024956,43.29696120864882,0.7210001175555852,51.8681517320047,balanced,5
17300,11.027623435516666,0.8054197824170626,0.0291102166568275,43.34670698338516,0.7145806449750262,51.86818452719503,balanced,5
17400,11.077562071181353,0.8152369293601288,0.0289752203933056,43.39584043719182,0.7212508684590294,51.87526156442362,balanced,5
17500,11.22110261324764,0.8193080410293211,0.0293143059923054,43.44502628470507,0.7245287789471517,51.884965415288434,balanced,5
17600,11.231818802994136,0.8124127034893496,0.0295077603594607,43.49607019951358,0.7225006197980072,51.89052048011877,balanced,5
17700,11.288953922251094,0.8158125005075155,0.028744406518429,43.54992366365078,0.7170766865429837,51.88062159756,balanced,5
17800,11.377664470671796,0.8280334371897881,0.029093624550139,43.60508911868436,0.7264317958503733,51.840421294291616,balanced,5
17900,11.420281826125096,0.8278342087303929,0.0295214816088608,43.65830244321488,0.7247534092135844,51.81065354773417,balanced,5
18000,11.373197349109898,0.8178944149831711,0.0291622435818458,43.70685471840044,0.7248120883863967,51.82676306817751,balanced,5
18100,11.349587368661725,0.8233123351222844,0.028940282663976,43.75089297059128,0.7200271648654629,51.86101102909053,balanced,5
18200,11.450203054382948,0.8310305041244348,0.0292047771685963,43.79413453042086,0.72613221067719,51.89127829353205,balanced,5
18300,11.532606854758209,0.8271822403073233,0.0294567333635799,43.84170740968119,0.7237951092475999,51.896261584754,balanced,5
18400,11.590855573364568,0.8256019475245714,0.0296508811222248,43.895712313239095,0.7187215005191846,51.855123887469766,balanced,5
18500,11.627593710168966,0.8339319168915732,0.0291701125718763,43.952355136239404,0.7226250930866953,51.807884322068304,balanced,5
18600,11.56859116712005,0.8347472922252984,0.028605253417886,44.00454240870821,0.7259138769793795,51.78784721044827,balanced,5
18700,11.587136012109926,0.8290781245084206,0.0296204448715928,44.048355734665975,0.7232893058137426,51.79457615552252,balanced,5
18800,11.52593092950947,0.8288964835179956,0.0297236246007636,44.08676672206773,0.7159781914792953,51.83728517137613,balanced,5
18900,11.474670514425194,0.8289393816686332,0.0288561868900234,44.126410150618256,0.719680833914114,51.88567211266306,balanced,5
19000,11.474790672382236,0.8258454670696028,0.0290727488569984,44.17115335280401,0.7229026101495251,51.88055645274605,balanced,5
19100,11.57335422469078,0.8265924297424797,0.0305094010905234,44.21979100741385,0.7175483774132332,51.8348684150218,balanced,5
19200,11.502096017755171,0.8287834979255285,0.0298414459429338,44.269314723836864,0.7170304405476785,51.82563145963742,balanced,5
19300,11.361265332334169,0.8258477685100428,0.0281465117673933,44.31813710356753,0.7192092044979279,51.83437814455476,balanced,5
19400,11.377055805519383,0.8228296743037874,0.0298521259922856,44.36552349557089,0.7189641551987191,51.79703391704543,balanced,5
19500,11.434283758553258,0.8237661396020388,0.0306056824208758,44.41025439885061,0.7242200863108348,51.779584625006734,balanced,5
19600,11.268293124426116,0.8192301002858715,0.0294610638345784,44.45210443186533,0.7215214754428019,51.8155776317697,balanced,5
19700,11.232137551467218,0.8138462168702619,0.0294159991213299,44.493766734592334,0.7176311079691028,51.83639891154935,balanced,5
19800,11.287977720666436,0.8152715220682012,0.0306527989136516,44.53880758571096,0.7258745963843023,51.82029473192841,balanced,5
19900,11.353099716035626,0.81987095843139,0.0310096640748072,44.58727301056154,0.7266775592336555,51.79259390242464,balanced,5
20000,11.193178104066334,0.8144007295454991,0.0296107943276579,44.63529586485979,0.7179157162720302,51.78629249351774,balanced,5
3000,17.40084543802112,0.9373024068487577,0.0218815782801315,32.521000599601045,0.8191475552839763,112.34703755121336,legacy,8
3100,17.23963009710802,0.9356516968201364,0.021859330910552,32.77658495668028,0.8284741139264502,112.26500769085357,legacy,8
3200,17.03945741373859,0.9335961231849186,0.0218353325507059,33.029942366195954,0.8091703368455734,112.32847703116263,legacy,8
3300,16.89721099108722,0.931518800693863,0.0219010068794057,33.2715994542624,0.8178517445479443,112.61439398819658,legacy,8
3400,16.678798841810885,0.9287249958973284,0.0221052259310916,33.499768448695555,0.8187804283110669,113.0242650720513,legacy,8
3500,16.36439449580106,0.924316198520722,0.0222639461348126,33.718922787116554,0.7916249458613079,113.43399536815396,legacy,8
3600,16.07799350816271,0.9191273459757018,0.0223237595733517,33.93553434507432,0.7823881832476872,113.71505541802344,legacy,8
3700,15.931651405180814,0.9156702799811276,0.0225804706486906,34.15525016933523,0.7717930499193009,113.81311441841352,legacy,8
3800,15.785371475909692,0.9122451538564676,0.0225884922486076,34.382041429503964,0.7636980367205498,113.820205292001,legacy,8
3900,15.60965748473524,0.909466154306666,0.022495204838466,34.616783598976525,0.7781519726671823,113.79503460187352,legacy,8
4000,15.573383808858232,0.9128034652595288,0.0227268384542611,34.855018969149086,0.7623299075396937,113.71025880956476,legacy,8
4100,15.491193017248214,0.9144587494306958,0.0226660336532329,35.0875474470553,0.7662350680306266,113.6229939642956,legacy,8
4200,15.39400793790132,0.9099949247529096,0.0225950749249276,35.305888670395774,0.7728369888156122,113.61682886133715,legacy,8
4300,15.235846039530133,0.9055303869721688,0.0230218695631477,35.50873434874176,0.7554527817957403,113.69293747777394,legacy,8
4400,15.17654768799128,0.9109094875949432,0.0233873724519731,35.70325938317083,0.7582417385312844,113.81073717341113,legacy,8
4500,15.021095842818324,0.911602445995926,0.0233017675912797,35.89960603950124,0.7522224347180267,113.89753525872815,legacy,8
4600,14.80760922274938,0.9029644886990714,0.0233133990180645,36.10317281378846,0.7570987286437322,113.85555225418624,legacy,8
4700,14.77187273405545,0.9037590352139536,0.023636286413601,36.31113992551191,0.7553675991280069,113.6804727517874,legacy,8
4800,14.975541706694358,0.9135435127036622,0.0236398159614252,36.51537785618201,0.7528898240911328,113.53431591239732,legacy,8
4900,14.960345043128694,0.9127919553540472,0.0235059666092001,36.70851692462345,0.7584485260466212,113.50322781718482,legacy,8
5000,14.750366461378592,0.9050677222726536,0.0238498017953514,36.88858702378874,0.7516936016474819,113.54014665290276,legacy,8
5100,14.664052007570804,0.9067564387569944,0.0240941163779704,37.05964259741444,0.7531368637224958,113.6218944476766,legacy,8
5200,14.749590608251731,0.9125356634575116,0.0241669100415612,37.22848229709008,0.747487768106548,113.6614658149224,legacy,8
5300,14.626240183250705,0.9076108462576064,0.0243288187148568,37.39997501639222,0.74716071124719,113.60741808174916,legacy,8
5400,14.34554663752607,0.8964574237087996,0.02436856762995,37.57443457046953,0.7528343228251438,113.48962348901404,legacy,8
5500,14.493958047882405,0.9020935504243606,0.0245845293045107,37.7485158973336,0.7481150034916088,113.34649882138729,legacy,8
5600,14.624482615474026,0.9069482234092676,0.0246430847134535,37.91792399472276,0.7485735087453924,113.30497853419924,legacy,8
5700,14.627204751197617,0.9030984810948745,0.0244402174778314,38.07946908727008,0.7517966500724145,113.35797348896232,legacy,8
5800,14.395444872632858,0.8966537183607737,0.0246618611023279,38.23197293280751,0.7478305464541559,113.37853840930212,legacy,8
5900,14.35906345368297,0.8980959117302564,0.0249633638981344,38.37691016717072,0.7415807968037026,113.3939930219748,legacy,8
6000,14.468547392755289,0.8981494569023508,0.0248484818371244,38.51852863503033,0.7354745487056026,113.42967996625062,legacy,8
6100,14.287102959112474,0.8901261123626931,0.0248037837919011,38.6618083265431,0.7467583454262477,113.42302470953,legacy,8
6200,14.234632806991463,0.8860734766373012,0.0250363536994068,38.80836634401973,0.7408851403657926,113.36196369453216,legacy,8
6300,14.407533729497562,0.8941285556621829,0.0247839876183356,38.95406612817603,0.7359781704108804,113.33148151561228,legacy,8
6400,14.345240051161875,0.8959381435300389,0.0243671006024705,39.091880353126,0.7451251351332909,113.38168885553172,legacy,8
6500,14.309856744052976,0.8904838147793491,0.0245206659531824,39.218047094770064,0.7391372087274185,113.47054759010672,legacy,8
6600,14.24359134161962,0.8854997874162035,0.0244998766365206,39.3355658471246,0.7335935209919328,113.6072838452826,legacy,8
6700,14.18238383789032,0.8885985093297959,0.0242613853662791,39.45175500480448,0.7252468273846491,113.72819815740546,legacy,8
6800,14.235029699496156,0.8847922234641008,0.0243359822760214,39.57244262576116,0.7371796716798753,113.75347177491156,legacy,8
6900,14.148076972212458,0.879480033707737,0.0239111756290648,39.69805218473777,0.7324380710275351,113.76473055582974,legacy,8
7000,14.25381939430008,0.8833241083136162,0.0239166557793429,39.82431875294539,0.7276872552609425,113.7581305653509,legacy,8
7100,14.347041197736983,0.8883169378284622,0.0239708433699344,39.9460734352904,0.735431650038669,113.78990584992944,legacy,8
7200,14.22329176459387,0.8826488572135207,0.0233844264279879,40.060916610741295,0.7315129717935904,113.90480060495132,legacy,8
7300,14.260546139438034,0.8818711843815519,0.02376749790721,40.17076248554118,0.728789346365125,113.9567717496528,legacy,8
7400,14.238139153382964,0.8828590686128316,0.0239404054102457,40.28050513111819,0.7236179533792103,114.01563935071408,legacy,8
7500,14.243483210091306,0.8823736168160475,0.0235428732800839,40.39426412117345,0.7291354163903733,114.06020535137318,legacy,8
7600,14.418237969387794,0.8814785778785674,0.0237634377903411,40.51196402478873,0.7290043679636522,114.00323486430813,legacy,8
7700,14.320752999975548,0.8839511533699768,0.0236361391793121,40.629822311066725,0.7256790164573943,113.98185192139655,legacy,8
7800,14.445931919676749,0.8859317845983837,0.0237341751287688,40.74448160835779,0.727946628245488,113.98048810942156,legacy,8
7900,14.529399326927262,0.8851714226135365,0.0236611088576945,40.855933483208034,0.7287486034698636,114.0034060190523,legacy,8
8000,14.438590378242925,0.8853117193515838,0.0234261529457925,40.96593988731594,0.7265688375668371,114.0116495964843,legacy,8
8100,14.557959086418649,0.8874114238933963,0.0239684018248662,41.074873068721935,0.7233731951749391,113.96159850410498,legacy,8
8200,14.424808760196404,0.8834008640562772,0.0236637353262986,41.18190991238795,0.7297049417059239,113.98290875635364,legacy,8
8300,14.472566951567504,0.8843412879695143,0.0236480844264019,41.28806706590203,0.7266638921837237,114.00438905719894,legacy,8
8400,14.62666896366519,0.8880565776130724,0.0239402175201688,41.39662984735955,0.72723816433708,113.9951552700257,legacy,8
8500,14.50182881240676,0.888534583467162,0.0236587971145131,41.50891370713047,0.7412714253049186,113.94469205121436,legacy,8
8600,14.694004854832023,0.8864875091442636,0.0238632668484676,41.620732751885626,0.7350384440493736,113.826488764291,legacy,8
8700,14.581537045652214,0.8855756107835283,0.0236206492031818,41.725484389555504,0.7374712054082273,113.82326795644504,legacy,8
8800,14.487762119693162,0.8865210108432265,0.0236344290597364,41.82140950441428,0.7330644349565884,113.89026157235816,legacy,8
8900,14.551813169660932,0.8832050497366701,0.0240174451201866,41.914306159791145,0.7271258264179744,113.9472628779393,legacy,8
9000,14.406789215143265,0.8827746275844719,0.0235569783452678,42.011655417012,0.7286561008997557,113.99465459019694,legacy,8
9100,14.623742611760894,0.8904105463171721,0.0237498746893868,42.11462190011236,0.730599731021099,113.88505359678923,legacy,8
9200,14.655282490004286,0.8935270636799116,0.0239538047026428,42.21737752477132,0.7352650824539433,113.79262312460492,legacy,8
9300,14.541207508254876,0.8891198545229273,0.0235180369346938,42.31397243099004,0.7298202873355786,113.869316688793,legacy,8
9400,14.597345691679472,0.885410708496161,0.0235837747363764,42.40397551111776,0.7296136134034495,113.94048064863064,legacy,8
9500,14.501449023868174,0.8879185453472753,0.0235876205375537,42.49115947093763,0.7245071255960207,113.96804069305996,legacy,8
9600,14.530023237164094,0.8870742413885209,0.0236788164385259,42.57865360672845,0.7235651732895643,113.95744201461144,legacy,8
9700,14.524290255817853,0.8826653705673436,0.0236499829789962,42.66675030274311,0.7190687331594814,113.9398421592389,legacy,8
9800,14.434991978769474,0.8862962817841682,0.0233219525511632,42.75445477113546,0.7232085021596973,113.96910171265526,legacy,8
9900,14.535565627356878,0.8920995994875048,0.0234669912147422,42.84150206521502,0.7239638811804725,114.0067617066935,legacy,8
10000,14.597246450243656,0.8904939099243228,0.0235452220641297,42.92859820134175,0.7229382098383509,114.05204141897596,legacy,8
10100,14.508032479726614,0.8867852565919402,0.0232052931703132,43.01630612081915,0.7258936806412367,114.07599445561388,legacy,8
10200,14.60341893910581,0.8881184952063731,0.0233846975807588,43.10386352649695,0.729937808120138,114.01543885763284,legacy,8
10300,14.551182797092252,0.8884277502868322,0.0236660112407117,43.18912079145467,0.7296930653775755,113.9524467550704,legacy,8
10400,14.512025386878278,0.8869835162910892,0.0233942111983507,43.27034140333556,0.7305325132427399,113.9837876572124,legacy,8
10500,14.53633123884719,0.8828446231511362,0.0233765068947763,43.34888562463087,0.7280215937316855,114.0511438069585,legacy,8
10600,14.459878469069434,0.8861481223373968,0.0236075473341024,43.42970856482288,0.7345646496150295,114.0952049141008,legacy,8
10700,14.595817361297629,0.8885222980589229,0.0237157090174999,43.517440264581744,0.7355800679880831,114.06956593739524,legacy,8
10800,14.629522751592331,0.8886725803138654,0.0233185818898798,43.61074942858488,0.7321027788502333,113.97107455266196,legacy,8
10900,14.63611026438694,0.8900851644678559,0.0234204375997305,43.70164424418191,0.7365307796075515,113.8175733619993,legacy,8
11000,14.67789344769183,0.891768469381993,0.0239837747939265,43.78249291518994,0.7368818932524268,113.7482433122754,legacy,8
11100,14.55665860726617,0.8881566732877875,0.0235581717573612,43.854342999845485,0.7338108039049994,113.9153996156098,legacy,8
11200,14.539713610965672,0.8872789895966398,0.023496576163669,43.92679026418699,0.7357463950411081,114.0204311725632,legacy,8
11300,14.593056929768364,0.8863456070761128,0.0239661651255023,44.00793768414784,0.7373196984242717,113.91488759392932,legacy,8
11400,14.53533752901967,0.8855674519473276,0.0238821496337466,44.09521548471584,0.7272115149420997,113.78403380273012,legacy,8
11500,14.641643859314527,0.8887963863739141,0.0236337813995129,44.17843163347824,0.7364355706513067,113.69574870214596,legacy,8
11600,14.697493299316866,0.8915887271079945,0.0238448090595369,44.25168386232108,0.7312791919567431,113.73702187541522,legacy,8
11700,14.611037406892091,0.8901174071794732,0.024154909574061,44.31954354694553,0.720698327298781,113.86142905489018,legacy,8
11800,14.60633745923115,0.892113969474232,0.023823719965294,44.39044175643872,0.7294419399754718,113.93130580466226,legacy,8
11900,14.683021599636742,0.896668238235693,0.0239938200687382,44.46633825079516,0.7254582396397493,113.85410553909976,legacy,8
12000,14.65412811244825,0.8925320077149903,0.0241696060628187,44.54174136024214,0.7313619862049162,113.75240989635095,legacy,8
12100,14.559732383165471,0.8861586198045336,0.023933289686045,44.61194342836373,0.7267202261087434,113.80382320540168,legacy,8
12200,14.667633924962637,0.8896427676525359,0.0241160913499199,44.67874363353502,0.7170371391635582,113.87185818113754,legacy,8
12300,14.577055785566388,0.8936464186299264,0.0240063427668244,44.74713898630775,0.7234167804531618,113.91202250049834,legacy,8
12400,14.52369196704392,0.8903643163439003,0.0239182292934869,44.81885079220832,0.7222756430072214,113.90652822699964,legacy,8
12500,14.734023864141474,0.8920966775351614,0.0242177739538191,44.89121682799505,0.7252586009077615,113.84822993505844,legacy,8
12600,14.6052236914083,0.901360047877124,0.0239354295272558,44.96137450661444,0.7179138645610448,113.87314744438348,legacy,8
12700,14.652426332687012,0.899585197689741,0.0238319224530883,45.02905582567719,0.7227383383394455,113.89053719769883,legacy,8
12800,14.526402751431096,0.8878102640841239,0.0241034765077053,45.09510250627075,0.7219843770733149,113.8662388727395,legacy,8
12900,14.431271291251353,0.8870692330085183,0.0239292414380304,45.15967789145375,0.7149938141179613,113.89047309294344,legacy,8
13000,14.569977435820762,0.8929210094199069,0.0238797197854599,45.22351150521607,0.7187164362349702,113.90269923342092,legacy,8
13100,14.412710493412495,0.8896544573184662,0.0240261695133103,45.2891633509131,0.7259344273208229,113.89721237216266,legacy,8
13200,14.418734201889023,0.8855882668937975,0.0237981563127422,45.35829830618573,0.7198866180219116,113.91217712056562,legacy,8
13300,14.481337546414574,0.8965811773091852,0.0237337376400378,45.42786527538361,0.7225664234586219,113.85986028425916,legacy,8
13400,14.439101900026731,0.9002993866860831,0.0240158414902913,45.491745590667705,0.7272261239117906,113.8149766043482,legacy,8
13500,14.304313005858514,0.8891449230514517,0.0236965673959334,45.54756237119905,0.7238451835331348,113.93595584678808,legacy,8
13600,14.27666052200398,0.8808950947633456,0.0236801015805023,45.60038050962021,0.719216409539769,114.024988792992,legacy,8
13700,14.280004363947628,0.88765059773406,0.0240691472893638,45.65788381063507,0.7260037328352905,113.99583549696548,legacy,8
13800,14.279220056254516,0.8874042095574195,0.0238081381586969,45.722115787351285,0.7210669299968284,113.98453828028109,legacy,8
13900,14.211120930615133,0.8800406762956575,0.0233330744128359,45.78749862147059,0.721520946542069,113.99006546624088,legacy,8
14000,14.208391823671294,0.8844338875113333,0.0236424460977664,45.84715529859257,0.7266306084621483,114.01083745663892,legacy,8
14100,14.385640038291418,0.8904420724993276,0.0237154827305185,45.89976066099499,0.7216472539507768,114.09560775156564,legacy,8
14200,14.165436186567398,0.8843263795775144,0.0231425345683963,45.94987993528268,0.7192061138925139,114.22341625596675,legacy,8
14300,14.180387300437909,0.8768045807219832,0.0233438238017421,46.00307859744005,0.7246784678322533,114.22639884941115,legacy,8
14400,14.239099952713673,0.8801448557738082,0.0234930695190971,46.06157680224114,0.7231961101589193,114.19807773516762,legacy,8
14500,14.034595134097104,0.8803982405625975,0.0230157503531612,46.12343668160258,0.7194936509254479,114.2382588849772,legacy,8
14600,14.251283835584852,0.8752715586722605,0.0230070741074191,46.1843482888835,0.7245398790884274,114.23850108609524,legacy,8
14700,14.113070840020484,0.8793061871612672,0.0229054909874516,46.24053026597444,0.7244659624851034,114.2782993099207,legacy,8
14800,14.020622892583315,0.8808670815335324,0.0230505006456721,46.2916703656829,0.7217754938915573,114.3305336049184,legacy,8
14900,14.156662474361411,0.8774889455658244,0.0230387258547687,46.34191176205556,0.7201672365072008,114.39360875323472,legacy,8
15000,13.902250807406702,0.8763810926002648,0.0227287056512809,46.39704466022111,0.7248967582542036,114.43205934109984,legacy,8
15100,14.119720367748853,0.876755501791492,0.0230930567939649,46.45940647260916,0.7236294257814084,114.3658638215838,legacy,8
15200,14.034543417448315,0.874542069475779,0.0228483318088855,46.52534365466231,0.7284906313728851,114.3254631422326,legacy,8
15300,13.899887375224452,0.8780336423763118,0.0226730176598792,46.588245547211365,0.7276728127039033,114.2979195812418,legacy,8
15400,14.079430427041029,0.8828878426148548,0.0227400743628713,46.64430326809476,0.725925959221282,114.31519959165792,legacy,8
15500,13.987228125210478,0.8796811571076265,0.0227886099083238,46.69549972905314,0.7211530979724464,114.37893783422848,legacy,8
15600,13.950963954070358,0.8753229500899804,0.0230807078437202,46.74759972706924,0.7237465498543023,114.3789338238834,legacy,8
15700,13.97247272648968,0.8772263151686005,0.0228231343103607,46.80538739826644,0.7281294003027935,114.35672718485615,legacy,8
15800,13.951981520098087,0.8788699355406261,0.0227534617844741,46.8688735981079,0.7250808253073971,114.27960750548058,legacy,8
15900,14.026876252105826,0.8767840793698992,0.0229318117076363,46.93306292003651,0.7262483132362598,114.18512219381807,legacy,8
16000,14.083314346984832,0.8795062159532515,0.0227144150661912,46.99171570799254,0.72818182055034,114.19654874959362,legacy,8
16100,14.070852062615517,0.8839456799258776,0.0227215536693471,47.04260787641252,0.7288772469198472,114.25652297939146,legacy,8
16200,14.143558315227311,0.885027060155859,0.022850855988975,47.08956466215988,0.7213603488003625,114.30140202910628,legacy,8
16300,14.017189034246368,0.8779999915567427,0.022898924413838,47.1385961308734,0.7208964282704706,114.30075676696944,legacy,8
16400,14.099960158018224,0.8798474391516314,0.0230052463239088,47.19183337947415,0.7291752663939084,114.22876974409736,legacy,8
16500,14.259055806719893,0.8864087418501378,0.0228417262826716,47.24631806518368,0.7284909057550808,114.19043193413356,legacy,8
16600,14.093719551426982,0.8804181172343837,0.0227514780435667,47.29886059442101,0.7196915006696584,114.2472949008376,legacy,8
16700,14.07907323631177,0.8778813971627658,0.0227916901756389,47.35004233939754,0.7266353344733549,114.3107336736745,legacy,8
16800,14.1960042434967,0.8901218323487512,0.0227574640776471,47.40195918027381,0.7327831135032968,114.31184916523944,legacy,8
16900,14.395025005817107,0.8932886693627198,0.0225855980724157,47.45375362239783,0.7272633791623263,114.26771377740286,legacy,8
17000,14.217013458159274,0.8829718381019079,0.022665127580708,47.5024758999955,0.7363497747643432,114.24993393241267,legacy,8
17100,14.078884592761504,0.8787134691129636,0.0229338735448121,47.548651907911,0.7273579930741465,114.3023288708272,legacy,8
17200,14.22247157578182,0.8895910369730311,0.0228112989456542,47.59804594565132,0.7319702680546362,114.3716461853923,legacy,8
17300,14.11295808900735,0.8862349745210423,0.0227013354461582,47.655614962419726,0.7324414923169034,114.33613583680388,legacy,8
17400,14.144833338773468,0.8807539521530067,0.0229098467950478,47.71881364517076,0.7237909191036663,114.20818300524816,legacy,8
17500,14.386609296297411,0.8964443143845708,0.0228610843659497,47.77937615913963,0.732834861254036,114.12748028343798,legacy,8
17600,14.478311844183684,0.9009366077312152,0.0230975990412674,47.8319173904384,0.7381220336249409,114.12338788201068,legacy,8
17700,14.254174499942254,0.8909743519866702,0.0232433596026027,47.879130853838525,0.729462573569088,114.18738154092942,legacy,8
17800,14.04932724196324,0.8805511227906672,0.0232428276491787,47.92819137711043,0.7337365491913881,114.20065493237271,legacy,8
17900,14.10646218132374,0.8896444646450918,0.0236694165336472,47.98354684644921,0.7407885857183026,114.06153385521276,legacy,8
18000,14.061300049712122,0.8880435987532865,0.0237497831113912,48.044076261694784,0.7255947819353789,113.94081912695604,legacy,8
18100,14.103663466133272,0.8815337354711144,0.0237158508873702,48.10565441113893,0.7276240888452061,113.89539471714642,legacy,8
18200,14.22696038309291,0.8938495925100072,0.0238186429070363,48.16438074849288,0.7300266504000676,113.84001549710057,legacy,8
18300,14.366953138633448,0.8974672787232707,0.0239974124785373,48.21799784225342,0.7317933836167075,113.80083033180362,legacy,8
18400,14.122522943056769,0.8894915932349627,0.0240388105271397,48.266813541879465,0.7295774258672854,113.7997083491978,legacy,8
18500,13.937382461626395,0.882429170599526,0.024223967180932,48.31419953431822,0.7408264170740576,113.76321002590866,legacy,8
18600,14.14661434414535,0.881551208261681,0.0244693847605994,48.36461350861784,0.7269003140560666,113.69392265202356,legacy,8
18700,13.966392236266469,0.8807317684879081,0.0244122500197374,48.41965087979696,0.7285676424351561,113.64327956860382,legacy,8
18800,13.943947327797916,0.8752708404847009,0.0245548263515046,48.47633048462709,0.7286616050183211,113.5777401697929,legacy,8
18900,14.09597289759068,0.8849160099557875,0.0245349438033196,48.53001286483405,0.7243128353560248,113.56838317787977,legacy,8
19000,14.163231693125562,0.8868684400436115,0.0244082370563348,48.57874885512543,0.7308877223564533,113.59277354582126,legacy,8
19100,14.171296995888374,0.8821929698483241,0.0247830292990771,48.62420967994144,0.731643279592652,113.56837363462816,legacy,8
19200,14.067129188270204,0.8832644688542652,0.0247759283135103,48.66887847083415,0.7237908219839297,113.56947860206677,legacy,8
19300,14.156869030494532,0.8825392746439238,0.0246060359427838,48.71374086610751,0.7234086665668867,113.56926062330294,legacy,8
19400,14.248536551151323,0.8816244918864063,0.0246106327869998,48.75909743343742,0.7304666500698461,113.56685715841488,legacy,8
19500,14.143200455096112,0.8760843616576328,0.0247592351516899,48.8059502764471,0.7258140487127688,113.58404876293788,legacy,8
19600,14.214275801772772,0.8849061171573204,0.0246369294034996,48.85487889432255,0.7186522981990465,113.59517152771728,legacy,8
19700,14.483586995598172,0.8884890151215104,0.0242405426911271,48.90407220375416,0.730423095104428,113.58967691859615,legacy,8
19800,14.258241582640142,0.8831965066785683,0.0245603811632598,48.9501381559348,0.7303264313419717,113.54470248579314,legacy,8
19900,14.416696583399704,0.8863890372557273,0.0246509972764097,48.99137084810812,0.7230555624796197,113.56724243640024,legacy,8
20000,14.630956245520624,0.8968030224261351,0.0243048749975247,49.0297665130241,0.7248349724861212,113.66767255894982,legacy,8
3000,13.494426280888815,0.8622992348255185,0.0218090371507761,31.439533841340648,0.7834077945169743,114.32850687408391,balanced,8
3100,13.370719566050951,0.85805348121083,0.0218778637430735,31.731110656108363,0.765877085799174,114.39024821658292,balanced,8
3200,13.315471893050685,0.8581062214971992,0.0218088454070701,32.024464380569114,0.7661052747334697,114.32170007896823,balanced,8
3300,13.234185302046676,0.8562743307092165,0.021761400099401,32.313181448958815,0.7682178834659226,114.26039931460488,balanced,8
3400,13.242972129053996,0.8549670142835455,0.0218707827234773,32.59304641795783,0.7551892042620775,114.26516159419354,balanced,8
3500,13.252521541434325,0.8553181691577587,0.0218069380297932,32.86240773165145,0.7509059568718177,114.35735378000344,balanced,8
3600,13.157657212599098,0.8518654090401584,0.0217034561097927,33.12117628900147,0.7537962704254858,114.50758797515071,balanced,8
3700,13.01515859676967,0.8470124214245537,0.0217288470311006,33.3704072504034,0.7463003284740269,114.66469140463668,balanced,8
3800,12.8997524574915,0.8453994497239328,0.0218170101777079,33.612642004392164,0.7343662455656762,114.8022769197366,balanced,8
3900,12.805331706693284,0.8451438337330731,0.0218312195852299,33.85118339683877,0.725011456919849,114.90283653847716,balanced,8
4000,12.773723790300547,0.843920035230344,0.0218479327187176,34.08779649629675,0.7306429401460255,114.93483338970772,balanced,8
4100,12.780686877892858,0.8467636493670513,0.0218506456718965,34.321379627161775,0.7358679261692527,114.90732503879047,balanced,8
4200,12.791023818282309,0.8486099047428692,0.0217970812069118,34.54974272542833,0.7387666186777799,114.86981673461077,balanced,8
4300,12.842595494320657,0.8489487699699373,0.0219287092793617,34.77254988256948,0.7393038093886403,114.82940401255792,balanced,8
4400,12.927244320653832,0.8504377021583469,0.0220315308545204,34.99172246157929,0.7415047008807341,114.77122052103812,balanced,8
4500,12.966558604453445,0.8548320490047079,0.0219999835927885,35.208829261641775,0.7491589468634613,114.6849751657582,balanced,8
4600,13.02914916721858,0.8584813318849807,0.0220745989682614,35.422751989876,0.7420809054987548,114.55700867773136,balanced,8
4700,13.11452058519929,0.8582538790885836,0.0223377050717255,35.6305382023946,0.7498690549563035,114.4443058221001,balanced,8
4800,13.205137775436606,0.8574148164803402,0.0224754008193207,35.83051269101891,0.7566281951297291,114.4260524848437,balanced,8
4900,13.191489122821087,0.8595250194837608,0.0225310328211107,36.02397648021663,0.7498439254041609,114.47767519331538,balanced,8
5000,13.154826971205615,0.8591139997377972,0.0226250297463837,36.213606282289625,0.7543421535638053,114.51958859806057,balanced,8
5100,13.220727808506158,0.8591294840998152,0.0230209092850852,36.40097121897684,0.747871303997279,114.4963109975145,balanced,8
5200,13.248382753219294,0.8639070794103284,0.0231994371703462,36.58644399930312,0.7452438042142628,114.4393063318243,balanced,8
5300,13.312705330569576,0.8675366839653529,0.0231448685469534,36.77070012883119,0.7549030596611778,114.36334831375255,balanced,8
5400,13.437483790333289,0.8696228072398532,0.0235645311532926,36.95441959923807,0.7526978054853973,114.21329805057358,balanced,8
5500,13.470913902940303,0.8696325692254839,0.0237006674504939,37.13605450070513,0.7473750129448106,114.06634725112204,balanced,8
5600,13.522417060079356,0.8730598604641605,0.0235535556766782,37.31134802885102,0.7524565314393614,113.98490730079122,balanced,8
5700,13.539682586894129,0.8754332951508633,0.0238437351178774,37.47646450655332,0.7537474703325283,113.94932313312674,balanced,8
5800,13.577475337207725,0.8745487936673962,0.0240043224049218,37.6317056226708,0.7441136390485964,113.99548636411772,balanced,8
5900,13.522924624172209,0.8682731579801549,0.0240867727929348,37.78163776376341,0.7395745397212857,114.06353191007858,balanced,8
6000,13.414727310448905,0.8706283852832449,0.0241921958048821,37.931339274372384,0.7322121175454857,114.08915575746003,balanced,8
6100,13.369153828552742,0.8726653747243811,0.0240872574779602,38.08256496830349,0.7371987462555833,114.06656317153052,balanced,8
6200,13.466570729291572,0.8714765031150062,0.024296095541692,38.2332337081308,0.7379114578129756,113.9821851527672,balanced,8
6300,13.481454478276849,0.8751325470461117,0.0242466435804907,38.3797309903799,0.7292955035516835,113.92691278969735,balanced,8
6400,13.430090825158134,0.8786831541433545,0.0240159094164645,38.51929738621002,0.7282284187743594,113.92639166303428,balanced,8
6500,13.49808478251113,0.8758403406187548,0.0243296091244206,38.651142192866416,0.732592859264213,113.93081218824294,balanced,8
6600,13.573549263787124,0.8777273168707969,0.0244078389406751,38.77659058898184,0.725503257035871,114.00783179218104,balanced,8
6700,13.535904237233494,0.8763894497158934,0.0239344975182828,38.89844210379023,0.720584620886629,114.14171516837251,balanced,8
6800,13.404897641774433,0.8736527662499753,0.0239467051207725,39.019449660874784,0.7158808017387474,114.2198153565398,balanced,8
6900,13.35588684296972,0.8752091058906,0.0241195855996734,39.14069722920689,0.7228239410636106,114.24910611096207,balanced,8
7000,13.400772963458692,0.8769793239146276,0.0238874163068326,39.26130858482644,0.7202132198997385,114.28246290857147,balanced,8
7100,13.41120254558679,0.8765945389192783,0.0237012328942545,39.37986714293851,0.7168031696749507,114.32620146555332,balanced,8
7200,13.327204850780843,0.875208254341548,0.023575060053552,39.49606165134311,0.720480602731004,114.36743211017034,balanced,8
7300,13.389667370206864,0.8804126589296225,0.0236056790557252,39.610805512835896,0.7162316061701522,114.39056268605611,balanced,8
7400,13.477987294441082,0.8820334680980524,0.0237043510766022,39.724996740102696,0.7200160399536687,114.40916509833362,balanced,8
7500,13.395473667172308,0.8758947139489432,0.0234019551485663,39.83869013675227,0.7182935756129971,114.45549316793588,balanced,8
7600,13.291876410731614,0.8723443794212925,0.0232307709215912,39.95157070058541,0.7212712304660055,114.48118965027948,balanced,8
7700,13.194484415218364,0.8744777538447588,0.023589952741615,40.06370544370277,0.7211955503751021,114.45934321533552,balanced,8
7800,13.133073784478142,0.8740929735837936,0.0234581069233644,40.17539095228454,0.7245309140684149,114.47716958251569,balanced,8
7900,13.037881518781676,0.8665317309126422,0.0230760094081448,40.286482786089934,0.7241956882470884,114.50928568765148,balanced,8
8000,13.005349763240106,0.8675741835076405,0.023297713567566,40.39648608776716,0.7222039099627765,114.49615404328762,balanced,8
8100,13.039670887551292,0.8721170336331704,0.0235974152388747,40.50555385466591,0.7309868328792063,114.49895485433912,balanced,8
8200,13.031697548873623,0.8739588943686294,0.023409910772011,40.61486908712813,0.730098964605484,114.51398587695576,balanced,8
8300,13.006520658891905,0.8674804100330563,0.0232293618607451,40.72527628622851,0.7284398138734096,114.4740691022523,balanced,8
8400,13.019057988472678,0.8671262557147411,0.0235024851757335,40.8354767360893,0.7338736636205817,114.37856695595896,balanced,8
8500,12.912552281125286,0.8710303772669796,0.0236902043848922,40.942341721901165,0.7351321964621157,114.33800037815104,balanced,8
8600,12.721293768839145,0.8720090601264044,0.023317054014752,41.04376814246626,0.7346136576395089,114.41027725645615,balanced,8
8700,12.703563272128138,0.8610039067154233,0.0233692506161275,41.14132029748599,0.7309763941501064,114.48130461082972,balanced,8
8800,12.76548344319168,0.8601111070741031,0.0236655468534266,41.23957116651128,0.7275664666844762,114.49874060399036,balanced,8
8900,12.790244962957612,0.8679464145406954,0.0236047328439886,41.34226830515256,0.7367923399684204,114.48052571982606,balanced,8
9000,12.751900713636765,0.8711450116217679,0.0234522582877855,41.4489262319122,0.7334934621301483,114.41726874257157,balanced,8
9100,12.900758438382578,0.8674272858772403,0.0233855726948407,41.55523475434662,0.7278844445083655,114.33059675540306,balanced,8
9200,12.974385869770764,0.8712028051968812,0.0236619499703013,41.656802485726914,0.7345940445381377,114.27225911040956,balanced,8
9300,12.859498452515112,0.8749452666892822,0.0236535125141923,41.75264935594014,0.7342250286403997,114.279724939092,balanced,8
9400,12.786333822144451,0.8692919076337462,0.0236699855318129,41.845572306154125,0.730204422279884,114.29830106188284,balanced,8
9500,12.892313033964973,0.8609791403925524,0.023829176603381,41.93950622087203,0.7237272693876946,114.29860121797788,balanced,8
9600,12.951588581576424,0.862145281749275,0.023836458626815,42.03633590013274,0.7233534299642516,114.28494417745222,balanced,8
9700,12.89659091770811,0.8644931504202596,0.0239294476340261,42.13476425001798,0.7288826341391459,114.25020745975884,balanced,8
9800,12.90561803965577,0.8632760249404706,0.0236924492690926,42.23192254976762,0.7240575955057011,114.2328206705654,balanced,8
9900,13.143196925996447,0.8690504791247088,0.0238280726995467,42.32599915953201,0.7189225891811162,114.18799470867864,balanced,8
10000,13.218732700386337,0.8703511129603055,0.0242388435199176,42.41736248167087,0.7234100895804711,114.13231097989376,balanced,8
10100,13.131516317467453,0.8653246843055877,0.0238318091500692,42.507271780331166,0.7238066072969447,114.12830161648267,balanced,8
10200,13.091425008611177,0.8721538608210377,0.0237260827069703,42.59589629995424,0.7198111876885781,114.11184639242428,balanced,8
10300,13.242597980341394,0.8762927050833285,0.0240329128129559,42.682163640104775,0.7218761423464259,114.11688463651744,balanced,8
10400,13.249673581499298,0.8707792699078107,0.0238171265801829,42.765572965236,0.7216222790882536,114.19004784751928,balanced,8
10500,13.156602396808148,0.8668409894041071,0.0235321556135563,42.84737222522829,0.7172355169270133,114.2618396626904,balanced,8
10600,13.245383782803986,0.8775819496583472,0.0235717619726196,42.92939591534353,0.7262008361435355,114.27783274511744,balanced,8
10700,13.4621387114925,0.8816659189585563,0.0238043552287059,43.01218431914116,0.7265688445797196,114.22945584739249,balanced,8
10800,13.484530742556933,0.8771568946473498,0.0237172073314023,43.09471325165242,0.7171883281338834,114.18392120300258,balanced,8
10900,13.378670258980137,0.8764181719966291,0.0234225855663076,43.17551109815726,0.7298815744274533,114.18865422420902,balanced,8
11000,13.29196674400145,0.8802163408806912,0.0235380686374309,43.25356583054935,0.725578285735255,114.22751220801088,balanced,8
11100,13.382964641612867,0.8816270822787885,0.0234193532199128,43.32866797831858,0.7236458179497454,114.30668526698967,balanced,8
11200,13.32941621546162,0.873686272759925,0.02328035195514,43.40163444562112,0.7203469414905213,114.3814096499542,balanced,8
11300,13.31775204728418,0.8730158622702875,0.0233843178030075,43.4741103353071,0.729797737205412,114.405291371133,balanced,8
11400,13.442795103677437,0.8794335782660004,0.0233332990255442,43.54747390812142,0.7285440015794166,114.40430866040428,balanced,8
11500,13.4949674291618,0.8817717532837648,0.0234859232472817,43.62154120092942,0.7217478362615627,114.36976650617932,balanced,8
11600,13.47470257530329,0.8760320972923012,0.0235072356969155,43.69452761385502,0.7205744780903444,114.3754317118824,balanced,8
11700,13.290919380562103,0.870497357847643,0.0229053616925447,43.76467881445193,0.7256337270953205,114.46117210180928,balanced,8
11800,13.23590175980532,0.873417950546543,0.0231482415036031,43.83202536180674,0.7219738928568981,114.49672984040164,balanced,8
11900,13.235043864923826,0.8728812268691823,0.023337684985781,43.898276262595374,0.7237516013105424,114.5141515350346,balanced,8
12000,13.256764671358434,0.8682801102353358,0.0229262216833886,43.96495575720064,0.729002338967051,114.5593419259204,balanced,8
12100,13.33189855214846,0.8677007090332055,0.0230245369942435,44.03203985309269,0.7249912139551905,114.5683643367827,balanced,8
12200,13.303757702318254,0.870794408616562,0.0231042901611471,44.09858913828215,0.7195619103516736,114.59320226824372,balanced,8
12300,13.23319012902128,0.8689458146461236,0.0227916785477563,44.16432279207476,0.7265131233576235,114.65453570023423,balanced,8
12400,13.187934056413544,0.8635838919289435,0.0227461054872474,44.230263191520365,0.7244839861903513,114.69497031587802,balanced,8
12500,13.162803036459149,0.8641573906193658,0.022886665180481,44.29799249055442,0.7239750146881095,114.689916028553,balanced,8
12600,13.06810268787162,0.864787966083971,0.0227394421212556,44.36833642836596,0.7278915955358313,114.67047382131275,balanced,8
12700,13.067268901976927,0.8620909067734499,0.0226507356407228,44.44042326131293,0.7272454256461006,114.63566579193086,balanced,8
12800,13.202059378485524,0.8654824411437815,0.0229245440827732,44.51187062135943,0.7278471230650287,114.58542028644035,balanced,8
12900,13.26120739136357,0.8702569678216184,0.0227723306905851,44.58045033597922,0.7328071140152077,114.61213101352912,balanced,8
13000,13.108785276974189,0.869653915014749,0.0226270576968486,44.64634875745118,0.7343211669598508,114.68161708978036,balanced,8
13100,13.057290443547451,0.8659132753461086,0.0231264168879783,44.71279903366887,0.7234701707928436,114.68880955516934,balanced,8
13200,13.06282053469018,0.8692179048553768,0.0231216339900723,44.78357162907721,0.7300950010598101,114.647255076928,balanced,8
13300,13.092472193993066,0.8719670334618457,0.0230117508100483,44.85913984388797,0.7315504412890698,114.56441409970677,balanced,8
13400,13.044944972097998,0.868504726074386,0.0231482407492766,44.93569789425404,0.72584327154568,114.45807416225738,balanced,8
13500,13.189317826235726,0.8721423206176213,0.0232320151399871,45.00853511313618,0.7322357173065527,114.39894678945764,balanced,8
13600,13.397331313489415,0.8822323776658141,0.023367260555594,45.07621441526447,0.7351903528446804,114.40869759757452,balanced,8
13700,13.360038021272846,0.8828755085591928,0.0233542558820827,45.14131804708137,0.7224700946921203,114.46010948842964,balanced,8
13800,13.160709111195995,0.8774216840297945,0.0233253562440335,45.207713642530514,0.7237310232130041,114.47010379927028,balanced,8
13900,13.127362994806653,0.8794864662196842,0.0235656598450981,45.27750918775165,0.7304343537911806,114.38375324878102,balanced,8
14000,13.23057709453142,0.8866219433001495,0.0238741473795697,45.35003284120514,0.725943686778369,114.27562161396212,balanced,8
14100,13.29642647533797,0.8827339659048058,0.0235504816362422,45.42280065721931,0.719521920938106,114.21030563510288,balanced,8
14200,13.330834234160855,0.8751298399278641,0.0234399980053902,45.49326905868598,0.726037589652122,114.16845507293333,balanced,8
14300,13.585750753060864,0.8855220854843388,0.0239210913676698,45.56019374409708,0.7253007052783983,114.11152527230476,balanced,8
14400,13.626614937637648,0.8909722206177966,0.0241726585763221,45.62396918282859,0.722793808952166,114.1072771911889,balanced,8
14500,13.440072350621245,0.8832522314271675,0.0236012145245669,45.68605627514742,0.7211764249385202,114.17311807527882,balanced,8
14600,13.36731008495301,0.875105270143948,0.023842691419614,45.74797387270334,0.723051837983812,114.160163983466,balanced,8
14700,13.491625002838656,0.889467103451693,0.0243945846747158,45.81040613390486,0.7254740324764456,114.0939992086656,balanced,8
14800,13.667827837134425,0.893496747306828,0.0240838570978728,45.87304475817187,0.7207366451060813,114.07007317120454,balanced,8
14900,13.71844552910902,0.8845292330420287,0.0240492411241891,45.93517212435332,0.7204723710274001,114.05135003898651,balanced,8
15000,13.779370380867547,0.882426489040119,0.0242189594815138,45.99603060683141,0.7250421730254992,114.03055710919652,balanced,8
15100,13.872563486706028,0.8900722549712884,0.0239843995297803,46.054622823138885,0.7236814503906748,114.03519277903035,balanced,8
15200,13.756237061583036,0.8879479776801144,0.0240379721766275,46.11008164437203,0.7212872260278397,114.05986359609774,balanced,8
15300,13.72844449184208,0.8793658512169099,0.0241495723092277,46.16301753313021,0.7203632755154805,114.10904689612012,balanced,8
15400,13.719975148267668,0.8780365337138614,0.0237888937741908,46.21594958632851,0.7225807407866807,114.17445982828764,balanced,8
15500,13.80573469875614,0.8882633785663996,0.0239493231861253,46.27131983408478,0.7206909127870751,114.14771335286696,balanced,8
15600,13.945800528384003,0.8898308893565358,0.0244676658495815,46.32895629036042,0.718652814463719,114.05920504511272,balanced,8
15700,13.86627294783146,0.8852252945180558,0.0240299735324441,46.386195250233165,0.7192238890317922,114.06011176278967,balanced,8
15800,13.87121766129308,0.8840671797655393,0.0236661286173699,46.44067033278685,0.7195846246307905,114.09902438793048,balanced,8
15900,13.833608979507478,0.8888333842860529,0.0241512754093397,46.49234162177506,0.7207500052281441,114.10597034345145,balanced,8
16000,13.770473223021874,0.8856296547162432,0.0242199394984656,46.542604224892216,0.718477764873561,114.15985235638256,balanced,8
16100,13.780279165827686,0.8778851988177154,0.0235926652323231,46.592394176087865,0.7157780721826575,114.24463764983663,balanced,8
16200,13.690562760642155,0.879754097957266,0.0237860331396846,46.64208632468067,0.7187877745763704,114.23759324506749,balanced,8
16300,13.802007694519958,0.8879991987097338,0.0242283450585678,46.69255077620892,0.7193302679174448,114.18199047886785,balanced,8
16400,13.807237686453512,0.8863999795312322,0.0242269128731126,46.74471895186892,0.719181969914837,114.16794219767549,balanced,8
16500,13.798090818919606,0.8809365440131787,0.0238021376304831,46.79780598210837,0.7179321867484366,114.19779567874852,balanced,8
16600,13.746123837372174,0.8856224276849778,0.0235511976244167,46.84923128739504,0.7225973305217892,114.23614436873812,balanced,8
16700,13.757125732758768,0.8872424150284284,0.0240276911200445,46.897163870454186,0.7227578098957259,114.2551918171611,balanced,8
16800,13.810282260461648,0.8801382607826812,0.0238320108631498,46.94260910336982,0.7190874598296586,114.34067603618112,balanced,8
16900,13.775215998385368,0.8774662992645532,0.0232918235522808,46.98834329986867,0.7168861945056516,114.408453710803,balanced,8
17000,13.747277305317454,0.8837622835960869,0.0238929791959744,47.03621593098913,0.7241847762560764,114.34977688766084,balanced,8
17100,13.872456007940649,0.8857237508846086,0.0238970344463558,47.08617721984172,0.7235747440280844,114.33532352847652,balanced,8
17200,13.967143768361773,0.8824345472797026,0.0235194063126361,47.13749477033387,0.7210001175555852,114.3819561013813,balanced,8
17300,14.0158871642796,0.8839485577818651,0.0235357837432059,47.18968274958544,0.7238188983302142,114.40324051899336,balanced,8
17400,14.00996197210116,0.8881250133136787,0.0233670766413128,47.24193475787534,0.7266752081713009,114.42081534205116,balanced,8
17500,14.163186655485717,0.8879669016947854,0.0234189626401216,47.29274994519108,0.7248466475010167,114.41546582592758,balanced,8
17600,14.223658244113237,0.8865177287769864,0.023553236273916,47.34117290565376,0.7225006197980072,114.43213361669532,balanced,8
17700,14.152706752211705,0.8865981990442313,0.0232137526265878,47.388272780374194,0.7241919729027593,114.48352506369602,balanced,8
17800,14.226525349322923,0.8890809260469059,0.0234593986803237,47.43672988602674,0.7282572978137757,114.49414825708006,balanced,8
17900,14.407387251253642,0.8901530484201491,0.0235778702016456,47.48874034907856,0.7258974149555159,114.49501422481868,balanced,8
18000,14.52691212830415,0.8904866621795592,0.0234635802713929,47.5443197894817,0.7248120883863967,114.47306687520314,balanced,8
18100,14.673510699040913,0.8958747885199212,0.0234986150587705,47.601229181729686,0.7288209736651227,114.39751952677076,balanced,8
18200,14.7379007129278,0.9003182674649651,0.0233402405859549,47.65617719940231,0.72818722445094,114.35611934751591,balanced,8
18300,14.815067491610794,0.8989830737204563,0.0236080315328265,47.7067439711011,0.7257685028762767,114.35833133897424,balanced,8
18400,14.801424945145747,0.8983759871826774,0.0236611122809057,47.753362146618905,0.7212562234821359,114.4007273952704,balanced,8
18500,14.75990864914058,0.9008611125675416,0.0231373239565532,47.799644085084765,0.727201065742234,114.47893945326253,balanced,8
18600,14.853029124152044,0.9010039148504496,0.0233429924596383,47.84966359929064,0.7282733477025822,114.45301068282502,balanced,8
18700,14.967558519028753,0.8989459069033721,0.0240721404529201,47.90403658047257,0.7232893058137426,114.32570929860732,balanced,8
18800,14.962633082463649,0.901933054170386,0.0237864917759945,47.95908252930447,0.7227440213756883,114.26408397766826,balanced,8
18900,15.02568618111207,0.9047413806528304,0.0231217733922258,48.01042997402941,0.7253175207355309,114.28177360180118,balanced,8
19000,15.02480837944189,0.9027735121651068,0.0237341687034065,48.05703626493565,0.7234993165423689,114.2535312786554,balanced,8
19100,14.989846569997797,0.9019560889954824,0.0244681268986123,48.10122100260109,0.7247703449561206,114.21655577302752,balanced,8
19200,14.816736921921708,0.9026420532369142,0.0235999270939835,48.14561926728977,0.7188301281148219,114.2986963216038,balanced,8
19300,14.688252770088262,0.8989509430896627,0.0231611360948057,48.19139563509381,0.7209405052163936,114.31147077965612,balanced,8
19400,14.708986092765253,0.8944060486863097,0.0246168688917225,48.23898921547738,0.7231436963505998,114.16958761740852,balanced,8
19500,14.68725024186456,0.8951036452175172,0.0244532463828356,48.28849371608612,0.7244736135664054,114.14056925999871,balanced,8
19600,14.503315599852083,0.8942801468708266,0.0234947737972846,48.33839601397618,0.7215214754428019,114.1641824188484,balanced,8
19700,14.457483690964288,0.8901230887468238,0.023873743169782,48.38557198211684,0.7275803618248265,114.07548361501988,balanced,8
19800,14.450335257085364,0.8911272358654563,0.0247165964073289,48.42824735610621,0.7316268733498631,113.98836766275136,balanced,8
19900,14.351288007552236,0.8918638593713705,0.0247704888648118,48.46839584680847,0.7266775592336555,114.002486091382,balanced,8
20000,14.102822431126294,0.885743161191457,0.0238407150183748,48.50965046894717,0.7214424458247478,114.10106459494246,balanced,8
3000,26.050680583838265,0.985231673457626,0.0196080884180064,37.36841649154218,0.917813131268322,209.24440441847943,legacy,12
3100,25.56372321592734,0.9837769861183298,0.0197171734772916,37.48376238609432,0.9136425076315188,212.13857780472867,legacy,12
3200,25.196537026490795,0.9828717034838051,0.0197912378946033,37.61806236626037,0.9124387293025504,214.91564942271805,legacy,12
3300,24.856695380316005,0.9823062714191424,0.0199253262549426,37.76283169016363,0.9108825704569282,217.5338324682226,legacy,12
3400,24.451251368413217,0.9809395292469776,0.0201062750723372,37.91323319750292,0.9030132528429228,220.0053092818347,legacy,12
3500,23.94650581405025,0.9789045171028444,0.020222207103592,38.06957578363435,0.8860105634295833,222.3613734846209,legacy,12
3600,23.38502917155374,0.977530407569828,0.0202839704367867,38.23568549551909,0.8540154776560197,224.3855912077485,legacy,12
3700,22.8465315668884,0.9766594853749054,0.0203757238360156,38.41518898135151,0.8060176312521806,225.77725204821573,legacy,12
3800,22.494754512921222,0.9755155722348244,0.020407292575589,38.60858401148497,0.7972054529951318,226.50693347593744,legacy,12
3900,22.25418201891901,0.9742930094925568,0.0203874549040319,38.81329947580885,0.8066785516067077,226.75448642278627,legacy,12
4000,22.101520558338727,0.973953211504384,0.0204231583411995,39.02595530120014,0.7898083436461438,226.71742691056804,legacy,12
4100,21.96841541972912,0.973807824019508,0.0204950071848307,39.24400313217584,0.7969836880774002,226.59850554467485,legacy,12
4200,21.870258106156378,0.972576174719708,0.0205414701622096,39.46509845332778,0.7961678043303191,226.55213672945573,legacy,12
4300,21.728413323218906,0.9718775863485748,0.0206626158656723,39.685487831641815,0.7786349978139209,226.5632611937792,legacy,12
4400,21.686364080438278,0.973317704001225,0.0207635622422986,39.90018643847719,0.7928516297962793,226.60723473912424,legacy,12
4500,21.55850471045336,0.973348240263913,0.0208456225033466,40.10583133906977,0.781995098316263,226.7509993015326,legacy,12
4600,21.331964681985163,0.9708502897857612,0.0210925350009967,40.30358125628389,0.7570987286437322,226.91225756216548,legacy,12
4700,21.13414107665966,0.9696682790232533,0.0212557003666131,40.49864341644696,0.7672699219888857,227.0248094776045,legacy,12
4800,20.97096978815634,0.9710195721139834,0.0212472103946602,40.69629422060536,0.7572203948389072,227.07116978131404,legacy,12
4900,20.79786842529433,0.9693750091582528,0.0213581797953843,40.89777707989872,0.758448526046621,226.89932175208807,legacy,12
5000,20.736675527516528,0.9664573648394742,0.0213874411402291,41.09932178690359,0.7646447424979934,226.643690911666,legacy,12
5100,20.771765626847877,0.969902686331132,0.0213013347093962,41.29460440079679,0.7531368637224958,226.47072622140925,legacy,12
5200,20.763138097234854,0.9710181675248328,0.0214596262646401,41.47860681734845,0.7617922133005192,226.33248905134604,legacy,12
5300,20.576099317196345,0.9686310412373612,0.0215905711909063,41.650378102175445,0.7594775871246342,226.3836142042773,legacy,12
5400,20.36366290831274,0.9653156854278258,0.0216224511176688,41.81313861312845,0.7528343228251438,226.5496265368767,legacy,12
5500,20.309111213961277,0.967922787775364,0.0217783398628739,41.9719088802185,0.7581943878530043,226.5758974545748,legacy,12
5600,20.26045430383244,0.9682303564827852,0.0218213825487046,42.13043144399906,0.7485735087453924,226.53172785645296,legacy,12
5700,20.14292658860569,0.9650485657640262,0.0217729622128186,42.28947363417218,0.7545493893061797,226.42565443092525,legacy,12
5800,20.1328652482348,0.963835142450198,0.0218109121587754,42.44734855215776,0.7558951307026807,226.2596373583842,legacy,12
5900,20.152619104476702,0.9662464973268176,0.0218133114612046,42.60159355303762,0.7494550178930284,226.2122620468286,legacy,12
6000,20.10228770526336,0.9654804472060758,0.0217606442662151,42.7501838286526,0.7565658737465616,226.29448340472285,legacy,12
6100,20.079210795101236,0.962339950914176,0.0217849439775044,42.89203142964194,0.7518901213721629,226.39171374314603,legacy,12
6200,19.96576918941653,0.9611665771502752,0.0218514119696402,43.0275111789507,0.7496368880497989,226.492800267403,legacy,12
6300,19.89753511517897,0.9621302649030286,0.0218364606082939,43.158910003103,0.7469865053523385,226.6188153294109,legacy,12
6400,19.83771792021166,0.9608558317917856,0.0218286680673495,43.2898061580208,0.7451251351332909,226.71169605205563,legacy,12
6500,19.829159530560897,0.9595405562743622,0.0218157940124107,43.42305890173687,0.7490084426998601,226.7339810026947,legacy,12
6600,19.80586739342312,0.9598598084738252,0.02169165265009,43.558670193879856,0.743121532720939,226.7400113190736,legacy,12
6700,19.87851926847982,0.9604358205499212,0.0216236789085022,43.69359506924452,0.7431417711148042,226.7665613296849,legacy,12
6800,19.821996915027867,0.959820646152586,0.0215423661984013,43.82410336144532,0.7474906344731413,226.8959266731792,legacy,12
6900,19.747018453947952,0.9586156002593572,0.0214176147977056,43.948583533575125,0.738297531128629,227.1340016572961,legacy,12
7000,19.79834610824326,0.959801519782829,0.021534335221322,44.06835687886107,0.740916908718042,227.32395058972705,legacy,12
7100,19.75939767672025,0.9611451465553896,0.0214666181945002,44.18654643828592,0.735431650038669,227.48491779485823,legacy,12
7200,19.8968334379455,0.9626647190926848,0.0213387299477086,44.30646677746536,0.7355650756150381,227.56579627135423,legacy,12
7300,20.05870004557071,0.9637774660921482,0.0214522939778536,44.43012261945494,0.7384714485824425,227.51857104679047,legacy,12
7400,20.114802454713807,0.9638812130146124,0.0213299799909431,44.55695554756439,0.7340167560950875,227.5561174061081,legacy,12
7500,20.30598006331945,0.9645255874765216,0.0212207003905027,44.68371394399711,0.7340209518227264,227.624341716322,legacy,12
7600,20.508429681014555,0.9668038624446682,0.0212854493011739,44.806218091266445,0.7357840923220186,227.70182586456252,legacy,12
7700,20.588335665191718,0.9682521002465811,0.0212382597396046,44.92226896322245,0.7329744406804309,227.8483019370809,legacy,12
7800,20.765314082878533,0.9685998963715868,0.0213380442833525,45.03345473166934,0.7296463799331037,227.8964322836012,legacy,12
7900,20.848949904359348,0.9688777889326834,0.0213110162024537,45.1439581857112,0.7311475454205215,227.88851859608408,legacy,12
8000,20.881088196896105,0.969090021082797,0.0212099673993766,45.25720676932932,0.7320327281055932,227.8758577157465,legacy,12
8100,20.99847222874944,0.9691479880177388,0.0212997787342837,45.37354442490653,0.7293206995546807,227.85499412563715,legacy,12
8200,21.102302105042305,0.9699436516484709,0.0212376047073868,45.4906837272416,0.7297049417059239,227.89336723128667,legacy,12
8300,21.17364738982888,0.9710820865615816,0.0211676581961571,45.605468526944165,0.7393531607436675,227.9509493610216,legacy,12
8400,21.1583336175158,0.97129606158742,0.0211429786930034,45.71512175743589,0.7345546919860886,227.9566401631001,legacy,12
8500,21.135894792463432,0.9705068191274951,0.0212210502580625,45.8182639557596,0.7412714253049186,227.87827837174683,legacy,12
8600,21.094353270350357,0.9697599562695072,0.0212247408539939,45.91627264100387,0.7377607183810974,227.91176382829613,legacy,12
8700,21.039152068711008,0.9695445689506308,0.0210745181807417,46.01350555136271,0.7410989654969817,228.058880504481,legacy,12
8800,21.008335336970813,0.969338048227411,0.0211900911737425,46.11457775061555,0.7331294570590893,228.0603715863191,legacy,12
8900,20.910796922572587,0.9690199090585454,0.0211402892625564,46.22017523225527,0.7382922505338374,227.9992672006485,legacy,12
9000,20.87324921324455,0.9687065185984396,0.0210509472349133,46.3258613552273,0.7329492657731842,227.906973215394,legacy,12
9100,20.840866310528583,0.9679076440552724,0.021087682353725,46.42592786633056,0.7329731062094615,227.84655355530649,legacy,12
9200,20.66221756624065,0.966278803215848,0.0210640430331599,46.518543620165374,0.7352650824539433,227.9878823010413,legacy,12
9300,20.58713128186696,0.9649917788818104,0.0211820729866,46.60692930044423,0.7309442810118087,228.1276715375972,legacy,12
9400,20.583950086285014,0.9654926986595532,0.0211361483188419,46.69600687295605,0.731821196885661,228.14004979990355,legacy,12
9500,20.58363049556293,0.9662012155571492,0.0211085893733147,46.78848003687053,0.7267166799874304,228.0741853360134,legacy,12
9600,20.67738303195617,0.9655570775904568,0.021237575802099,46.88364296212086,0.7255998426555015,227.99051150580917,legacy,12
9700,20.7302788128759,0.965102616627162,0.0211392806572961,46.97881574339553,0.7287364573788149,228.03634220396776,legacy,12
9800,20.842726765257076,0.9666465683408516,0.021041135083657,47.07153192886428,0.7269875036444022,228.1482271039955,legacy,12
9900,20.96984997528496,0.9682507575267956,0.0211962150477484,47.16094490766686,0.727899069410803,228.15986344231652,legacy,12
10000,20.970479067792358,0.9678111288891798,0.0211749263778671,47.247781179479496,0.7319201471790611,228.1650838999683,legacy,12
10100,21.02635756287849,0.966418048321682,0.021072271771939,47.333134556312416,0.7315198767839141,228.18702989711272,legacy,12
10200,21.131037396091013,0.966779653775886,0.0212082104628122,47.41747576639794,0.729937808120138,228.1345776156629,legacy,12
10300,21.181427353733085,0.9676995824142848,0.0212318416197829,47.50109958999123,0.7296930653775755,228.1769120119184,legacy,12
10400,21.26159901140948,0.9679072123334193,0.0211745316514695,47.58518025734382,0.7348684597056256,228.2689766439144,legacy,12
10500,21.311322296255018,0.9686372845061688,0.0211808094950689,47.67138336236599,0.734179278165274,228.2876083728385,legacy,12
10600,21.340497094421835,0.970297359692162,0.0211499744751006,47.75989341129264,0.7345646496150295,228.23418745932585,legacy,12
10700,21.53496839958234,0.9706653158212988,0.0212189342131135,47.84826071793653,0.7368096711076704,228.0870548544945,legacy,12
10800,21.483545368039803,0.9696425952003048,0.0210692818948756,47.933102498447546,0.736356906454271,228.06051214349137,legacy,12
10900,21.49741561913441,0.9699835237661856,0.0210761715662809,48.013662750014575,0.737992694456489,228.10422093074223,legacy,12
11000,21.69468803632756,0.9712673042751616,0.0213025786736391,48.09358573033198,0.7368818932524268,228.18655322251223,legacy,12
11100,21.6944170318652,0.9715995592087396,0.0211778887293244,48.17809706369036,0.7366163745296382,228.30404154998396,legacy,12
11200,21.78829515365003,0.9720594079461842,0.0211399579141113,48.2685796011745,0.7411354354645484,228.1740998440773,legacy,12
11300,21.906240825130133,0.9733215024056924,0.0211686301717036,48.3604676422277,0.7373196984242717,227.94109985239157,legacy,12
11400,21.926422414478125,0.974018014946757,0.0211596159496624,48.44746486925517,0.7372174606516756,227.8410908240536,legacy,12
11500,22.04981026605005,0.97433411673241,0.0211455735662554,48.52766499113428,0.7364355706513067,227.96552539464625,legacy,12
11600,22.12994982624337,0.9750013171890496,0.0211687256315199,48.604606647865786,0.7312791919567431,228.17276011485387,legacy,12
11700,22.08898299755855,0.9753100900059872,0.0212437722929402,48.68218277663526,0.7334710818741099,228.2035766978363,legacy,12
11800,22.12200265366199,0.9753665092329362,0.0212064526072442,48.75966742945895,0.7309659846936192,228.0753126879149,legacy,12
11900,22.118694032755425,0.975391217759272,0.0212677229589562,48.83285006207871,0.7277839962090719,227.90643020858985,legacy,12
12000,22.13434231602177,0.9749687453911616,0.0211705397364145,48.89952531451233,0.7313619862049162,227.9532357941519,legacy,12
12100,22.070471612086383,0.9745898737691596,0.0212333500905559,48.96231141069414,0.726963670869307,228.0927011433723,legacy,12
12200,22.003129082683508,0.9748763727236868,0.0213624782143579,49.02543398716417,0.7264097980939296,228.10242110309383,legacy,12
12300,21.917327073483165,0.9746886693578424,0.0211756344494283,49.08976107505657,0.7240854991747155,228.12366710123692,legacy,12
12400,21.76213907337643,0.9738219917155588,0.0212512250782751,49.15237253175629,0.7297599978554591,228.02871902855532,legacy,12
12500,21.87352704272841,0.9739387714081514,0.0213719039683911,49.21070337026861,0.7264434198694568,227.9409915631078,legacy,12
12600,21.56196496282638,0.9737987263093064,0.0211826535486227,49.26550189431488,0.7250146812411749,228.04434250770035,legacy,12
12700,21.399835978137837,0.97164305336516,0.0212902991457433,49.319443040768,0.7237809702234794,228.0220644875355,legacy,12
12800,21.25812451602122,0.9693002846339356,0.0213843589693291,49.37447515213732,0.7298184138289064,227.96406109096748,legacy,12
12900,20.919630598183016,0.9694871225347066,0.0212349690305702,49.4314933653752,0.7277044562024335,227.99855022922512,legacy,12
13000,20.903125936268548,0.9689274765676488,0.0213410986379712,49.49121836646953,0.726951513191865,227.9289390223309,legacy,12
13100,20.73203315344034,0.9664860368945014,0.0212741393944559,49.55347498934307,0.7259344273208229,227.8992324437612,legacy,12
13200,20.45211867002033,0.9666840978326284,0.0211885187626745,49.615700496994194,0.7300581053765118,227.8993657491926,legacy,12
13300,20.410530954264942,0.9673666352121232,0.0213667027754611,49.67402316362654,0.7305412105298492,227.7939691002913,legacy,12
13400,20.12855361918955,0.9644436766477292,0.0212737047301008,49.72715231161742,0.7293817439707431,227.8802424624752,legacy,12
13500,19.81203445646248,0.959270534645746,0.0211916453504036,49.77867550470262,0.7238451835331348,228.0284286980705,legacy,12
13600,19.75459012861337,0.9589133981242648,0.0214105547457663,49.83398786680506,0.735345613315379,227.93586629328183,legacy,12
13700,19.48496516563075,0.959209498236212,0.0213169490849762,49.89438650231386,0.7360589246609187,227.9035637835878,legacy,12
13800,19.50304384152948,0.9563335137149424,0.0211828989049277,49.955201388212544,0.7266207619620583,227.94731743796515,legacy,12
13900,19.32519692482565,0.954738495592666,0.0212494714578604,50.01053194210968,0.7321498350397505,228.00496458031796,legacy,12
14000,19.20248498248113,0.955468410528464,0.0213135187171952,50.05921430368381,0.7285578586490243,228.15880494600552,legacy,12
14100,19.188462681876874,0.9539927934725808,0.0211953295063943,50.105550930852594,0.7236699205628266,228.3341204253114,legacy,12
14200,18.88522579365732,0.9504546918979534,0.0210403672280499,50.15472327107329,0.7284675263706263,228.43087451384275,legacy,12
14300,18.935028103539576,0.9497185627357744,0.0212184783786692,50.20823799923868,0.7343927212249818,228.37036431926265,legacy,12
14400,18.83852429222495,0.9504186013616108,0.0210171548353174,50.26355109380033,0.7277999148006676,228.4627723696181,legacy,12
14500,18.753435696261185,0.9487784405690376,0.0208507246112235,50.316972793675575,0.7282338390697308,228.63055076263157,legacy,12
14600,18.86630719510941,0.9468954326727506,0.0209184845781596,50.36656078961116,0.7277867978578008,228.7496279986168,legacy,12
14700,18.56416588508068,0.9471980095138802,0.020771850026055,50.41332245732665,0.7244659624851034,228.9254837141879,legacy,12
14800,18.65897674259232,0.9475482890324588,0.0209267799876112,50.46075984130744,0.7247108256237796,228.97114568455584,legacy,12
14900,18.64285835798125,0.9466719991927116,0.0207375555093148,50.51278612817371,0.7322683600821152,229.0877900961345,legacy,12
15000,18.5210250247454,0.9472092608236206,0.0206168665512548,50.57060345504374,0.726221777874286,229.1080121319603,legacy,12
15100,18.767545822287044,0.9486123382518762,0.0208160635529023,50.63114226404397,0.7297565557390258,229.01818996298908,legacy,12
15200,18.56152238114238,0.9471483301516056,0.02054112446707,50.68951497087732,0.7284906313728851,229.14520067642025,legacy,12
15300,18.63895524298269,0.947332770569802,0.0204743938902476,50.74365343389453,0.7276728127039033,229.23356711978292,legacy,12
15400,18.69399178510137,0.9487351375990764,0.0206276165265004,50.79614286435512,0.725925959221282,229.26930653584208,legacy,12
15500,18.69385997884704,0.9487014609481894,0.0206627860449407,50.85133087327272,0.7313704629915979,229.29529958292076,legacy,12
15600,18.72140374777381,0.948538438493847,0.0205511224773123,50.91121162861464,0.7279291242507844,229.26405102651373,legacy,12
15700,18.753897104041823,0.950197770972913,0.0205195085119142,50.97420016121127,0.7281294003027935,229.1697215288797,legacy,12
15800,18.854854626466416,0.9514214358077502,0.0206341056574804,51.03690905528651,0.7337956208617428,229.04269935198096,legacy,12
15900,18.861665382283704,0.9506883384642338,0.0204951575485719,51.09654963368392,0.7317346931184265,229.07603472492508,legacy,12
16000,18.944645433228693,0.9515588673913968,0.020468196765912,51.15254322870095,0.7310441571108348,229.18106616804056,legacy,12
16100,18.87014922899033,0.9524026872938092,0.0205907535376641,51.20684216383487,0.7306819938436585,229.20441131598588,legacy,12
16200,18.90820946737658,0.951743522605189,0.020533315214579,51.26233353741273,0.7308049004055186,229.2211726606972,legacy,12
16300,18.827906335964684,0.9512544335388544,0.020522465573589,51.32009102595387,0.7327140398454247,229.1540827698834,legacy,12
16400,18.897029732762064,0.952464241458276,0.0206357214353786,51.37836769518415,0.7325605093056662,228.989410820433,legacy,12
16500,19.006723618768063,0.9528264710369718,0.0205607337178327,51.434767637406566,0.7284909057550808,229.03102204316832,legacy,12
16600,18.90629324805893,0.9529539187110811,0.0204546932153658,51.48874204289381,0.7323951968411412,229.19688314661337,legacy,12
16700,19.032255468523164,0.9538225934804104,0.0205175531453673,51.54108335074894,0.7343882760397793,229.23434420963963,legacy,12
16800,18.963745754454045,0.9535326616152772,0.0205101663685201,51.59176481692968,0.7327831135032973,229.2105000936196,legacy,12
16900,19.050944104792357,0.9524518895827556,0.0204401615347195,51.64002148583531,0.7318928395725334,229.18384285178325,legacy,12
17000,19.006438656558164,0.952515471455878,0.0204873310553215,51.68685201191391,0.7363497747643432,229.2023312536857,legacy,12
17100,18.932062367221278,0.9533062747217756,0.0206264122617309,51.73587181366679,0.7354218648982332,229.26031958398696,legacy,12
17200,19.01802955201537,0.9535230176350898,0.0205186439000661,51.79016755328513,0.7319752614955247,229.30637626603183,legacy,12
17300,18.953871807527687,0.9544405614223308,0.0204906443214044,51.84842654793243,0.7324414923169034,229.2153481575328,legacy,12
17400,19.09350429444028,0.9563898671823218,0.0205628327102428,51.90552681851379,0.7374948778577411,229.09760185978445,legacy,12
17500,19.008838270397,0.9583702865567806,0.0205132203375718,51.95767661535884,0.7403020466153098,229.1338871778101,legacy,12
17600,18.82636285546437,0.9570548027184472,0.0206748857079618,52.00638202161625,0.7381220336249409,229.17339648507877,legacy,12
17700,18.687070277629317,0.9568389411886042,0.0206763533348675,52.05683085149268,0.7345430836150572,229.206809380968,legacy,12
17800,18.782086639600426,0.9582899133117448,0.0207212550023645,52.112907892183735,0.737735014454635,229.08888330339505,legacy,12
17900,18.825404095963485,0.9590440211741365,0.0208454300014346,52.17433121358161,0.7407885857183026,228.81272506660983,legacy,12
18000,18.772804994495388,0.9597240960887974,0.0208345770095351,52.23778460636007,0.7356174091090506,228.67938660019183,legacy,12
18100,19.19923133985364,0.9629228784098616,0.0208583934472165,52.29936960184201,0.7348974899664642,228.6450681148841,legacy,12
18200,19.452010042425428,0.9653076321477392,0.020840088250032,52.35612886470605,0.7343925094229845,228.5777440757468,legacy,12
18300,19.548017801809785,0.9648502343360698,0.0211309193128665,52.40712327835128,0.7317933836167075,228.41436841241625,legacy,12
18400,19.05982037047612,0.9636056797488676,0.0211820360453875,52.45435317348488,0.7302313459483046,228.29600713492263,legacy,12
18500,18.8293037678815,0.9612723403268352,0.0210936511234972,52.50191628916919,0.7408264170740576,228.1654336296814,legacy,12
18600,18.63514580631878,0.9563842305685576,0.021387746423681,52.55288078494041,0.7330855792964807,227.9164870239032,legacy,12
18700,18.272983017454926,0.9522438623704632,0.0213720621914266,52.60672359977565,0.7325449462645989,227.7870935705756,legacy,12
18800,18.76725624235499,0.955486049493924,0.0213809007924516,52.66021585687958,0.7351241230560682,227.7037655551496,legacy,12
18900,18.87996683383676,0.9571384468383596,0.0214931188573519,52.71056098350143,0.7350431886350222,227.65213529655344,legacy,12
19000,18.69495166307695,0.9542949532641486,0.0214950792952271,52.75732417319374,0.731974815054484,227.62158983706712,legacy,12
19100,18.59179788329147,0.9520323233059432,0.0216281367377334,52.80186968172434,0.7321942942817202,227.51896135829875,legacy,12
19200,18.41019328496248,0.952448437163326,0.0216382555941106,52.84587426626516,0.7265008113390434,227.48182876439347,legacy,12
19300,18.49892028104772,0.9479834547757624,0.021532767441641,52.890696617164906,0.7334550791720662,227.4611299959706,legacy,12
19400,18.59972173837421,0.9452024620077052,0.0215311705841113,52.93746919723476,0.7304666500698461,227.45868736342396,legacy,12
19500,18.57834250892441,0.9465375490327932,0.0216519335708547,52.98651277157781,0.7258140487127688,227.4839239561132,legacy,12
19600,18.663085520331467,0.9497388087869972,0.021508915774651,53.03615143235585,0.7329101264308444,227.54633087222683,legacy,12
19700,18.864227998908337,0.9501312163985116,0.0213067447149183,53.083155851614535,0.7324098202299404,227.60495195720023,legacy,12
19800,18.67945589554636,0.9476084359196776,0.0215790272948397,53.12564685864569,0.7303264313419717,227.5691761590537,legacy,12
19900,18.753965617000564,0.9472886190853008,0.0215323784958464,53.165559879813145,0.7274303547645132,227.6905657611498,legacy,12
20000,18.94937325522251,0.951370445941732,0.0212716130973389,53.20752652495837,0.7322113850344351,227.8899615541782,legacy,12
3000,22.01470537401601,0.9616013788356382,0.0227548543623442,35.363512990207504,0.8885371541945971,204.59751693517887,balanced,12
3100,21.46944160744799,0.958722810509,0.0227092358808749,35.59473105036058,0.8876201978616088,207.82251444780115,balanced,12
3200,21.06299536279268,0.9563111106389904,0.0226059367645511,35.83701621077041,0.8846311539687632,210.7441885351477,balanced,12
3300,20.76772383727397,0.9550952814099192,0.022513195939782,36.084432736271005,0.877970184865609,213.53070153981935,balanced,12
3400,20.545643509106768,0.9540878429766112,0.022441724790743,36.332615027733695,0.8783019942524606,216.24796563088307,balanced,12
3500,20.314313750137018,0.9518741436082092,0.0223364492487639,36.57912145044496,0.8727315060001473,218.8967553065402,balanced,12
3600,20.00204558610221,0.9478568457065476,0.0221660424726503,36.82345418131161,0.860162001564435,221.4113532450357,balanced,12
3700,19.60774053255021,0.9424595550814452,0.0219740375757515,37.06640574357601,0.8388389552879774,223.60177185712985,balanced,12
3800,19.182260002062385,0.9373553949448878,0.0218960889872728,37.30892177828767,0.8067944220386999,225.26580070257765,balanced,12
3900,18.77701473425917,0.934483652968672,0.0218272372561758,37.55176102272699,0.7636453484414711,226.40631218529555,balanced,12
4000,18.454960892427582,0.9326977524040424,0.0217106624647326,37.79607066938456,0.7403016064731962,227.1148669087619,balanced,12
4100,18.278996432582996,0.9323320954619596,0.0216927970611684,38.04311032965981,0.7375185604789036,227.4525777499494,balanced,12
4200,18.204059961064928,0.933990821250714,0.0217084267338795,38.29257063875177,0.7387666186777799,227.51798834031516,balanced,12
4300,18.237297296690414,0.9354863169773664,0.0217354949621945,38.541623200297394,0.7393038093886403,227.4111369811036,balanced,12
4400,18.328512661535527,0.9367905652128748,0.0217686759345026,38.78651569588953,0.7427647015566679,227.25002047902152,balanced,12
4500,18.47981936322857,0.9384998052415244,0.0218039924470328,39.02542804645679,0.7491589468634613,227.1354336314887,balanced,12
4600,18.65981654334049,0.9407113961946094,0.0218992350779786,39.2596043765519,0.7420809054987548,227.0561443326044,balanced,12
4700,18.894585707182987,0.9445799914255784,0.021992508119712,39.49150285098444,0.7498690549563035,226.9964922378352,balanced,12
4800,19.202831262084946,0.949167052826342,0.0220157908890326,39.721992316135854,0.7566281951297292,226.96405445702536,balanced,12
4900,19.526597492637304,0.9531635598419206,0.0220147096356977,39.94969327119308,0.7498439254041604,226.9385450329772,balanced,12
5000,19.885623054615408,0.957153573197724,0.0220868919333591,40.17275615553586,0.756603393443619,226.93395720491063,balanced,12
5100,20.18569880413269,0.960764288993312,0.0221805231468045,40.39038819011374,0.7615807925092523,226.99340291622784,balanced,12
5200,20.42405526025573,0.9634313082895196,0.0221565368263148,40.602416034792455,0.7556802843739612,227.11294758490524,balanced,12
5300,20.666407680592364,0.9656215462699768,0.0221845776660341,40.80813557983714,0.7549030596611778,227.17103467474288,balanced,12
5400,20.817093132597048,0.967340009074869,0.0223708498570868,41.00627307953143,0.7643146352921144,227.07408975818228,balanced,12
5500,20.89596984440419,0.9680438598174984,0.022488115695542,41.19600435148462,0.7587734349535524,226.91380825705392,balanced,12
5600,20.859065490658924,0.967833807919288,0.0225111259644593,41.37767531666471,0.7524565314393611,226.75130965982245,balanced,12
5700,20.70425059119875,0.9670214629133832,0.0226126962606173,41.55230786582499,0.7650572207295293,226.54511002576305,balanced,12
5800,20.44899106566887,0.9655540744927458,0.022715291915445,41.72018192386015,0.7594455043728693,226.32784757049444,balanced,12
5900,20.133323332612044,0.9637174544872672,0.0226888840927303,41.87994315085915,0.7510408331267304,226.20694347131567,balanced,12
6000,19.819367792815854,0.9617877737722432,0.0226453641174261,42.02966866733574,0.764000536473774,226.21597324556436,balanced,12
6100,19.492667162228084,0.9592382035274036,0.0227814599605621,42.169198415017306,0.7580442814371902,226.29160611415745,balanced,12
6200,19.13536569038524,0.9563568319646968,0.0228443819034609,42.3011542793257,0.741718798503875,226.4441496618002,balanced,12
6300,18.88401687558352,0.9546571030326012,0.0227840164411379,42.429497786253584,0.747434562374001,226.59965876308465,balanced,12
6400,18.761956391333683,0.95325363781848,0.0228856113887685,42.557335220596855,0.7371073928376428,226.6001119749957,balanced,12
6500,18.6874360536239,0.9510387740752356,0.0229245373105727,42.685855047375256,0.7346394736569383,226.57061402737455,balanced,12
6600,18.614791130025537,0.9501021764334432,0.0228527754329151,42.814299367602274,0.741353115389121,226.59705492954384,balanced,12
6700,18.535621843790093,0.9504341517079028,0.0228412104115255,42.94028747804718,0.7342901615047879,226.62867966202225,balanced,12
6800,18.479642501944078,0.9490063748918368,0.022729653138555,43.060828839744936,0.7269949845442003,226.76081820308733,balanced,12
6900,18.418079986571318,0.947011838834342,0.0226948876648744,43.17431193768159,0.7340395070781426,226.9290195336436,balanced,12
7000,18.39627853402821,0.9476758794367676,0.0227389991632336,43.28205943994593,0.7300869478915746,227.11081887654785,balanced,12
7100,18.32901225163964,0.9475441790131012,0.0225993858563143,43.38741645547828,0.7195007025966018,227.38841193514125,balanced,12
7200,18.23467915485034,0.944144472448126,0.022537723301751,43.492828248618416,0.7223894081975692,227.60261032590532,balanced,12
7300,18.11810491411589,0.939461370239664,0.0224906286380573,43.59813593002308,0.7188881682577634,227.75219608342624,balanced,12
7400,17.95751101910384,0.9375424100692602,0.0223531104696589,43.70197117276925,0.7200160399536687,227.92327121613584,balanced,12
7500,17.713473921783052,0.9373471159080392,0.0222494341234378,43.80415083961779,0.7238337040748792,228.0687077340252,balanced,12
7600,17.603598420136635,0.9360895494916271,0.0221906116948506,43.90598221638709,0.7212712304660055,228.17752001323808,balanced,12
7700,17.493732953044642,0.9347486661776438,0.0221708428086801,44.00847954231669,0.7214310662147532,228.26865898583733,balanced,12
7800,17.348464575463684,0.9329184272461972,0.0220749337224344,44.11120860061382,0.7245309140684149,228.4103101256652,balanced,12
7900,17.170823635136507,0.9306578400547724,0.0219968138600189,44.21335880245778,0.7259878001702047,228.5129089347282,balanced,12
8000,17.02162319217604,0.9283345255861688,0.0220373685211091,44.31544374784675,0.7292992854868289,228.5264457357476,balanced,12
8100,16.95873194982284,0.9261407958730498,0.02198658405954,44.419158584706544,0.7309868328792063,228.56910633738067,balanced,12
8200,16.879749650911254,0.9241468311783398,0.0219211430954546,44.52546717712348,0.730098964605484,228.60279073798452,balanced,12
8300,16.743049452230604,0.9226748481119398,0.0219252654776094,44.63342827929601,0.7354242003511396,228.61409680509087,balanced,12
8400,16.71411772498431,0.9232194970299304,0.0219616261140264,44.74139587117372,0.7338736636205817,228.6405531869571,balanced,12
8500,16.72341463612646,0.9238302672450278,0.0219549237677891,44.84919026597643,0.7351321964621157,228.7089625404696,balanced,12
8600,16.68862573724922,0.9233823890655012,0.0218948561211909,44.958477459063246,0.7390678954100454,228.74954315616543,balanced,12
8700,16.701526878878074,0.9237345829296972,0.0220360659929341,45.070716124857086,0.7359483569128333,228.60278839095207,balanced,12
8800,16.81462202860582,0.9274503284746946,0.0220862006884433,45.18507692296134,0.7391141205182234,228.43366491657545,balanced,12
8900,16.859772715890042,0.9278390028984128,0.0219210006771485,45.29883462110175,0.7403234040815924,228.3915697895446,balanced,12
9000,16.848680318365584,0.9287731034302394,0.0220121756744505,45.40980367812708,0.7400940022854537,228.3362504811556,balanced,12
9100,16.962236990488883,0.931023761551147,0.0221295540599429,45.51821156116452,0.7397651255616102,228.3202940081516,balanced,12
9200,17.14602364522692,0.9327522918277747,0.0220740771718189,45.62634756218122,0.7345940445381377,228.40070868748572,balanced,12
9300,17.301031553422515,0.9332684224088884,0.0220891713325842,45.73664461626959,0.7342250286403997,228.3793726807421,balanced,12
9400,17.461203915030023,0.9363970711027928,0.0221906042702197,45.84983058588988,0.7374798380681901,228.25401538154765,balanced,12
9500,17.721188068167503,0.9386285692117952,0.0222128380632135,45.964326746110096,0.7363979080660025,228.11673204720813,balanced,12
9600,17.937811867722306,0.9401135492390112,0.0222363890338558,46.07736235540038,0.7337198964441859,227.95829801747027,balanced,12
9700,18.061018542977862,0.9426511700594744,0.0222409301758498,46.18711020560048,0.7328915399810777,227.875750465392,balanced,12
9800,18.18595211852428,0.9457007090408914,0.0222726783393214,46.2939006131158,0.7356968793840967,227.8360122559357,balanced,12
9900,18.38412295650056,0.947107442415824,0.0224199252467767,46.399282229283855,0.7298172983079497,227.76369630945797,balanced,12
10000,18.53967925217428,0.9484152670485352,0.0223727153475086,46.50405925140274,0.7271847434013684,227.75603269449007,balanced,12
10100,18.60969536033673,0.9500454380626222,0.0222484195018221,46.60737911019324,0.7238066072969445,227.76826211541228,balanced,12
10200,18.59955889398469,0.9508994587661108,0.0223018107031813,46.70752709818342,0.7234754704400792,227.7305115016965,balanced,12
10300,18.645079453039973,0.9501655404173712,0.0222819657147149,46.8033988703433,0.7255936944634905,227.72636783040235,balanced,12
10400,18.58218992863805,0.9493437425977896,0.0221976903563737,46.89533290051151,0.7225000085692832,227.72263940403727,balanced,12
10500,18.425165257909452,0.9493335858756038,0.0222229751107093,46.984768982166855,0.7259626419392184,227.6500894486275,balanced,12
10600,18.345720506429917,0.9506372359633508,0.0222206576327767,47.07297097466146,0.7262008361435355,227.5886462327491,balanced,12
10700,18.39073598931408,0.9512505530017776,0.0222113889651417,47.15967250251176,0.7265688445797196,227.58764121415865,balanced,12
10800,18.404544615486657,0.9522249476177224,0.0221557095687689,47.24296922593818,0.7276850375756532,227.6713456004354,balanced,12
10900,18.41658465264617,0.9536020061346874,0.0220287072240965,47.32091291845023,0.7298815744274533,227.8472957777488,balanced,12
11000,18.299432569773547,0.9543002842379438,0.0220095419345735,47.3934242318747,0.725578285735255,227.98538030046376,balanced,12
11100,18.41756061935348,0.9528697627638834,0.0220414089467849,47.46269296001101,0.7253879363552165,228.01590351525044,balanced,12
11200,18.50096804247421,0.9527700886185204,0.0220857208000045,47.53157222671977,0.728421738657933,227.98461070972883,balanced,12
11300,18.549703700172014,0.9529768611749077,0.0220556088085314,47.60124527383202,0.729797737205412,227.99278456793024,balanced,12
11400,18.682730880301072,0.9537448238341574,0.021937531046469,47.67041449901924,0.7285440015794166,228.05796905775816,balanced,12
11500,18.821606608390464,0.9535874643812912,0.0220278572392859,47.73696821459215,0.7299635300463351,228.11661045081783,balanced,12
11600,18.828657353222404,0.9527564912448656,0.0219159678085551,47.80035852804631,0.7285478858613931,228.2949842662317,balanced,12
11700,18.854398231136145,0.9517301753975363,0.0217395845482143,47.86228246311119,0.7256337270953205,228.47797992281485,balanced,12
11800,18.908242240460226,0.9521006191208056,0.0219130466730147,47.92529208979748,0.7252233962003819,228.4964098692102,balanced,12
11900,19.03793962452642,0.9542146594324982,0.0219114575061367,47.99087592844945,0.727265167715362,228.5200054426112,balanced,12
12000,19.128285837313783,0.9556254566242726,0.0218833480345296,48.058780854799366,0.729002338967051,228.53427169141523,balanced,12
12100,19.170803515894075,0.9540111189644702,0.0219033418319973,48.12800555294653,0.7272842393700234,228.58396477307116,balanced,12
12200,19.153770820253403,0.9519866331281064,0.0218127576078057,48.19814739915269,0.7251212274339607,228.688683379034,balanced,12
12300,19.151434856026647,0.9522344216547204,0.0218034465089848,48.26969209941672,0.7265131233576235,228.7279427959379,balanced,12
12400,19.138746870652405,0.9524535776844028,0.0217319225128377,48.34332982374832,0.7250774707862057,228.75824183074204,balanced,12
12500,19.175986502274448,0.9518388233596916,0.0217247746262974,48.4191248876381,0.7250560068259653,228.7322462225281,balanced,12
12600,19.24983735283064,0.9538888470913977,0.0217262668520333,48.49609960267821,0.7278915955358313,228.69247806567444,balanced,12
12700,19.35484749172908,0.9569519407454964,0.0217670873846019,48.57273455669253,0.7272454256461006,228.65198961534747,balanced,12
12800,19.441017266377894,0.957815675049262,0.0218503050737599,48.64834909728289,0.7278471230650287,228.62456551729056,balanced,12
12900,19.526083706225712,0.9587924293282905,0.0217512552375629,48.72403765032615,0.7328071140152077,228.72043974911412,balanced,12
13000,19.628596467471493,0.9597148037021952,0.0217848672500939,48.80183107646089,0.7343211669598508,228.69660652713077,balanced,12
13100,19.63286879247453,0.9588931575328128,0.0219078051751142,48.88263206519802,0.7351347398532521,228.5545011581164,balanced,12
13200,19.456837072048494,0.95609851277086,0.0217936043274919,48.96499519778303,0.7335445799881566,228.46806061027223,balanced,12
13300,19.35174786599473,0.95988300466965,0.0218456369964806,49.04615590191053,0.7315504412890698,228.33192796228292,balanced,12
13400,19.39643092814805,0.9626109974070516,0.0219953954139318,49.124462333779846,0.7283490438155265,228.2375414315424,balanced,12
13500,19.69306894157284,0.9656922864062718,0.0220188187908961,49.200775185864586,0.7343285224803473,228.25567728038368,balanced,12
13600,20.25308884687364,0.9701638776691202,0.0220800120109451,49.27727705736945,0.7351903528446804,228.29658956611155,balanced,12
13700,20.579420974613164,0.9722341434182628,0.0220320224211278,49.35484006816757,0.7292493136993337,228.27517086344704,balanced,12
13800,20.615045893605604,0.9714405337857368,0.0221178809446158,49.4317944660303,0.7350969786653077,228.09943184837795,balanced,12
13900,20.32656018038209,0.968686576059954,0.0221339992066741,49.50545589816963,0.7304343537911806,227.91549113744352,balanced,12
14000,19.850984588310485,0.96750496232271,0.0221155543460715,49.57458987675102,0.7311707351397622,227.8175095797452,balanced,12
14100,19.605346602178837,0.967086543084601,0.0221613505030725,49.640133007439154,0.7289646602058553,227.72821395524207,balanced,12
14200,19.48965162452944,0.9651522820758796,0.0222289389378479,49.70393569535803,0.726037589652122,227.67933757465823,balanced,12
14300,19.792713681776707,0.9656751295449796,0.0223333780229329,49.767336027052096,0.7253007052783981,227.6489779010409,balanced,12
14400,20.05533341469451,0.967808906992123,0.022331844342051,49.83067664107714,0.7263022697696548,227.6315233164437,balanced,12
14500,20.04460334566465,0.9667246579099096,0.0223370308365801,49.89349853023466,0.7248133941052745,227.574609648437,balanced,12
14600,19.94748235626864,0.9628282634598964,0.0224641775849183,49.95498751998283,0.7267353494429764,227.44758325713613,balanced,12
14700,19.920069669347782,0.9609554960039352,0.0224508352391312,50.01452138651419,0.7254740324764456,227.3873040720845,balanced,12
14800,19.88714329709554,0.962436483504705,0.0224247191135307,50.07201022048121,0.7246740284980849,227.36046310239837,balanced,12
14900,19.83620093203565,0.9620352903567332,0.0225187065192767,50.127687137215695,0.7248289891301307,227.3394126091196,balanced,12
15000,19.81594375792985,0.9614349348933416,0.0224599515901728,50.18157577125562,0.7250441567519925,227.39209981640377,balanced,12
15100,19.90828784296501,0.9611786120457634,0.0223324794635754,50.23341537631151,0.7236814503906748,227.48175224092932,balanced,12
15200,19.87080434474796,0.9607475256425716,0.0224366511101237,50.28341685065767,0.7230964165857033,227.50412497692588,balanced,12
15300,19.77732323820472,0.9592429716884152,0.0224428694831273,50.33292805170498,0.724750761209759,227.54504795258043,balanced,12
15400,19.73090805703785,0.9576355746016092,0.022152443387471,50.38363328718479,0.7263467190912333,227.62603468033643,balanced,12
15500,19.73510608268417,0.9578113199046524,0.0223531978164952,50.4357001249288,0.7235294510146753,227.5245721336454,balanced,12
15600,19.620428015212447,0.9583843213059366,0.0225218860890258,50.48725652114376,0.7237190898369764,227.4537033865477,balanced,12
15700,19.53263316596956,0.9575301092689756,0.022217333664566,50.53636292795736,0.7265566399785536,227.61734399177905,balanced,12
15800,19.467229068820377,0.9566596710282756,0.0222312983893126,50.58331627724267,0.720321836802192,227.7410898327672,balanced,12
15900,19.58083481411676,0.9571928846555854,0.0224220454402639,50.630391872219455,0.7220528032262186,227.76976898756777,balanced,12
16000,19.5923305512294,0.95693642675951,0.0222797082331283,50.67937583678016,0.7219546885301803,227.86791125349984,balanced,12
16100,19.597501563057552,0.9558279940439428,0.0220999767241526,50.73011071390192,0.7206117487035212,227.9189008753373,balanced,12
16200,19.70536494348851,0.9561719911635692,0.0223002649736185,50.78161577355963,0.7199922850767243,227.81440721309843,balanced,12
16300,19.819459916941728,0.9582198934445454,0.0223700568461145,50.83362228124528,0.7193302679174448,227.76749775711883,balanced,12
16400,19.855759166669092,0.959238364012507,0.0223145620605211,50.886239117474936,0.7215013007970259,227.8220445468222,balanced,12
16500,19.97095929770475,0.9599533452839842,0.0221791685743741,50.93879689977473,0.7230398564150845,227.9592400498716,balanced,12
16600,20.055052085816648,0.9621161970273548,0.0220804624891845,50.99012856793124,0.7225973305217892,228.0858255115535,balanced,12
16700,20.269255850087887,0.96387402459787,0.0223130131555835,51.03991769823956,0.7227578098957259,228.1044218220736,balanced,12
16800,20.370891662350687,0.963937175826498,0.0221156036747794,51.089027265443534,0.7207019487802536,228.2325672464837,balanced,12
16900,20.421664631021915,0.9635667637958416,0.0219748777298278,51.13854894193636,0.7235981435175124,228.259160377451,balanced,12
17000,20.57096957195938,0.9644747648598502,0.0222994479266032,51.189099648804415,0.7252503272914581,228.1033612754703,balanced,12
17100,20.67376960446857,0.9657338086485796,0.022164463661161,51.24095320760155,0.7235747440280844,228.1587924970164,balanced,12
17200,20.763304173429947,0.9664203084615424,0.0219932429135929,51.29416541653952,0.7259762931115938,228.28872911048677,balanced,12
17300,20.84980685947628,0.9673467085410536,0.0220535702036327,51.34817430790449,0.7297595440141946,228.35073583138995,balanced,12
17400,20.864812678748624,0.9684876369000476,0.0220038400312405,51.40149918357847,0.7279687077048315,228.42277078560556,balanced,12
17500,20.929762630213958,0.968779661176497,0.0219995273879284,51.45246453747437,0.7248466475010164,228.43706517497964,balanced,12
17600,20.840782348356555,0.9681298242369648,0.022011983289408,51.50088572069996,0.7277417358190417,228.47265984958543,balanced,12
17700,20.766121539268102,0.9672305539817004,0.0219845207880889,51.54905779269942,0.7305027514523783,228.4867267691014,balanced,12
17800,20.793948782882687,0.966900284021867,0.0220726675081121,51.600306074867,0.7288562044806338,228.43042652678992,balanced,12
17900,20.74222887491294,0.9670231477633714,0.0220445863891026,51.65601551403746,0.7260804862283473,228.41870414101288,balanced,12
18000,20.658266418255486,0.9670397760761168,0.0220850717089143,51.71427914914148,0.7301797948955021,228.36677459281532,balanced,12
18100,20.61558409385689,0.9668553647439332,0.0220176772189474,51.7715652924489,0.7321713877457214,228.34302441796072,balanced,12
18200,20.490967836139696,0.9664042695059776,0.0219317612293001,51.82558494558216,0.7289191459772802,228.39302784732732,balanced,12
18300,20.37057860299305,0.9653142669316472,0.022190277280324,51.87704276065773,0.7257685028762767,228.3703037052973,balanced,12
18400,20.15815099057736,0.9635686990172324,0.0220127328301165,51.92928730328079,0.7295986375844267,228.41941610922345,balanced,12
18500,20.11341585520006,0.9622496456460096,0.0218252601045536,51.985796333376726,0.7307764358403128,228.3972807543491,balanced,12
18600,20.121284271308756,0.9621667986833008,0.0222016048698747,52.04683884370249,0.7282733477025822,228.14100234706436,balanced,12
18700,20.16515205703351,0.9622982483098528,0.0222056141723425,52.10841867203005,0.7276679186944436,227.9845044050741,balanced,12
18800,20.244812101480587,0.96283244212045,0.0219592143920469,52.16530539933345,0.7301188511327914,227.9900689692489,balanced,12
18900,20.4092574519874,0.9629673016101302,0.0219800548325708,52.21546032095043,0.7272484110257282,227.9918728198981,balanced,12
19000,20.26340581797214,0.961571218511438,0.0223252550679,52.2612896622551,0.7234993165423689,227.88793886922207,balanced,12
19100,20.135082273022327,0.960514137136076,0.0223992474757168,52.30691737628311,0.7247703449561206,227.83361022515055,balanced,12
19200,20.082834667291436,0.9607068967377832,0.0219467809343688,52.35500311135006,0.7255560816740881,227.9187080762712,balanced,12
19300,20.195324700069406,0.960289174190972,0.0222464914323909,52.40598224984368,0.7238261235270591,227.69285653806872,balanced,12
19400,20.140005122837596,0.9598783785459564,0.0227641974534048,52.45881641208065,0.7246556646160405,227.3996738008044,balanced,12
19500,20.057555240650935,0.9609733285954966,0.022269597200754,52.511279395369385,0.7248244602716029,227.4920925154252,balanced,12
19600,20.11271511757379,0.9612528102783436,0.0221212899015487,52.560393672355225,0.7266958864428754,227.4530173563273,balanced,12
19700,20.226341938251792,0.9598606240550304,0.0225712352532171,52.60459839979414,0.730521547557986,227.2102855542667,balanced,12
19800,20.07227627551185,0.9594889136821368,0.0227759478668466,52.64595390169264,0.7316268733498631,227.12034218271347,balanced,12
19900,19.880494150893163,0.96006064374871,0.0225899849550637,52.6886305078962,0.7266775592336555,227.2028832655041,balanced,12
20000,19.81476734709212,0.959038423050666,0.0222650674781326,52.73410912596498,0.73167254115738,227.2948922161725,balanced,12
